applicant_id,age,employment_type,years_at_job,annual_income,income_stability,existing_loans,monthly_emi,debt_to_income_ratio,credit_card_utilization,savings_balance,investment_value,property_value,avg_account_balance,bounced_checks,credit_inquiries,risk_score,recommended_credit_limit
APP_0000,65,Salaried,1,1453556,0.7734675561410428,1,38875.5204710513,0.3209413642492037,0.6413595899383291,3968860.4092869605,518178.0312426706,6973138.932809987,65978.82422052382,1,3,0.9900000000000001,578690.7236171309
APP_0001,26,Business,7,4771300,0.6678079283846635,3,110049.9172702614,0.2767797051627726,0.7475443653422613,2463168.830129831,7874909.713285777,34750592.45776594,401733.82784945343,1,3,0.5120000000000001,1423933.5897948602
APP_0002,46,Salaried,3,1893530,0.7290149130500392,2,44358.75047102041,0.28111780941006737,0.7457026186195042,4401187.575145863,2206361.160421995,18477145.03311072,168492.85824275002,4,4,0.5599999999999999,563867.945514266
APP_0003,64,Self-Employed,19,1813033,0.7818287344859693,0,45080.91378965263,0.2983789955703131,0.7184546726309535,5372114.32317034,3153901.2566334587,15951704.336094761,161690.715436846,3,10,0.5544000000000001,536390.0341749202
APP_0004,35,Self-Employed,12,1957472,0.7680700697510774,0,46121.18886479094,0.2827393017000965,0.2369109185584776,4546849.228593664,967234.8512844691,8642432.622394038,323681.86486049794,5,8,0.63,354973.89156312647
APP_0005,45,Salaried,8,434638,0.9415137402313642,3,6531.2423046415215,0.18032226279271085,0.26878627486906115,1241879.9810478985,772552.4103826901,1665576.6827903995,53719.73549247118,3,10,0.7,116690.9664213669
APP_0006,41,Salaried,8,1402018,0.9241041434956774,3,43152.579423897776,0.3693468650807431,0.41952040411231784,1469738.1302804402,2797821.8239695104,7831303.316869205,74349.49569630144,0,1,0.9,329506.3011132037
APP_0007,35,Business,14,732909,0.6539069246698,3,15802.391638806586,0.25873430352974114,0.8768627020908946,1943637.4769624593,161727.979759962,5486920.571149148,92991.83310661223,4,4,0.44800000000000006,166614.32319673992
APP_0008,46,Salaried,10,2123537,0.7474473263034008,0,68332.72699867497,0.3861447782563241,0.8006823523025552,2460059.4866620474,2338131.0389472847,5537901.905827822,330730.5813431811,5,4,0.504,574375.4357261994
APP_0009,57,Business,7,1482108,0.6495655410364591,1,32336.34938931346,0.26181370903588774,0.7229011829044466,2706157.550974625,297947.3012875094,5806016.568015738,65362.82946299764,2,4,0.7040000000000002,308619.0088313784
APP_0010,40,Business,3,918513,0.7927630379378512,0,30111.561781026234,0.39339534810320026,0.5261649356236126,748038.1617954378,1274484.0734174747,8745748.392076831,57230.28230852537,4,9,0.504,170939.5024917358
APP_0011,38,Business,25,1887377,0.7851795891276487,3,62683.69184983091,0.39854480699826844,0.6199024461115628,3010838.5551957623,2135824.7286272137,3942801.8256673375,131651.78156765955,2,0,0.7200000000000001,591566.0671053095
APP_0012,39,Business,8,260321,0.528397234403613,0,3659.300519254255,0.16868253514334633,0.8243360104049023,689613.3675736389,85266.38112465547,817939.4398121409,32615.32886131659,1,8,0.6400000000000001,50000.0
APP_0013,61,Business,16,2238408,0.8138477697163014,3,29308.77688967355,0.1571229743085633,0.17754465138305867,3531375.0377697367,2154336.801114195,11646933.778175738,297263.15175471565,5,10,0.616,818582.0183940214
APP_0014,31,Salaried,13,1723138,0.9401777532585096,0,25071.212781301667,0.17459690017608573,0.2521671267526492,2794126.628965218,1653156.113181756,6042883.511419922,125603.78954050003,0,7,0.8,721248.9071175988
APP_0015,60,Salaried,2,361898,0.9906988771854254,1,4520.508124300049,0.1498933331811742,0.4885129003605748,374335.8002139636,333623.8236275112,552878.3058121845,32222.78505977183,3,4,0.77,159006.24363777248
APP_0016,54,Self-Employed,14,4862122,0.7647485247802981,3,59333.70957571292,0.14643904758221926,0.3373662603956514,14206018.787556442,6041305.821099412,28588094.9520666,657181.9701143386,0,0,0.9,1897705.3442133751
APP_0017,57,Business,6,677140,0.8843115613097802,0,20054.7856121913,0.3554027636032365,0.1548170661630339,453617.54756565066,1185858.0579596963,3137853.191376926,107913.21686565487,4,3,0.5544000000000001,162013.25461315195
APP_0018,27,Business,3,3716713,0.762949265789009,2,117823.48081609159,0.3804118773209282,0.26340735953882916,8513054.94121857,2340171.529408458,16955914.617865574,466923.0146226946,2,7,0.5760000000000002,698917.5695663198
APP_0019,29,Salaried,15,719351,0.7219782163298899,1,15092.308180383507,0.25176540821462967,0.20596525629317386,987325.1361013971,232943.3810087001,2300887.1536958674,55598.703940719985,3,8,0.5599999999999999,193931.95329794165
APP_0020,64,Business,17,265624,0.7671452814850335,2,8400.95248881255,0.37952681183082326,0.1828692015345692,715940.9923603636,179572.09267237427,2392585.4327711603,35718.127824887764,1,4,0.7920000000000001,65784.54258279502
APP_0021,38,Business,11,1907898,0.7749988515205322,2,40005.873278175844,0.2516227174293962,0.30089700165591526,5285636.069905803,556033.9937177189,12799248.256070852,277284.6951271348,0,0,0.8,508909.0729253026
APP_0022,33,Business,9,1555447,0.7964923633391723,3,34773.58083566546,0.26827205943242394,0.189499104471468,4452665.119968194,2245809.3212819723,3642061.3706623605,71815.27407445475,2,9,0.6400000000000001,419109.63306411944
APP_0023,52,Salaried,2,1592929,0.8093954545981767,0,49072.486391770355,0.3696773909579424,0.2680612306718032,1790172.3949265846,613323.0937568285,12776957.065432316,242417.51739762345,3,9,0.63,501562.9386535992
APP_0024,40,Salaried,26,1042611,0.9644248613989973,0,13363.510016178006,0.1538081990254621,0.8395898361932365,2560617.417837446,981184.2173246676,7328683.877768665,139239.50945185884,1,4,0.8,219931.81512575469
APP_0025,31,Self-Employed,28,524845,0.8434373005351127,1,6992.328382704978,0.15987184900772558,0.834761520983596,721213.6894457955,880146.950367835,4640630.848817685,36493.58030832077,5,3,0.4032,76052.4511251188
APP_0026,42,Salaried,25,1470735,0.8053438387248256,3,37240.90199516457,0.30385543550807914,0.7749289306176647,1952951.75357079,367214.53143451986,13079754.794237234,109302.91648286946,4,4,0.504,159593.35374850914
APP_0027,63,Self-Employed,12,2831316,0.6745575535482432,0,50859.5498388965,0.2155586300034182,0.5612704347972797,3218657.767975663,4178494.4064316116,2874412.887727714,445545.9719100251,4,10,0.6930000000000001,957058.410219576
APP_0028,37,Self-Employed,14,786982,0.8795497943885258,2,18818.48560409446,0.2869466229839228,0.6307099810124355,638685.7004304386,1432373.5850810825,4378848.542236158,98395.00559903358,2,6,0.9,339185.3299990331
APP_0029,60,Salaried,7,2063479,0.8994788302638315,3,52136.44224316918,0.3031953835818199,0.8222444365860662,4206994.758131096,1530502.5431936209,12239391.393616337,86082.99767174407,2,3,0.7920000000000001,607877.3194093906
APP_0030,62,Business,21,2903222,0.6859952760988057,3,73230.91284658237,0.30268816995703,0.5089391974996696,7212586.182158313,5596534.100914009,22133157.14904916,360066.3305328093,2,8,0.7920000000000001,1070443.7765509188
APP_0031,64,Self-Employed,3,2170220,0.7691182682228668,1,61845.639793349255,0.34196886837287976,0.21788316979661815,1335844.8381981654,4277687.743650933,14109611.016341742,298899.6999939592,3,6,0.6237,750491.2352279198
APP_0032,61,Salaried,23,1910522,0.8483131507031311,1,22969.4742008296,0.14427140352738949,0.6500979304644157,5218876.5912324805,3341107.5338778994,17135828.798250083,265503.7473805737,1,2,1.0,996612.2282542501
APP_0033,58,Self-Employed,2,4875858,0.5996793118639887,0,96273.22608533362,0.23693854764105177,0.7411332813778116,10575464.570132578,9645453.576762596,31005926.55564901,782193.0281430538,3,9,0.5544000000000001,1421877.4413394877
APP_0034,57,Self-Employed,27,4795883,0.6783654448306802,1,129127.80398943258,0.32309663264787547,0.47973954945844266,5505572.352567657,3093495.7372846697,32319229.799513083,658922.5620443512,4,7,0.6237,1348128.4666387914
APP_0035,42,Self-Employed,3,2596861,0.5937974312058542,2,42396.54107217123,0.19591287052562872,0.5321217780147651,2196776.009407264,1600369.251515154,18815681.831650563,337511.5815066737,0,6,0.9,848487.3864162272
APP_0036,59,Self-Employed,14,722322,0.5827337558057641,3,13052.54175698026,0.2168430438000824,0.7158366178517306,2069564.5505671715,169859.45169847537,6447381.202617991,82075.97533606885,3,0,0.5544000000000001,231101.42699533136
APP_0037,44,Self-Employed,28,3715005,0.7152882270440926,1,76302.74875616422,0.24646884326507518,0.31834824941060524,6367908.587928495,3343292.6178216874,26078824.604840163,525429.7157415779,5,2,0.63,1254956.2806830413
APP_0038,33,Business,18,426210,0.8627715450347073,0,4446.231196201653,0.12518423864860007,0.4428902157288759,1136756.7906705008,224660.51110252185,1424141.0029999218,35198.87252215457,3,5,0.44800000000000006,63965.63866014595
APP_0039,49,Self-Employed,25,3736342,0.6009086127129523,0,75066.86295908155,0.24109205086391414,0.6992194088662805,2354695.1141870543,7149323.949092573,11276278.2559869,187728.62910344682,5,0,0.63,1180933.5379267887
APP_0040,40,Salaried,27,385479,0.8864006969758473,1,4428.713379338355,0.1378662924622619,0.6355670756959285,736235.5761820045,228333.1558753766,2812140.518858955,53014.51400703317,1,9,1.0,170728.26267903295
APP_0041,32,Salaried,10,753399,0.8736054197527731,2,17123.441984729612,0.2727390185237243,0.8264209208379557,1083589.2198101887,1427425.2134467633,2098192.101580091,87152.36707097218,5,3,0.44800000000000006,81262.15401860744
APP_0042,44,Business,20,1215483,0.8184908866400848,0,20679.53185671024,0.20416112959253474,0.4427024105877956,1733798.000845379,1350072.7293343146,4948329.229025254,179725.71647904092,3,1,0.5599999999999999,254168.72866867913
APP_0043,48,Business,29,4056573,0.7829234574824309,3,51667.586016093985,0.15284108832581783,0.517397397550784,8624856.458375337,5308602.766476137,37631038.415835254,561822.5740322712,3,6,0.5599999999999999,1204658.3756747632
APP_0044,62,Self-Employed,11,2259362,0.8322924075562415,0,34583.013840466614,0.18367847475774104,0.46064160015501643,5368674.982653071,2769366.3392194663,15846478.750664042,189145.3008222105,3,5,0.6930000000000001,427032.99315993174
APP_0045,38,Self-Employed,26,2367217,0.6361355372657135,2,52618.757576801174,0.26673730837587517,0.5133018013719474,2314288.5343313706,1501859.2618911157,11026149.093983553,262911.8624231889,1,7,0.9,976536.2968617879
APP_0046,56,Self-Employed,26,344646,0.5372213402218686,1,6356.430784858331,0.22132033860337846,0.29464413110140575,744400.9140081407,297855.7600293428,2061416.1604721625,29169.576357864018,5,8,0.6930000000000001,79370.3703629913
APP_0047,54,Self-Employed,10,2308926,0.5922152165194031,1,37455.47130404916,0.19466438320179597,0.6943048509112832,6643227.80502243,3330151.033933549,6289211.393844105,309378.1860259759,2,9,0.9,1227375.4848902228
APP_0048,58,Business,10,1043274,0.8330513453308273,2,14627.131747477471,0.16824494904476645,0.24355323494832268,558538.5592517569,1211703.4520171378,3618910.8762463774,170526.8212439097,4,4,0.616,307811.364333332
APP_0049,33,Business,28,4317788,0.5410350587151043,0,97948.7566349652,0.2722192658878997,0.47551755594440814,6913521.227415219,2296435.4385632505,6314291.956411815,687821.9715036028,3,1,0.44800000000000006,1022983.820165196
APP_0050,50,Self-Employed,3,649705,0.5606908027803825,2,6797.769885572649,0.12555427251886903,0.29855276416809295,1231309.6023906157,616643.6166447154,4135464.328874084,77294.72863032177,4,6,0.63,155623.60810345813
APP_0051,53,Self-Employed,28,3797285,0.6221520977277442,0,89517.59963178542,0.2828892736735391,0.692071444387636,10894317.634606382,2179710.8163373317,11009190.278797153,471699.4407004912,1,3,0.9,921118.348748428
APP_0052,29,Salaried,1,2013446,0.8351511113853107,3,31439.58792822583,0.1873777867093083,0.2851809876448207,4565266.469616551,2950458.6764084124,10240954.0222606,256895.13555555372,2,10,0.8,702154.3965526302
APP_0053,37,Self-Employed,4,4768120,0.5899237801064096,1,148019.70283701166,0.3725234335637819,0.7613049277200478,3235286.678272361,2377675.5855304194,17968690.32365957,645061.7033859931,4,4,0.45360000000000006,812487.6562362738
APP_0054,54,Business,10,3576486,0.8770704962976164,3,68945.01117349327,0.23132765907147945,0.578429329632883,9740764.279085025,5443987.727680938,23009046.463668685,160583.42818979852,1,10,0.8,1528971.929348756
APP_0055,61,Business,1,2460822,0.7304987938410987,1,49452.319421893284,0.24115024697549006,0.621207591546949,6866141.17532881,1296066.875246233,15424350.1722195,297795.77536205563,3,1,0.616,588162.4475242511
APP_0056,51,Self-Employed,11,1077447,0.843093237760141,2,20066.869176414726,0.22349352693633814,0.49637521677147023,2323470.11045201,992128.3450659775,8452030.781137858,49836.02662063931,0,5,0.9,291841.15851040644
APP_0057,32,Self-Employed,28,4516746,0.8299708813074804,0,111901.67300015317,0.2972981159449387,0.534074875485756,6924708.781043881,2428422.048324417,19223335.25997803,615280.4487884871,5,7,0.504,1147317.1343003572
APP_0058,38,Self-Employed,18,1299018,0.8710691043377792,3,39431.040279672554,0.36425398520734176,0.48776943755999846,743263.8134542111,1732942.1008126691,10643924.344536627,169378.33323701107,2,8,0.81,216196.24965609453
APP_0059,51,Salaried,8,775890,0.838434368253635,0,19029.536760760766,0.29431290663512766,0.22317689954266245,2197035.4566806806,562792.4387847309,5701786.465888536,72625.60027251388,3,7,0.7,161574.94436009895
APP_0060,60,Salaried,13,1099477,0.9765604449794685,1,32911.75187795185,0.35920808032857643,0.3209979222576328,2721222.567425593,1041090.7718341323,10344138.590267885,115592.27873993837,0,4,0.9900000000000001,533813.8830595477
APP_0061,62,Business,22,4307400,0.8461042378800971,3,93892.04951004166,0.2615741733111622,0.376099153354406,8097022.705727029,5074867.175738739,21959562.6242169,352727.9697970695,1,3,0.8800000000000001,1625064.729406189
APP_0062,39,Self-Employed,2,2869056,0.7978820606260784,3,51600.8390326692,0.21582362574729472,0.6309510635876278,7321454.719294023,5639051.098135239,15659186.707385078,132820.41725608666,4,9,0.63,601533.9281151907
APP_0063,31,Self-Employed,4,4611997,0.8641766710785868,0,121731.02746894136,0.3167331482711928,0.4279828957970916,9855622.282851823,2203843.660203309,24099600.189428028,750912.0712413414,2,9,0.6480000000000001,1425794.4079234602
APP_0064,30,Self-Employed,28,4676348,0.652003759009062,2,112247.84384555783,0.2880397537023964,0.8099509463274587,8042704.618523481,5489232.068104019,30663445.865122743,332081.2529320399,5,4,0.4032,1129360.7356358669
APP_0065,30,Self-Employed,4,1043115,0.6774714206646824,2,32252.00476214482,0.37102721861514587,0.13679277494177022,2597730.476656701,759452.3897267078,4562136.270248798,62443.87968012225,4,6,0.45360000000000006,201740.5142474195
APP_0066,36,Salaried,6,631217,0.8828475360665611,3,15039.434659093711,0.28591311056122465,0.29266383348505043,1756091.4825183505,288852.40830344346,3250987.9837238137,46340.06011490807,2,10,1.0,128616.12739625973
APP_0067,54,Self-Employed,22,4785197,0.5631902488287148,3,152955.10978122576,0.3835706904803938,0.8901213561747772,5971378.538610818,9243336.939737529,34514772.33995305,472639.37836714013,2,3,0.6480000000000001,1859707.6124427896
APP_0068,55,Salaried,8,1899557,0.8715768077052216,2,62971.51967456114,0.39780761308806933,0.33618460310661546,5593931.728223429,2630532.4980208664,6592077.147771924,213525.01154099792,5,0,0.63,675245.9218062733
APP_0069,56,Self-Employed,25,2130372,0.7428259992657064,2,29417.128440133645,0.16570136167843164,0.25210559142167066,2400006.7931562955,3323463.7938015675,16845356.239231057,270074.828587843,1,10,0.9900000000000001,503783.8009337065
APP_0070,65,Business,2,2791516,0.8154441936040615,0,63709.8721050029,0.27387214161052087,0.6858878143513907,2024779.901323955,2041153.1854820237,21570959.147523727,177600.9250274678,1,8,0.8800000000000001,1352528.9462347995
APP_0071,48,Business,17,2486125,0.8321890478269589,2,77528.70719871925,0.37421468606149366,0.8553502528777589,7255656.84090054,1817990.3635831305,21961365.764517676,353516.369171434,3,1,0.4032,256919.36803247232
APP_0072,39,Business,24,3533729,0.886907898920013,2,37425.38892116903,0.127090862670575,0.41565964826296964,4103176.869056831,1492858.1857141345,15256065.477520373,478089.2114276276,2,9,0.8,996257.7140859601
APP_0073,65,Self-Employed,4,2161440,0.6885907471925754,2,67468.76828484537,0.37457677262294786,0.27709376005919206,1422319.6036132323,3637573.0392768644,19851721.354832247,171705.74135431284,3,1,0.6237,344990.82987292693
APP_0074,27,Self-Employed,16,1174089,0.5388767994487287,1,21191.694881230993,0.21659374934504277,0.39680921238950617,3373688.2925099144,1706739.347864106,6882195.600891337,135119.10487060237,5,2,0.504,327922.37535957445
APP_0075,31,Self-Employed,20,3623524,0.8756212262854621,2,33159.73959858701,0.10981488605651407,0.39642396698754834,5828285.133837544,6924551.8483053,31521222.756238896,195981.90001307963,5,5,0.504,762984.8586382635
APP_0076,47,Salaried,13,1457130,0.7569425686483239,0,46713.552247510226,0.38470323647864135,0.7593528655452572,1062515.2401180603,847744.3442899903,9843548.847394686,237589.8997261567,0,5,0.7200000000000001,312041.2455718888
APP_0077,33,Business,7,775543,0.8319271348868531,1,17831.990728085715,0.2759149250744686,0.7504423848968472,839522.7363584908,1236109.6338856702,6280187.28811348,90090.46482767609,2,2,0.5120000000000001,236265.7563054192
APP_0078,59,Self-Employed,26,1663787,0.5439705391557742,0,19347.204164244187,0.13954096886856926,0.38659382337322634,4111348.843535365,2096263.9059151704,1900094.254326045,124513.83465501863,1,6,0.9900000000000001,676046.3529765075
APP_0079,29,Self-Employed,15,3237003,0.7052951830436767,0,63553.59750652227,0.23560162597262568,0.277239805134628,6596258.185933074,4884758.574386404,29711690.46007681,401484.0282761362,2,7,0.7200000000000001,1065887.2007410233
APP_0080,26,Salaried,16,1984504,0.8278820857839975,0,40861.04588644913,0.2470806562432676,0.8277606632921835,1356858.5485034604,685493.0460505272,12849022.033512305,98980.99851075409,2,9,0.6400000000000001,575640.3946706592
APP_0081,60,Business,11,3395257,0.8978511023443694,2,66805.81952160942,0.23611462527264154,0.5843414332282503,2539469.4156624973,4967950.06989403,29454311.59766766,417722.71202353,4,3,0.616,778088.4446553409
APP_0082,39,Self-Employed,11,4004224,0.6594920737027813,0,64656.37343880633,0.1937645049991399,0.3500188569134942,4553701.60107865,7673961.2814876605,28755891.465295475,404227.02290480904,0,1,0.9,855153.4358751501
APP_0083,31,Business,24,3325988,0.8247077141109569,0,76480.96235692936,0.2759395248218431,0.549269131193658,4403990.446096302,1396969.218964912,13910554.727164602,415197.15651376545,3,0,0.44800000000000006,875190.6162948409
APP_0084,63,Self-Employed,12,1069064,0.731167407355942,1,13044.278184760078,0.14641905275747844,0.48575151696351093,2799009.5956163625,887542.4808125504,6421214.554513966,59896.80243632902,2,9,0.9900000000000001,307418.9762233283
APP_0085,52,Business,25,4870271,0.5105015325814334,2,44110.83761867778,0.1086859543183805,0.31861631097017984,11717987.913867082,9052701.635379551,20256483.67702509,313364.73700851895,1,9,0.8,1803706.2438563951
APP_0086,29,Salaried,24,428585,0.7275273049163336,1,7602.323650877409,0.2128583217110466,0.46291663253841386,382950.6362201683,326130.58377042686,1679815.776212892,68291.84593360909,4,1,0.5599999999999999,132805.05507400187
APP_0087,34,Salaried,25,508719,0.9021906131839339,2,9874.82472970873,0.23293389229909783,0.43921181849039614,1026437.2485734648,481009.4465135313,1495695.2562988792,53776.66254260403,2,6,0.8,99446.79488777126
APP_0088,62,Self-Employed,17,2787209,0.518166945041771,3,91823.13663875543,0.39533369749633596,0.1438255668144648,2818029.430017101,5300110.246902797,22036080.577942584,382368.22409755975,2,5,0.8910000000000001,615868.4459551853
APP_0089,56,Business,14,1673834,0.551674280703686,1,34882.51978130598,0.25007870396686394,0.7666833619359026,4210530.207704482,551923.1501731082,14655888.402275458,78593.95379342,0,7,0.7040000000000002,669867.2646738439
APP_0090,45,Business,14,3592545,0.7837995846275737,3,55940.28510627719,0.18685456167572745,0.42402584565196366,10474062.172556505,1829940.84393571,34231668.44010234,356304.22805176163,5,5,0.5599999999999999,473285.80642723717
APP_0091,31,Salaried,14,1979608,0.8571887629001895,3,59579.16079572749,0.3611573248586235,0.6966438611716823,2086368.550908828,3172147.9381339485,3340419.040125512,239175.74373261136,4,8,0.504,276929.3173561702
APP_0092,47,Self-Employed,24,1438912,0.5945075395786897,1,21198.826989757163,0.17679046660051898,0.23879921795367587,1269371.4345952512,2254018.6450570375,2414752.5663299495,231057.87623987257,5,7,0.63,349534.99670549197
APP_0093,61,Business,15,4935300,0.7571967322686264,2,147760.4400338872,0.35927406244942484,0.6017739255198175,4330200.1577381315,1593683.7087973892,24577165.11706095,392451.2116926963,2,9,0.7920000000000001,869576.8007163932
APP_0094,57,Salaried,10,2236688,0.8355741591102046,0,39257.840764858425,0.21062127984694384,0.3296616260810554,4723138.391256602,4382260.842930107,4054373.962716556,259291.73350460624,3,7,0.77,744238.825053946
APP_0095,27,Self-Employed,30,4995403,0.760734981859444,2,117184.55729661089,0.2815017502210193,0.5010938414982621,14458224.36162304,5050060.682617966,41455357.37963308,731021.3502103376,5,1,0.504,1011654.422502169
APP_0096,36,Salaried,8,2136091,0.9972958067940663,1,37233.73724840869,0.20916938790571385,0.8343494312935684,3136938.0651207305,3405007.2764406665,15187776.797270525,102985.98050654231,5,10,0.5599999999999999,399366.67877967324
APP_0097,46,Salaried,18,1921367,0.785244092163434,1,32024.162045155757,0.200008610818167,0.5661916116691357,1640023.0582953724,1594114.8107536884,18655068.223064773,247811.50217183025,3,2,0.7,589113.3022347739
APP_0098,30,Self-Employed,18,3359815,0.7573973053445278,2,96302.21919415148,0.3439554351444403,0.636093119995778,8642779.478788538,5139826.205073292,24085606.458950844,361065.3215090384,5,10,0.45360000000000006,562912.9842869667
APP_0099,48,Salaried,12,1595478,0.7540788768630533,1,26926.310963644806,0.20251970353946447,0.7129249661342557,1563589.3154909692,3190888.859071592,3820382.5317509375,125469.47384546409,0,8,0.8,648848.8502705535
APP_0100,58,Salaried,22,1712492,0.9629178317628225,1,39840.260475757554,0.27917393232148857,0.22340220905689723,1630489.180021639,2478185.110977503,11341259.665975122,264577.72697716,5,7,0.77,286769.23146646615
APP_0101,48,Business,24,2192547,0.8878354413634499,2,59512.54979729234,0.32571734953344583,0.7270402875478742,2378929.6339845047,1382408.1080343097,21246591.090808857,306327.2019636703,1,5,0.5760000000000001,595236.8089442289
APP_0102,61,Self-Employed,15,2563672,0.8112496148999704,3,83293.79855497829,0.38988044596178434,0.7535129916649921,6417250.594247616,1151389.6064069257,8332008.101147316,312291.2594297076,2,8,0.7128000000000001,1048402.840873605
APP_0103,58,Salaried,10,651797,0.9289350490875072,2,12753.26466371663,0.23479576611214775,0.5106821903428355,1680082.895170534,237960.93321355857,5992976.575921978,93698.79984043929,2,0,1.0,238530.8234088441
APP_0104,50,Business,12,2177849,0.654466447217838,0,38561.32143892196,0.21247380202533026,0.12255003642252005,6156920.164584451,3725248.429837566,14917495.036964592,306182.14957832324,1,0,0.8,548385.4427389771
APP_0105,55,Business,27,1364277,0.8035364619062428,3,26669.39182800194,0.234580442194674,0.10420095864449436,952353.2438797645,901327.4327693509,11616365.56979702,150435.00119517243,5,9,0.5599999999999999,314084.9659890034
APP_0106,32,Self-Employed,8,2726239,0.548739338063447,1,51332.27759775441,0.22594766312603293,0.7351192869115505,4478621.922763338,1089253.0116755995,24935059.66378253,316949.94808612706,0,10,0.5760000000000001,637783.3532967232
APP_0107,40,Business,5,2643366,0.6716955572413335,2,37925.53324192745,0.17216927164196308,0.43325407616683187,5712124.276001419,936029.4319299448,25830682.888173696,132502.9026350331,4,8,0.5599999999999999,596452.8156154006
APP_0108,57,Business,1,3475363,0.849332575411007,0,84191.02705460317,0.2907012374405891,0.8848315380412483,3941498.3306507063,796678.3682602741,28138902.604035027,294596.020047642,5,10,0.49280000000000007,772927.7251706418
APP_0109,62,Business,25,2989368,0.5533638359437456,2,65717.30043710067,0.2638041235623075,0.7508070924448705,2803198.583890779,4790332.68548577,15489727.457139026,384403.7971826212,5,2,0.49280000000000007,772818.6587355777
APP_0110,29,Business,25,4039294,0.5147935160799103,1,38084.44399413939,0.11314188269773695,0.2595758669721507,2442823.049509351,7594146.438357968,22775366.55796745,667723.5912477314,4,7,0.44800000000000006,545279.7543245413
APP_0111,37,Self-Employed,12,601009,0.846319310831223,2,9113.549313930658,0.18196498183416207,0.7394739292145918,957033.7845513372,552951.8361631283,2979580.0703931567,96898.58138172669,2,2,0.7200000000000001,172433.4062336034
APP_0112,56,Self-Employed,30,4556001,0.606688278320873,0,120781.25601965933,0.31812439730279074,0.1631416048443743,9139945.079809535,7655058.045465006,26922638.09798907,372763.32351963985,0,5,0.8910000000000001,1885052.7513157206
APP_0113,44,Self-Employed,20,3774520,0.5666579088263655,3,64627.36136300983,0.20546409513159766,0.13388413028010362,10097191.794984633,3150239.9023020305,37682374.54875696,286811.0038803856,0,1,0.9,1591436.5244304936
APP_0114,50,Self-Employed,17,1542065,0.8811157585118432,1,45568.122653659484,0.35460079299116043,0.642471097596359,2460259.9432280525,658791.8243661803,4817346.946771194,188613.09457277006,2,6,0.81,724195.8906094792
APP_0115,27,Business,5,3974224,0.8795294117062227,2,77226.38777294892,0.23318178675268103,0.16150834306431872,3355190.005536798,3419859.126929891,15219167.495117744,304039.61138955434,0,0,0.6400000000000001,1257177.2627813811
APP_0116,56,Business,13,4911652,0.5471043981962701,2,127380.15142057407,0.3112113433620478,0.2716563403389758,9969145.471188527,7117794.926352735,49055908.208358936,327552.96027738135,1,1,0.7920000000000001,1481389.2273536695
APP_0117,53,Salaried,26,1640448,0.9003519371466904,0,36226.44301501437,0.26499914424606713,0.3322898262222509,2050382.332250252,793172.1082258051,12116470.519471465,211936.15975150626,1,5,1.0,661924.5378638764
APP_0118,32,Salaried,26,882491,0.7710208552860611,3,7933.977094217997,0.10788520804247971,0.5432171498076761,1255147.4583858442,1453101.8328894537,5263902.089309002,104275.3236430016,0,1,0.8,228541.36787277125
APP_0119,55,Business,14,3634577,0.8293357598033563,0,41675.88767374853,0.1375980346777582,0.35362213636838546,2491184.687608818,3774507.339722397,20558040.197121724,209745.96139805586,4,10,0.5599999999999999,885615.7949266216
APP_0120,33,Self-Employed,17,664836,0.8325563225870165,1,10595.123613548642,0.19123736284224035,0.22957356764471976,1886036.4108994443,402788.57197636564,6334124.088695809,70824.24167195984,2,1,0.7200000000000001,143720.47618627863
APP_0121,65,Business,9,1250004,0.7500089445794362,0,26122.161030478936,0.25077194342237885,0.23490872139816546,3567533.2531592404,596939.0106777387,8660772.539950678,164682.73038470812,4,5,0.616,413500.56446449587
APP_0122,61,Salaried,27,419007,0.7243668564680109,2,10312.42546190772,0.29533899324568,0.7135672007330489,645885.4461559644,565736.608452952,2297139.901171082,50306.88880787118,2,10,0.8800000000000001,214842.00945225405
APP_0123,55,Salaried,26,2003275,0.7892301614289227,0,51181.017153163244,0.30658407150189515,0.22646435761216577,3083149.1341177034,2075384.654511292,8136768.406284161,119445.77882777003,5,5,0.63,623055.2614791318
APP_0124,47,Self-Employed,5,3308316,0.7059920536328889,0,53962.7048210437,0.1957347659209472,0.4731780536325092,3866360.0503589073,2138012.4103704896,6190867.852373215,257860.6274292506,3,9,0.63,765444.9251057277
APP_0125,35,Self-Employed,30,2823242,0.5759336404893439,1,58695.1218040742,0.24947966261797266,0.5117798713851877,4931919.391640024,2132600.40574536,3412132.686760346,451212.7023615885,4,7,0.63,1043484.4466459863
APP_0126,38,Business,12,608174,0.5202161618511567,3,14153.001192675394,0.2792556313030559,0.77427971753037,1326610.864186121,434447.32504211704,652933.5711610158,33512.69980713017,1,4,0.6400000000000001,191113.85316493694
APP_0127,50,Self-Employed,2,3560322,0.5204630749532033,1,61936.88437543769,0.2087571327832854,0.3308813576312766,5218976.553124138,3598196.2965428187,21179336.63398354,515643.50527213083,4,10,0.63,996829.1772976976
APP_0128,33,Salaried,13,1865307,0.9384691685142837,2,41557.41581879675,0.26734955148163864,0.3924850985703777,1605410.7882559719,2395862.4480772438,8603698.242087599,87107.09477997445,0,2,0.8,724390.8371496275
APP_0129,55,Business,15,1449404,0.7425042089615217,1,23962.24195236096,0.1983897542909579,0.5904544968517424,1313529.7882555488,2874325.14247132,11093555.946435416,114605.76495807266,2,8,0.8,616072.9437325326
APP_0130,59,Self-Employed,23,4922150,0.6199162258949655,0,86345.72651243662,0.2105073429597309,0.6390451139784132,14519087.73542128,6155955.095501807,40217870.36647646,651358.9049348477,5,10,0.6930000000000001,718567.9006428103
APP_0131,55,Self-Employed,21,2108770,0.7885600449185227,3,26562.351344570907,0.1511536185239978,0.6032201929162909,4321585.686416331,3614644.39657683,4913394.8235324165,267302.47347616917,0,9,0.9,1099415.3824781321
APP_0132,32,Salaried,1,2149849,0.7941077450337566,1,40110.455310073674,0.22388803293667792,0.2631133461617077,3772014.9004210685,2796223.6920444616,11274773.814030299,317562.34591603064,5,0,0.5599999999999999,580660.5676628378
APP_0133,58,Salaried,18,1663356,0.9994368605216446,3,35712.68931610394,0.2576431454200107,0.3510020789902537,1551838.059544073,3063608.1524722525,6788061.289408844,142969.67353553514,5,10,0.77,585732.855812321
APP_0134,41,Business,16,1812828,0.8829349584773754,2,40399.777675247125,0.26742599524222127,0.2798936303942534,5315713.06798439,1333708.8308552513,6528061.131608616,122504.37378634348,5,7,0.5599999999999999,331778.57209510787
APP_0135,47,Business,30,2493928,0.6151157501991811,3,76631.78574153567,0.3687281384620679,0.4156259645126906,3398816.5754096685,3969125.795552572,5781636.116105913,117027.51533838737,5,1,0.504,425531.16466186085
APP_0136,53,Business,9,4218808,0.585594723230803,2,133562.95423424555,0.3799071801349923,0.6569370405174582,3557224.5997444307,5519123.356767443,26500334.81813089,303644.1556803698,5,8,0.504,617192.2202959808
APP_0137,39,Salaried,4,2033511,0.7990880870462016,3,22057.404246467242,0.1301634714332044,0.7166128464786233,1043096.8206620235,2421168.5935039334,19037520.777499184,188160.97233781932,3,7,0.5599999999999999,524077.81123083207
APP_0138,43,Self-Employed,10,696291,0.8631747834942489,0,17157.168382555785,0.2956896191257239,0.2857761593768136,1633997.4431923763,1205000.914132509,930024.9006325431,109213.6102210358,3,2,0.63,251603.70692741062
APP_0139,27,Self-Employed,26,4355581,0.5745246527689956,2,131764.65543491126,0.363022950375377,0.10741373478407984,8362300.309698929,1712358.5300361754,42889166.52974389,336411.457454725,5,8,0.45360000000000006,809494.9860714573
APP_0140,33,Business,15,2488723,0.5771245593095239,0,41313.88627132063,0.1992052290495357,0.6848953870470194,5277868.082521199,3716849.84366778,2804187.954149552,208569.14595142595,2,9,0.6400000000000001,748226.3367890607
APP_0141,37,Salaried,20,2000749,0.9480969475828929,2,21011.420990491544,0.1260213309545068,0.6354046827279634,1924626.508035661,906542.1252142047,7827760.460389533,145399.53599166128,2,6,1.0,588637.3644085665
APP_0142,42,Self-Employed,10,295929,0.6046212603261572,2,7591.332904880269,0.3078305771268217,0.1496994654404289,235429.9024644545,222613.00916902057,1375699.7957321235,30919.17256663817,5,4,0.567,79888.35884129225
APP_0143,65,Self-Employed,12,2052617,0.5876514403741375,1,41643.24907888708,0.24345456992056722,0.46398293821653624,6100572.5270791575,1790959.0641124588,15019956.220426451,319728.50963795837,4,10,0.6930000000000001,754249.0858085152
APP_0144,40,Business,25,886777,0.7102026624880671,2,9121.300774276848,0.12343081664423207,0.5513349778187798,580302.5403454334,1051512.3640834407,4921065.656265615,100431.37573751206,1,2,0.8,234993.81582211857
APP_0145,58,Self-Employed,4,1923032,0.7867671864722601,3,20397.358976997126,0.12728249333550637,0.5083002832262676,4849367.885241222,1954143.0815427878,10805960.237669652,189931.09412647836,0,8,0.9900000000000001,732870.9741045268
APP_0146,44,Business,1,3521458,0.601782887627045,0,95003.46239593235,0.32374134484954475,0.5626490120472284,2159444.345335836,2888130.6800950905,5542208.673277531,584323.0063136334,0,7,0.7200000000000001,539274.8204476387
APP_0147,51,Salaried,25,868029,0.9297483048771136,3,15359.648462017873,0.21233827619148032,0.8130668841748214,1407372.596820146,1606554.2692145344,3817129.009857587,44875.29010650957,5,8,0.5599999999999999,123077.5859272396
APP_0148,47,Salaried,6,1948607,0.8586527618632027,1,56906.87257289019,0.3504464835006147,0.7049435318871458,5741037.984258372,2013704.157211822,14559690.98027574,184499.31428767263,3,3,0.504,293652.0096678457
APP_0149,47,Salaried,9,1090544,0.9812231083405201,0,9966.226653446427,0.10966519447299432,0.6281581486418283,2221774.03520609,2055924.3835976766,9816392.311016155,78246.4812183477,0,1,1.0,477197.6905474913
APP_0150,53,Business,22,608326,0.597893660487357,0,11187.09512826822,0.2206796052432719,0.28747142279004934,634589.2738761759,1067438.4144845083,917353.3664526121,63663.53494202204,2,3,0.8,256136.63693817647
APP_0151,61,Self-Employed,19,2889933,0.5947616139106883,1,95297.62822232615,0.3957086682175378,0.5170008434119387,4432869.720243577,2009304.1109229522,17369835.550891932,334148.6676980277,5,2,0.6237,811819.0783082058
APP_0152,52,Business,16,593292,0.8889160941374743,3,16599.389508961838,0.33574137879415544,0.3549875658530498,914151.1860296893,278011.70336725266,2603449.3634379604,80669.12939532523,3,3,0.504,161391.52116509664
APP_0153,44,Business,5,4084136,0.8658964695263622,3,132848.72699031833,0.39033585656398806,0.5458294065594185,3411200.5798485465,2602188.1752425013,11558229.844516626,500326.6645480354,3,5,0.504,487812.23304291855
APP_0154,37,Salaried,9,1881957,0.9021015761903736,0,56785.87842993997,0.3620861375468619,0.2505306351462043,4524678.262147688,2829991.769297576,11347550.091969749,191189.78532842293,2,4,0.9,987137.4734861387
APP_0155,25,Salaried,30,1097017,0.9886232668343378,0,29625.288569992434,0.32406376823687255,0.7034645943577341,3056402.6201621634,1593008.3499173997,8045431.893350373,100098.05570660993,1,8,0.5760000000000001,207665.42564478194
APP_0156,43,Self-Employed,15,4676581,0.759488535998045,2,69551.86175731882,0.17846848821560576,0.5102532320190188,8152184.351618725,1765385.0879289038,45979518.25214218,469308.7900807514,2,3,0.9,1465891.9531818898
APP_0157,51,Salaried,19,1228090,0.9223757136149466,0,18240.435249310558,0.1782322329729309,0.8478066002370829,2392144.0900931777,1168700.2214342717,2912664.358597401,101808.4490487354,3,9,0.5599999999999999,366797.6294117617
APP_0158,56,Business,21,3031694,0.6029307030539531,3,98518.04953599827,0.3899524801751032,0.6133555635189658,5234186.210341657,1524398.08305294,24722796.473115437,190465.8133359018,5,8,0.5544000000000001,664453.4253584066
APP_0159,59,Business,2,4595164,0.5135295028658762,0,146875.39287879245,0.38355643336026946,0.6345724347145223,11078237.844459435,4330050.609783425,39439844.360314324,324399.465625687,5,2,0.5544000000000001,518827.14923460415
APP_0160,57,Self-Employed,12,707092,0.7471340943507212,3,17546.800431990738,0.2977853025969589,0.11258541349537579,1294353.9761315647,664955.903214445,813534.3264457491,93294.25365663845,4,4,0.6930000000000001,101363.00151254384
APP_0161,52,Salaried,4,703969,0.8573156203677449,1,9244.263789041557,0.15757961709748397,0.521164788320173,1786698.648540097,479532.7895963264,3218593.9988459037,62159.13543658478,3,7,0.7,209923.9859852
APP_0162,39,Self-Employed,22,876263,0.7614942878236612,0,9350.467501343546,0.12805015162813282,0.40341121779185274,1648911.0537665235,263761.2008307368,950790.5297638382,55283.09405507344,3,6,0.63,252816.44334583488
APP_0163,46,Business,28,999953,0.8579164848570799,0,14076.83411855799,0.168929949130305,0.8210183672196679,2230614.437322475,1220154.1146442972,3439693.801168322,157179.18722371283,5,4,0.44800000000000006,250744.86227256132
APP_0164,61,Business,2,1704534,0.8715065445018637,2,14871.693890747229,0.1046974285575804,0.2657264923276669,1466715.5468023513,2858918.290222578,14297838.275948552,268934.61467622087,2,2,0.8800000000000001,638370.6298947982
APP_0165,61,Self-Employed,22,4734566,0.6326919358487314,1,133021.35060203436,0.33714942557024496,0.65144843294718,3295585.6983870715,7299857.120909722,19472017.587981038,255086.05927191352,1,1,0.8910000000000001,1418415.630816449
APP_0166,64,Business,13,2937845,0.5118502635780661,2,82030.61622574307,0.3350644416941387,0.4604401558077541,3144510.5698531517,3512099.4071028773,12864361.907348566,190618.83356765512,4,10,0.5544000000000001,573364.2989512028
APP_0167,64,Self-Employed,26,2267370,0.7852434130713544,0,34084.54359223805,0.18039160926838435,0.4039999944667646,5577108.271010217,1083119.0282042322,10218124.605206255,196703.85952737214,0,0,0.9900000000000001,1295602.9933451049
APP_0168,53,Self-Employed,25,2462964,0.5408925656452983,0,32063.180418123866,0.15621753505836317,0.4590749416171612,4647243.627149048,2301589.404551036,3045103.117405859,211583.26860212852,0,9,0.9,973599.2439806066
APP_0169,45,Self-Employed,1,2648193,0.665524027907251,0,70056.43484665066,0.31745315321043743,0.5476292366099809,7896449.417169296,1686730.877804266,15068061.33572564,337197.50153230026,1,2,0.81,659743.6446392447
APP_0170,42,Self-Employed,5,730723,0.566882960303653,2,13782.087458973292,0.22633070193175733,0.4873850511471428,505882.01990688354,477205.6174933769,2352424.310614543,87537.60309511043,4,9,0.63,128079.77755335302
APP_0171,31,Salaried,10,328384,0.9846470387183696,2,9645.842592965042,0.3524840160165553,0.4039119649176386,872022.3250418645,325888.6949258598,1601051.2938956458,47487.141203928266,5,9,0.504,50000.0
APP_0172,45,Business,23,1884864,0.6916038969581821,1,61159.49955962365,0.3893723869284382,0.8749801773973565,2315782.321949464,2734794.3800499435,10214202.070263535,214217.7657850937,1,5,0.5760000000000001,380446.8713533213
APP_0173,50,Self-Employed,4,4929920,0.5799200194842429,1,125102.38527468372,0.30451378993902634,0.5400793255979782,14210551.235646302,5082353.131821272,36359656.03995463,475606.8143766552,2,1,0.81,2106775.893497359
APP_0174,51,Business,16,1367519,0.7533344158614654,1,20034.666794048706,0.1758045054793275,0.22331458756468525,2130348.2951337816,1201479.5916873089,6894484.457069212,159190.69672308574,4,6,0.5599999999999999,316851.824603892
APP_0175,51,Business,2,3215951,0.7806537148222372,0,35592.759478761414,0.1328108275732861,0.2985847750759223,6952032.9280590555,1606075.7988448022,20949030.013601154,360409.0660765228,5,10,0.5599999999999999,826083.1592271219
APP_0176,46,Self-Employed,4,288481,0.539442623432691,1,6087.018146905971,0.25320287215751347,0.5150382134794796,562911.7460276505,356396.2692712114,1445868.780850183,26124.388680948505,5,9,0.63,86541.47318679055
APP_0177,34,Self-Employed,1,4249777,0.5418197432024247,3,133217.8529020717,0.3761642634013174,0.16868383953612645,10957176.077870673,6435315.3486240655,17572648.85569122,359318.6528811145,1,8,0.6480000000000001,1082734.4655599634
APP_0178,55,Salaried,15,2197701,0.7956728422653101,2,20769.17473869015,0.11340491580259635,0.6686231918042019,1222938.825667488,1796709.1471621443,4360819.276089713,311354.74517651566,5,3,0.7,625198.2279739449
APP_0179,60,Salaried,11,2088322,0.9875387865201849,1,59051.95741691182,0.33932673649127953,0.603808255102943,2017250.7914555687,2888471.428963826,9523252.44751532,279501.4610000827,1,7,0.9900000000000001,903225.2660930827
APP_0180,49,Salaried,23,1200920,0.7617353438101966,0,27341.382824541895,0.2732043715605558,0.7396018855093678,2212361.8764362447,1030902.696787739,3330953.946591713,67144.68376073871,5,7,0.5599999999999999,276461.5887871928
APP_0181,65,Self-Employed,20,3460142,0.7445233684556007,0,58931.23293740882,0.20437739123102633,0.7764142421356474,7070477.34001124,5760198.239034885,25445521.812983107,272822.75398661895,4,9,0.5544000000000001,448692.51789668744
APP_0182,33,Self-Employed,4,2201293,0.6221520010141995,1,38888.00935511434,0.21199182128929323,0.21308683461442507,3238450.1887229946,2803492.9585254886,13589141.70645761,208124.58037995265,3,10,0.504,460368.86623897747
APP_0183,36,Business,6,4307415,0.6155339096197383,1,69770.79184625852,0.1943740043982533,0.4608007765973209,2731022.3920625146,3645238.2884373665,4678933.661938239,252989.58474474432,3,8,0.5599999999999999,970107.8929378334
APP_0184,56,Self-Employed,22,4324895,0.6662521741096448,3,88880.14355892634,0.2466098535819057,0.1661365006291735,2496120.778829758,6789660.935675222,15694218.704608122,328792.7098304103,4,4,0.6930000000000001,801089.6120684367
APP_0185,54,Business,24,4354989,0.7198904738152205,0,98645.66012692894,0.2718142161835879,0.3143111275143207,8090548.12211802,8638593.267531086,25600325.582220964,593432.3451457986,5,7,0.5599999999999999,1020735.9683423018
APP_0186,52,Salaried,24,1338222,0.7893126805308681,0,26197.89288218005,0.23491970284912414,0.3788615814578511,3401521.4015792264,1325275.8076418112,13309446.362018056,185505.16722084358,1,3,1.0,701604.4844537077
APP_0187,62,Business,12,3791725,0.5663926470761037,1,105996.02707953875,0.33545479299117553,0.750823892396347,9530884.636811048,4649162.261100317,21956086.657683913,440878.5677930143,1,5,0.6336000000000002,1421281.8558353286
APP_0188,43,Self-Employed,19,2442636,0.8809589381754901,0,28635.158601042163,0.14067667192840275,0.7000753091912928,3734767.380061431,749192.1133129824,8539240.064988721,302040.98236352723,5,2,0.504,369167.62569902407
APP_0189,45,Salaried,25,1947106,0.8468376177746912,2,46786.336088724966,0.28834384623369225,0.40013786227698167,1341148.4722552078,3174323.170456629,15420997.962380847,179178.56139174363,5,4,0.7,651340.0819533429
APP_0190,48,Self-Employed,16,2945501,0.7327822178675922,0,78369.86048666798,0.31927958124611594,0.46675940534377414,6363341.221010033,2488361.933493893,4624366.392088374,319497.6826180879,1,6,0.81,1264358.1829908947
APP_0191,56,Self-Employed,11,2578951,0.635102062068315,1,57992.57741063009,0.26984263327514213,0.4882703232068041,3505694.595409495,3684272.5502299992,3702557.012108473,139556.0891966093,3,0,0.6930000000000001,446257.9314584388
APP_0192,35,Self-Employed,15,205670,0.8967352955282681,3,2754.186304410497,0.16069546191921993,0.6508735055292083,170661.41170567516,281766.8631791057,499942.0531625589,32548.79164406344,2,1,0.9,85487.07839112483
APP_0193,41,Salaried,12,994262,0.7155361825145965,2,26331.082722687966,0.31779650904113366,0.7041857256540289,1564051.034043231,362068.99530515674,1845999.6263168943,67952.1541124453,0,2,0.7200000000000001,313172.3415997989
APP_0194,58,Business,15,277904,0.5032250276076707,2,7992.8133420495,0.34513270807398955,0.8905239275714176,432358.8286295606,121698.40574060865,455055.2244562152,24886.416411458325,5,1,0.4435200000000001,50000.0
APP_0195,48,Self-Employed,5,3410496,0.8093841934602497,1,83123.1222053145,0.2924728445550952,0.6417096623352353,2288541.7845233143,4140083.58081088,22143917.91839759,212068.85457435,2,3,0.9,1385032.485038938
APP_0196,34,Self-Employed,20,3910984,0.84398500984086,0,120255.5499530733,0.3689778836826946,0.21201051326063658,3159656.816619868,5921294.18213442,16284636.384713564,372874.22889580333,1,3,0.6480000000000001,787633.1329956198
APP_0197,30,Salaried,18,1495044,0.933690895753978,0,44149.600084758364,0.3543676313319878,0.6267242960681151,1874969.5656714733,1692312.7086332878,8350871.89800964,202050.89354839642,2,10,0.7200000000000001,238782.3125499556
APP_0198,40,Self-Employed,13,1145762,0.5964327022420839,0,24680.281613807776,0.2584859502808553,0.8821575582746685,3399712.2614886947,2155251.562559895,2506750.7245465596,171026.0801806553,4,6,0.504,199897.83359436507
APP_0199,36,Self-Employed,25,812299,0.5066757607083425,0,7049.267981414033,0.10413802771758725,0.27259435081378736,2279675.0845528618,1549561.063112274,3721771.4253419535,62935.01085791458,5,8,0.63,259376.59098055333
APP_0200,52,Business,13,891454,0.7562149153249407,1,13612.526405621249,0.18324032072036806,0.34792550849331355,1585238.546285416,504344.99380162667,7374589.522794515,96914.81231454156,3,9,0.5599999999999999,226502.33625153117
APP_0201,29,Self-Employed,23,3869898,0.7919833509726166,1,37851.40242408061,0.11737178320693913,0.16897023871319145,6138466.92644814,3932084.6143716504,25074971.738060597,310860.8749505039,5,10,0.504,967926.0750509722
APP_0202,32,Salaried,23,875507,0.9104498833671598,1,18161.216599520798,0.2489238797568147,0.37736410214308114,1569834.04780641,1471300.3443048927,2918259.765905031,77176.24456229058,5,4,0.5599999999999999,241795.44621798757
APP_0203,32,Salaried,11,2100717,0.7815941785064061,0,31315.545040881174,0.1788848952479435,0.8800404702225427,4346030.7253212575,2296221.538627294,11757790.596618803,102087.6103264449,4,2,0.44800000000000006,326639.7506419763
APP_0204,41,Salaried,29,783744,0.7685213269459753,0,7394.0611397445855,0.11321137217884286,0.790342795922089,871036.3297709104,822285.5996892267,3485164.7864274257,47359.49477824899,0,8,0.8,326818.86202182056
APP_0205,51,Salaried,11,1341291,0.8248769795503946,2,20273.321443923625,0.181377387402945,0.1623096559735296,1920756.0969299818,1480347.5961960335,12229179.224241324,85956.24536513639,4,0,0.7,546096.2143033611
APP_0206,29,Self-Employed,28,2568161,0.8094109918023542,2,42415.37822769345,0.1981902765178357,0.5424731162592541,1335245.8018312214,1441272.694221214,15599679.349896064,204567.71214119674,4,3,0.504,499064.61701535375
APP_0207,62,Self-Employed,25,1839322,0.7929853346957066,1,22251.1845657348,0.14516991303796592,0.8459180260302789,1029607.6496057407,2160801.2004681625,12366638.345230388,236075.6313098738,0,5,0.7920000000000001,292200.53174040327
APP_0208,49,Business,24,2779586,0.5415796077406239,1,52336.07259189969,0.22594475260085362,0.8689480487101976,8148073.091164149,1268248.0232444874,9779771.64818403,131069.15382643112,1,8,0.6400000000000001,649707.4965033308
APP_0209,48,Self-Employed,24,912213,0.7323082509505063,1,22133.685678241556,0.29116470400980765,0.41548103138703396,1805944.024900687,284710.02800423687,6350822.667297885,52913.09976230492,2,4,0.9,443635.5759474792
APP_0210,50,Business,27,2936796,0.6272230877064402,2,41625.012898662266,0.17008336799149384,0.8548437488240757,2467729.815273087,4658533.524297114,5817074.839556765,161153.4072338229,3,7,0.44800000000000006,428404.42686961504
APP_0211,32,Business,12,1941778,0.6807668307671181,3,29046.147391048045,0.1795023780744125,0.19593084508431488,1736024.1791188098,2786254.761502578,16383713.411206694,250055.20873343214,0,3,0.6400000000000001,664081.7385277313
APP_0212,45,Salaried,3,1341105,0.9905200012529107,3,28390.958448719783,0.2540379026136189,0.6417467015912575,1542829.9663809922,2659703.4642218635,1716264.157325093,123670.92960617978,3,8,0.7,468665.18886427407
APP_0213,40,Salaried,15,727430,0.941169026033155,1,8270.63520794942,0.13643597665121462,0.14933534759504985,1783949.3201264532,436544.30144991825,2024581.2240322884,66733.98655950249,5,10,0.7,292805.83026263193
APP_0214,30,Business,19,2371144,0.866971432604632,0,21051.817645822463,0.10654005482158382,0.15157762883752782,6535442.424249022,2366819.9412663714,5119593.777894579,367056.4415415513,2,1,0.6400000000000001,329423.64693334035
APP_0215,54,Salaried,6,2116789,0.9465056204596851,3,43894.78052158122,0.2488379173639766,0.4061835508538062,3316288.752262477,1771959.5309888257,19420984.35530182,160959.33965054873,3,2,0.7,316887.2171771518
APP_0216,64,Business,8,2675521,0.6995566439985996,3,26374.777820590043,0.11829372067985283,0.32382078995117713,2255705.114482998,1495680.5906307066,23977678.463764608,287333.3610354836,5,8,0.616,853625.2816539531
APP_0217,49,Business,12,4223884,0.7178071224136207,3,71528.03868419687,0.20321023593696286,0.5525208920383051,5507991.395852786,2900896.931464482,5214666.572963749,491263.9427365423,0,4,0.8,755015.8592358595
APP_0218,55,Business,12,2152550,0.8895919446934009,0,31276.034206443815,0.1743571162004719,0.292922236123842,3948258.6806337275,3496229.7896346776,16431579.190966975,295271.48743184935,1,9,0.8,927494.2503938312
APP_0219,49,Self-Employed,30,1657202,0.570440147031996,2,47211.346613817404,0.34186306760781654,0.658101250879664,4615224.727004538,415579.57077697746,12105938.879920194,265337.1121927707,4,2,0.567,399573.1056597511
APP_0220,37,Self-Employed,18,2792525,0.5702227070642603,0,29572.191198930857,0.12707721305527087,0.2860986864665913,2923836.0997431795,3204722.1465506265,2809703.1266533146,436761.21415683994,1,2,0.9,845222.6340327848
APP_0221,36,Self-Employed,2,383818,0.5590848075944459,1,10628.878354434666,0.3323099496459676,0.7771847100633077,1017760.0833205895,740387.1291440135,1674335.7942703613,61183.302160026265,3,9,0.45360000000000006,50000.0
APP_0222,44,Self-Employed,5,1521238,0.7929408101698563,3,42791.50680947721,0.33755275749996155,0.8685296802949906,3229513.222372464,781254.3009662894,14784434.555188678,195268.7208138856,4,5,0.45360000000000006,199623.17886927418
APP_0223,62,Salaried,13,1586909,0.9201984920095617,2,18276.498319543196,0.13820450941706067,0.6830647647487992,4557555.454204248,3027277.566668649,7179831.464237048,263350.8143851096,4,0,0.77,333379.7166249404
APP_0224,45,Business,8,4944179,0.5416440932055944,3,58585.64134890219,0.14219301044457053,0.696274662481586,5413825.6380230505,9731545.347970046,12414767.962406876,753155.1839721979,0,10,0.8,1802216.8282825144
APP_0225,46,Self-Employed,1,2424763,0.5838737137601997,0,41452.20217247388,0.2051443485691948,0.7296160048725283,5579462.032180732,695095.7133003055,11987982.860873602,228226.74453651806,1,6,0.7200000000000001,693500.6804375887
APP_0226,49,Self-Employed,18,3348643,0.5405714238548487,3,93934.73770565412,0.33661899834286585,0.5624443927465055,8022038.83608525,2029441.438525018,16949447.114215087,474053.9526989173,0,4,0.81,564263.9977346307
APP_0227,41,Salaried,3,1733647,0.7510315609453572,3,21420.848205571514,0.14827134847339635,0.16000193683532624,4948843.343593542,3398771.153687335,7006630.1487671295,285750.41106434073,3,0,0.7,452084.05319615133
APP_0228,35,Business,29,3842336,0.5628415109323136,0,63823.88221634464,0.19932837383199586,0.8795187365411773,5852644.905622183,4600822.26412518,35849618.88597978,419515.25713055744,5,4,0.44800000000000006,549047.5137298277
APP_0229,31,Salaried,13,2359186,0.7460769803550202,2,19884.924444438268,0.10114467165084026,0.1701026874455776,6038910.480770738,3126307.688091735,12557842.276006952,126900.68300689009,1,2,0.8,859265.10983024
APP_0230,30,Self-Employed,28,1168959,0.6233413600470917,3,23504.193919387482,0.24128333588487685,0.815901986724377,1358927.6876255434,1584359.6724020808,5245988.800666466,102920.09771216441,3,5,0.4032,129441.28108472622
APP_0231,27,Self-Employed,15,4101188,0.6053603238649437,2,92028.60005156622,0.26927397637435657,0.2209045395388313,9191489.766951844,1534109.732054073,28762741.082253467,585195.1787562645,3,9,0.504,601507.1856564237
APP_0232,28,Self-Employed,27,4583737,0.6674528299737802,3,103827.1004432101,0.2718142871893656,0.28851361558593674,5716517.173960867,4174170.2778225057,39811857.00757717,210887.32677568,4,8,0.504,1201721.9407379553
APP_0233,64,Salaried,4,2183409,0.7518636918419483,1,71260.91362116409,0.39164946350132707,0.7467685770554905,1780493.6127534388,2100602.817971593,21603782.767657038,209805.56635436078,5,2,0.5544000000000001,645965.5185888471
APP_0234,41,Self-Employed,30,762137,0.5348109763506029,3,16869.664801784165,0.26561625747261974,0.7852993445169975,1371252.4714184501,1410632.8489575023,846943.1666239352,98481.95747207089,4,8,0.504,196926.92501544688
APP_0235,32,Self-Employed,5,1443189,0.7266375708220426,0,45397.728901428745,0.3774784500277822,0.5501470075818581,1085965.240477041,1031832.7078954888,8400372.13219345,122166.40199525404,3,4,0.45360000000000006,231226.88680630527
APP_0236,56,Business,20,4168202,0.5149862681990853,2,76726.93815372705,0.22089218752947307,0.5945955908814387,9178514.845178302,3847649.830168951,19015898.972803477,631634.2031154889,5,3,0.616,564146.5350164463
APP_0237,55,Self-Employed,29,3324259,0.5080931554373087,2,53544.05838120124,0.19328478935438392,0.7742772548891258,8794616.255693145,4762777.726767547,32419735.452258952,233234.47713946633,2,7,0.7200000000000001,1219740.1016393537
APP_0238,45,Self-Employed,24,3696143,0.7419916529821002,0,48167.12137523891,0.15638070726778344,0.26911240168471806,9461843.641590245,5668776.877446271,28960905.44027716,554662.7637303863,0,8,0.9,1718471.9420129915
APP_0239,29,Self-Employed,23,4451306,0.6613540564049775,0,56428.170047763066,0.15212120680383617,0.8001444449003334,4459393.757042268,1351993.0728313648,5776190.049601957,213602.93757732262,2,3,0.5760000000000001,793776.5413226276
APP_0240,54,Business,13,1239120,0.7724697441773509,1,21864.275338840747,0.21174002846059217,0.5752348747617211,1169678.7677808108,2189358.2413792904,7784055.480826777,105804.31116574054,1,4,0.8,495236.0707081506
APP_0241,30,Self-Employed,1,3442747,0.519860417136274,1,102459.98256382464,0.3571333562314907,0.6179039134091856,7554206.688484879,2356045.433499436,16131214.049920943,152077.19086971853,5,0,0.45360000000000006,608471.7835268127
APP_0242,33,Business,6,270998,0.5895080126893235,2,7087.097836551634,0.3138221464314113,0.6674945571585912,322066.59629925323,491012.9715000701,2348001.3476218395,26840.026473748014,1,7,0.5760000000000002,50084.28643856644
APP_0243,58,Business,13,1058256,0.502939029072266,2,23672.93407693462,0.26843713517638024,0.5750180340352661,1276989.2550227332,1515362.9534993954,5646479.149285819,88578.27430358801,2,10,0.8800000000000001,307368.6019168895
APP_0244,42,Self-Employed,21,2706441,0.5753440324960032,1,83427.42262670107,0.36990611342364854,0.7443438581068239,6782095.83725153,3464406.7096542995,18795618.147784904,343071.534229272,5,0,0.45360000000000006,567367.1393625945
APP_0245,43,Self-Employed,30,3711183,0.6618395578511802,0,85019.21632483778,0.27490711072400725,0.8958029840710308,9426541.215743715,3034636.897381852,27538178.80945007,473014.1382356805,5,7,0.504,1052327.2548660007
APP_0246,47,Business,10,1625951,0.83625547783856,1,25491.553529991794,0.1881352158582279,0.47662469820942954,3824720.0316632316,2447602.488020798,9806573.722526867,253233.35155108152,5,5,0.5599999999999999,420460.132829498
APP_0247,39,Self-Employed,8,2776017,0.6681890272739244,2,48928.39359071402,0.21150472892945835,0.568456556165523,4606526.969449751,1143737.4596127367,4117090.24146478,335804.39314033656,4,9,0.63,399597.5586207151
APP_0248,37,Business,4,3401673,0.711935401851999,3,32944.80364654101,0.11621859119277254,0.7833918163226751,2869015.7331680446,1906752.9088197988,15929104.712250931,383851.9764140529,3,2,0.44800000000000006,497650.866143022
APP_0249,36,Salaried,16,1695149,0.8893098316788085,1,27408.33042480119,0.1940242215272016,0.1464108705801576,2763318.445886632,977911.5621415097,13496573.669181054,192741.03679985288,1,7,1.0,871449.5926330282
APP_0250,30,Salaried,20,2119117,0.8900462622107782,3,40388.18637237722,0.22870763458012305,0.48192022075245633,1084294.6220535145,2459889.4183771,16054285.5158015,339959.86094591836,2,8,0.8,468292.1106684096
APP_0251,25,Business,24,2287279,0.5905062845156334,2,36906.71017018657,0.19362767814605863,0.182166578671637,4021816.8940774817,1717762.9191027582,3631245.719218873,108374.61989733335,2,7,0.6400000000000001,718948.9015250318
APP_0252,63,Business,11,3837847,0.8551896175348167,1,64865.96330698606,0.202819851777268,0.8211070209156196,5365798.341223802,2069239.9200019487,36585271.23359016,600401.7758799002,3,0,0.49280000000000007,551060.379004361
APP_0253,33,Salaried,24,391910,0.8769078504397725,1,4472.626973367144,0.1369485945252883,0.6688880720766804,972061.3833350894,343056.99932197883,2650444.128762834,54112.14027845368,4,0,0.5599999999999999,96033.23104274651
APP_0254,28,Business,4,365605,0.5192940225891761,0,6856.089096020012,0.22503266955386317,0.4042030103420917,683025.4406720471,385316.0118937622,869461.2943880609,47004.251897080474,5,0,0.44800000000000006,52486.278914291186
APP_0255,31,Business,17,2464732,0.7491191107202599,1,46346.764153710574,0.22564772553142773,0.8188975400025501,4384664.484786788,3233374.249085726,8735899.763128677,344475.07259261445,3,3,0.35840000000000005,391859.1126129872
APP_0256,41,Business,7,3202465,0.7813747000985034,2,39526.979246810464,0.14811207958923067,0.5385110109827203,8889695.59241285,4607601.113795828,17056250.081452046,227310.40499036666,0,10,0.8,603603.5131156006
APP_0257,32,Business,22,4344845,0.5596577970667065,0,120880.05693078856,0.3338578667753309,0.1600385709021307,10031989.112956885,7944996.128476304,29540736.38446972,429099.3731490276,2,4,0.5760000000000002,965292.05472784
APP_0258,31,Salaried,28,465442,0.9556746057210128,2,13206.095664044515,0.34047883080713426,0.35016568557021144,1092090.064524755,172677.70044969072,3641541.8957918407,22063.25522603334,1,10,0.7200000000000001,153778.8738142553
APP_0259,46,Self-Employed,29,3871815,0.8820356625968427,2,117297.49407071502,0.36354266121924217,0.17436105234993785,9824384.901729373,2048828.8162313073,17837442.5230944,627061.3777753462,2,6,0.81,1492694.5943944182
APP_0260,55,Self-Employed,21,1599041,0.5452226225510585,0,52564.57536673094,0.39447075115695673,0.7754798779451573,1214124.2707824702,2942568.3128285683,8545392.881145965,180347.19245301723,3,2,0.45360000000000006,322428.1868484184
APP_0261,47,Business,1,1296016,0.6932318625461995,3,14459.352840035148,0.13388124381213024,0.42902741098813946,796960.1731231459,869501.2311211973,4961332.639272892,168142.12039288055,5,8,0.5599999999999999,367973.19985736045
APP_0262,61,Business,19,2078921,0.8911582230203194,2,44303.52226167516,0.25572990370490367,0.650593314770342,4252635.683716358,2035526.0870105808,15674789.331629122,211858.42417147118,5,10,0.616,584680.0187374775
APP_0263,34,Business,29,657733,0.5046579469543657,1,13794.320227294864,0.25167027156542,0.475431149315066,1144183.9912811136,327371.45441859966,5105895.779911434,53766.971840712395,2,4,0.6400000000000001,92667.85958852798
APP_0264,39,Business,21,3376242,0.6613107973846891,1,34789.12920680874,0.12364917872643752,0.4553511011675673,6524882.500291922,1210165.8370457566,18522419.18282766,274064.2754330253,3,10,0.5599999999999999,391577.5089235936
APP_0265,50,Self-Employed,2,4873553,0.7196395158772758,0,137082.88678670063,0.3375349855516925,0.8705369986240038,10204466.072835868,8783115.354342842,29538571.343537334,601840.7357672531,3,5,0.45360000000000006,763417.0231488877
APP_0266,28,Salaried,28,2206143,0.7995917876664195,3,57910.77950991762,0.3149974204387528,0.3906356377358049,3598949.77615637,828156.6085309454,15288995.196561333,92528.47262445615,2,10,0.7200000000000001,930456.0344784983
APP_0267,43,Business,17,3336419,0.7808384213039942,0,102612.43815223488,0.3690631356034175,0.49393771374493356,8523204.799718441,5126473.196244906,15624105.908479135,245069.41952785643,1,3,0.7200000000000001,596467.6144896703
APP_0268,50,Salaried,15,1099345,0.9150363743408029,0,29970.41691264372,0.32714480254308215,0.13720028952733587,2290046.8546043397,1549917.2542523202,2318488.607143911,168349.25307937118,3,10,0.63,301778.6388580928
APP_0269,57,Salaried,16,318193,0.8591093042557252,0,7052.426965159032,0.265967898671273,0.4462483038831717,624549.7862652385,593069.6145941045,2555004.9832086386,49459.71388088747,5,9,0.77,66020.04652942525
APP_0270,33,Salaried,13,1649910,0.8512330358059493,3,31018.228769963254,0.22559942375011913,0.5871949548477544,3681425.7674153065,1067210.9889237538,7557957.172663536,139457.02158266108,2,7,0.8,688895.1485207356
APP_0271,33,Self-Employed,20,4497438,0.6195652539821697,2,117518.91954192675,0.3135623069185436,0.8484096619700287,9361229.25476945,2525762.7467432385,29761833.306546323,350751.1581236513,2,10,0.5184000000000001,590022.5325286655
APP_0272,36,Business,18,2904331,0.7841410908562101,2,65028.95455345659,0.26868406343542767,0.5662450168766867,8296756.267866194,4293247.538175634,20528367.30939526,445524.13387265865,4,4,0.5599999999999999,896145.5631010026
APP_0273,52,Salaried,17,746569,0.7075816423763416,1,7211.8254237712645,0.11591949985233137,0.14528381943644533,871578.7491018935,1204930.9702879821,7355042.160179312,94881.79595178436,1,0,1.0,355544.4827365634
APP_0274,43,Salaried,25,435502,0.8076047312036743,3,4744.939526338371,0.13074400190139301,0.7944282989235283,1022877.1352505913,765052.7536812347,3345402.0816829223,48700.22270185462,1,8,0.8,178981.86956787738
APP_0275,43,Business,22,594095,0.8705939244675118,3,11137.789638128168,0.22496987124540355,0.7304892240513725,1314656.1358948827,1151653.0294271337,881767.5209516527,79980.28440792936,1,9,0.6400000000000001,208186.09094884602
APP_0276,53,Salaried,30,1842418,0.926532311562565,1,51103.15167970327,0.33284402353669973,0.8714318585008246,2276204.824628969,956890.4042737081,13162104.606108151,119828.54409086925,1,8,0.7200000000000001,328639.2797542794
APP_0277,27,Self-Employed,9,4869087,0.6056958381237583,1,111662.69804125199,0.2751958173051794,0.3040129185059376,6458390.943371822,7193787.468119243,11652948.696080077,296428.01834936225,2,9,0.7200000000000001,772462.9634696478
APP_0278,65,Business,27,2726269,0.6962203764614706,2,27686.22466858053,0.12186423864371651,0.6661452491155803,4944055.211047642,5241464.506307511,15500084.041217651,381538.47465416894,1,6,0.8800000000000001,1000988.4161432697
APP_0279,50,Salaried,12,1227771,0.9650190216601353,2,20393.272318044885,0.19931996098339075,0.3348594857361631,3530787.8569374504,1611946.7851505151,6474913.969245765,137305.93066244546,5,0,0.7,211326.579798631
APP_0280,47,Self-Employed,8,2245370,0.8835587264295734,2,40119.48196585114,0.21441178228542007,0.7369652685224275,1759101.6003449678,1486127.3287459968,16875708.005890187,100491.27137545464,4,5,0.504,459143.82636858866
APP_0281,57,Self-Employed,16,567854,0.6185735878297138,1,9279.388676612543,0.19609382714456625,0.1658763584388007,420150.1080452317,1106708.7103116056,4520042.124689939,61508.46570077913,5,1,0.6930000000000001,111883.49273678004
APP_0282,65,Salaried,28,2079263,0.9506995233236107,1,45280.50267452965,0.26132626420724836,0.662194293014033,6114197.198387877,3317198.247031803,14178599.262269666,330884.6727543471,5,10,0.77,418672.9326747024
APP_0283,54,Business,11,517813,0.5350083591736794,0,6619.274738011586,0.15339764906663028,0.30152640079310067,350096.07776248356,869363.8956294816,4763299.219593118,47960.23565807193,3,10,0.5599999999999999,104907.0272196674
APP_0284,45,Salaried,13,796210,0.8604503110183006,0,21682.668000700018,0.3267881790085533,0.5684864106507114,1793228.2055186504,263275.59531810845,7446498.09243943,43738.68914070302,5,4,0.63,222026.8146796643
APP_0285,43,Self-Employed,13,3514450,0.8288489480636214,0,70932.23315147827,0.24219630321038546,0.5267742110482796,2955489.5581379393,3176312.8788294466,28738928.17815317,386175.586518509,5,2,0.63,706791.8787874073
APP_0286,48,Salaried,18,892964,0.7369705476800497,0,20226.793852042534,0.2718155784830188,0.41526536069602993,1668783.2902636547,315420.19331873074,2581091.0253420854,119965.6745654789,5,5,0.7,177955.53089982842
APP_0287,57,Salaried,6,1071721,0.7662363908072224,2,14137.595479262816,0.15829786460389764,0.24508638781892006,2678391.6807754347,1858419.9756237562,9283771.911389964,169560.08723163264,4,7,0.77,377845.68811759684
APP_0288,29,Self-Employed,22,765079,0.600275045925982,1,20253.985918632003,0.3176767772002421,0.48975232810699887,1015357.2499022158,329586.28905647126,5278476.513387795,41446.08821356958,4,1,0.45360000000000006,194358.76956259558
APP_0289,45,Self-Employed,15,2954366,0.7465369721037812,2,75837.94466087317,0.308037438804291,0.22191596964330673,5663976.758230973,4886106.501157375,28444429.920906622,185376.43799299045,2,3,0.81,1230652.6093352363
APP_0290,52,Self-Employed,27,3215587,0.5537223329531555,2,97369.51485458377,0.3633657488523885,0.4702787008604882,4491705.580289135,2411205.4475292796,19181125.77220291,204633.32221199104,4,1,0.567,978563.099115175
APP_0291,33,Business,7,2408172,0.793417846817779,0,63862.23503463121,0.31822761016055934,0.8136841477074044,6318966.705422323,3219551.8291555485,20021016.059589498,274602.0833359672,4,3,0.32256000000000007,436955.37481969397
APP_0292,60,Self-Employed,18,4727139,0.6888415803131703,1,82624.71283216277,0.20974558903090287,0.278645318099484,11488659.509108907,7184345.035375859,17107480.31294954,471552.4865623115,4,1,0.6930000000000001,1175114.0274758108
APP_0293,57,Salaried,22,1301938,0.95439455203116,1,35495.36728387564,0.32716182138205324,0.21229655412566928,1169213.2908367869,1587639.2564106374,7931813.538844326,196190.4184983339,1,7,0.9900000000000001,741991.9151309393
APP_0294,27,Salaried,25,2345319,0.7695249722812947,2,41205.40899246213,0.21083055563424233,0.1342467526709175,2385037.4153559366,4301096.853072822,9970566.201698616,235413.61163849928,3,0,0.5599999999999999,283639.7195028171
APP_0295,45,Salaried,23,2486796,0.890070094532476,2,72627.22530350873,0.35046167986521803,0.31065285550732274,4627616.892502785,1275551.450651579,17116810.386000816,217168.8207901282,5,1,0.63,637114.7732003572
APP_0296,49,Salaried,17,2002225,0.8058694023279177,2,41055.36814146587,0.2460584688022527,0.4856880717705008,4025528.3250062736,2209068.0012174756,4506437.367737559,124873.55639327776,0,8,1.0,915799.2964427733
APP_0297,38,Salaried,6,960004,0.8086668832645273,0,23866.730874151002,0.2983328928731672,0.431690948076085,1272544.7388309746,387850.8854291814,6794010.551625577,97482.94578099184,4,2,0.7,308384.5670673228
APP_0298,51,Salaried,8,480960,0.7383655344847287,1,5627.921953153566,0.14041721440003907,0.510114252800887,1311575.1201744124,223337.2293664559,1200991.8918549493,75497.50586378468,4,6,0.7,148049.15836576582
APP_0299,61,Business,1,2577789,0.8789015474490777,1,50430.36210864145,0.23476100848583706,0.894220658966383,6878200.95948858,1306991.1231612272,21842307.79986036,301012.3035979166,4,2,0.49280000000000007,570741.8127955733
APP_0300,57,Self-Employed,6,3074534,0.868940777937979,0,43285.37422541474,0.16894413615363396,0.4083695061934781,2371773.2664352055,1734736.289240074,26860128.948837213,321939.39722436987,3,2,0.6930000000000001,942183.7319078795
APP_0301,36,Self-Employed,29,527462,0.8511010550971873,0,5624.370810203087,0.12795698974037378,0.6275140889306595,1453137.7080549512,617507.556859366,533159.5666132369,83805.02014642398,5,10,0.63,123814.9529646816
APP_0302,51,Self-Employed,28,564386,0.7790571228558317,3,7941.187423985332,0.16884587691371505,0.741840156806251,1396228.2962025166,500173.37405883987,3556440.4383040187,75820.13557677173,5,9,0.504,68008.35989489617
APP_0303,33,Self-Employed,16,2150459,0.8640341426701941,0,33149.32555716344,0.18498000040268672,0.8014130505545797,3272174.45978741,1161759.2922496933,15875418.493784687,301805.0435677579,4,8,0.4032,214279.0404070099
APP_0304,25,Self-Employed,21,1923176,0.7751066947111105,2,35683.49267014301,0.22265352315217957,0.18526657315956696,3010114.635998025,2411021.00322076,6445959.103456794,209010.34078614105,4,5,0.504,431089.7941510096
APP_0305,50,Salaried,14,2323616,0.7536158793498865,3,34105.511601491075,0.1761332936328089,0.3453224693396756,3162187.5454362533,3415460.6061916137,17710698.45444587,345153.4804652927,5,1,0.7,811843.4880401294
APP_0306,53,Business,6,1041198,0.585783256615232,3,29138.302324858465,0.33582433686801316,0.7406829866801274,2118903.960250794,1491220.439011166,1528973.4139698804,94024.99675223102,5,0,0.4032,219035.45983608643
APP_0307,34,Self-Employed,30,3852210,0.5352562757256044,2,53459.38885064326,0.1665310733858536,0.16403178935664214,2289708.7292379094,3435350.1011218075,37982917.35959517,456149.298526854,4,4,0.504,940939.796355079
APP_0308,63,Salaried,25,1035140,0.892087394359041,3,8903.335685146703,0.10321311921262867,0.7804541090541137,2926233.2997207213,1172478.139273809,2849448.977256964,144569.30586626305,4,8,0.616,305674.7863283518
APP_0309,64,Salaried,22,451251,0.807921999482639,0,14766.954711191194,0.3926937702837098,0.16947425005923,536917.4714524813,414690.9336508943,3170922.0128854252,41672.14428028302,1,8,0.9900000000000001,92093.62482290053
APP_0310,29,Salaried,18,1493253,0.9178416129121887,2,25415.480471608822,0.20424252665777726,0.7524119035989514,1591417.6340428698,2887208.9328466635,7604885.285610748,137620.0262823293,0,4,0.6400000000000001,258047.41645166403
APP_0311,57,Salaried,18,603608,0.8509507498761679,2,19320.71943929063,0.38410463955329877,0.7423537940578859,1745497.542711172,1072613.5185100334,5021008.208610839,68526.65138070354,5,7,0.5544000000000001,196240.48045260957
APP_0312,61,Self-Employed,25,2240723,0.802989314018669,3,56854.313192470414,0.3044784019754539,0.8172190581967026,5949249.971015232,2392075.5294183632,7440047.091968792,200546.5512853124,1,10,0.7128000000000001,767401.3116927419
APP_0313,45,Self-Employed,12,4532751,0.7142607629588937,2,65905.17317733917,0.1744772828086233,0.1744075441296734,9900637.764976708,7605659.01576952,7634328.410726097,716588.0296889174,3,5,0.63,974956.4719257575
APP_0314,61,Self-Employed,6,1795240,0.6995997361454732,1,25501.146566930853,0.17045841157904806,0.293645214275971,2088785.8560234546,1099716.5539608772,15285506.926904088,262479.35725561954,2,2,0.9900000000000001,909216.6010338867
APP_0315,32,Salaried,22,2366386,0.8841480925827258,0,69887.89337454771,0.3544031787267895,0.39695722830693414,3049188.376138154,4298819.782843112,21129189.020269223,268541.2438467658,2,7,0.7200000000000001,465390.2640107598
APP_0316,57,Self-Employed,13,2063049,0.8000677543183123,1,19984.833265728874,0.11624445138663526,0.7394159342239849,3498518.8893359993,2420745.1848934917,11392727.855031641,187492.53799671456,5,2,0.5544000000000001,437918.8571935854
APP_0317,32,Business,17,4059351,0.6262605061805563,0,35027.461049807614,0.1035459935831347,0.2686019085611582,7925966.236806091,3189777.7744131945,26446683.404198278,300916.6970884338,4,4,0.44800000000000006,536221.3348120217
APP_0318,55,Business,11,3269594,0.573565469678551,3,44455.51017451941,0.16315974463319693,0.6605701014530406,4678050.313555284,5681857.807994909,11498069.35693904,209753.67619713504,1,9,0.8,1240888.7781972324
APP_0319,31,Business,9,2178077,0.7221360189682804,3,28826.661098112763,0.1588189642410958,0.7400299665877099,5110541.935483467,2289979.286962337,2369052.1414989084,205516.26760781728,1,10,0.5120000000000001,453656.4737871708
APP_0320,45,Self-Employed,10,2305322,0.7248553808286845,0,42172.13339685092,0.21952057055899826,0.6524345407685154,1498668.9559187137,3838067.2580921175,12192513.369436856,277559.4852242266,3,5,0.63,441381.14291733893
APP_0321,48,Business,18,2361868,0.6376561105842451,3,26840.906987865277,0.13637124676501114,0.7938948671793095,6867819.463755179,1318216.6307366425,14603548.214352967,290056.3695543099,1,4,0.6400000000000001,517031.5966172721
APP_0322,57,Self-Employed,25,3949121,0.8558529796552883,3,93495.1539290962,0.2840991317179581,0.4710016645891201,11418828.389758099,6961762.337739338,26716695.570356198,622924.4738877608,3,10,0.6930000000000001,1217641.8384943523
APP_0323,50,Salaried,3,979475,0.803087646279226,2,15921.649561285665,0.1950634725086684,0.3330850822355359,1144693.8001200452,1332438.3442687204,3370601.6066400134,95282.31436352048,2,9,1.0,399992.39462616626
APP_0324,53,Self-Employed,6,1742549,0.8416847378703984,1,46225.719078713424,0.3183317249297214,0.6296180382469118,4968169.854352467,2546307.517473109,2998199.560282671,108962.41632638099,0,1,0.81,318309.2258053173
APP_0325,55,Business,2,421164,0.8083734822184221,0,4603.972558784381,0.13117852120649573,0.5944817373470924,299354.1757705499,790466.3891340579,1898866.695177004,29623.058954066135,5,4,0.5599999999999999,88978.4488317036
APP_0326,33,Salaried,17,1015581,0.7085713879059738,2,30307.53059893777,0.3581106452240178,0.360161053325183,1716724.7691738124,1985427.119219274,5956644.028898427,76898.2396011177,3,2,0.504,300875.7432398398
APP_0327,59,Salaried,19,2214881,0.8893142567923179,3,47442.37103987957,0.25703794130635227,0.6116225989686497,2822097.9801861425,1827061.8493044951,12972587.030223541,315078.2010847971,3,4,0.77,590622.9652093063
APP_0328,41,Salaried,10,344274,0.7000277039184784,1,5828.715900033113,0.20316547517499828,0.47535836419522093,179295.41233363954,640266.7086414985,3278389.65396798,34874.97357657562,0,6,1.0,178742.21015211235
APP_0329,63,Salaried,26,330274,0.864463658720949,1,6151.924643832047,0.22352076071984037,0.5484434869116924,491077.87086119107,163117.40474128842,2521331.75931525,29850.84957010347,3,3,0.77,77613.70462776221
APP_0330,52,Business,8,4533639,0.8058153176306458,2,70045.87726862247,0.18540305640203592,0.6943415137049214,11433935.587731773,4276250.612060957,39358053.4834238,292272.6625757953,2,1,0.8,1649363.5605836986
APP_0331,64,Self-Employed,9,4327161,0.5751157770176045,0,52519.03848202451,0.14564479153521076,0.8757729741035148,2402990.262826913,8438823.70922531,15313956.220779506,247931.4702463345,3,0,0.5544000000000001,703198.5222246062
APP_0332,34,Salaried,16,1210952,0.8025738561605879,2,33878.15842700822,0.3357176016259097,0.49871660469748647,1729836.0965671914,1761308.6679030836,1556841.1759198105,62599.62333818097,1,0,0.7200000000000001,267321.32383120776
APP_0333,50,Salaried,18,2271938,0.7544811215822226,2,65351.391051220075,0.34517521719987115,0.7626016379154652,1828691.7350939692,3595710.410456159,7362581.426654759,313686.1009167654,3,3,0.504,566857.6026911872
APP_0334,27,Salaried,15,694098,0.8563417360171852,1,13988.83162818802,0.2418476634974546,0.6451538560462826,888635.216082929,542447.1233992948,4624412.854172491,32580.894955308955,4,8,0.5599999999999999,96729.28816101242
APP_0335,55,Business,10,1867014,0.6441706624255168,0,55869.97382904561,0.35909729972488014,0.27423059924408233,1460604.536354615,2500372.620115344,7319855.021347958,116850.26605740748,2,9,0.7200000000000001,333185.6054529612
APP_0336,40,Salaried,2,2293429,0.9065219616805291,1,40406.319957855136,0.21141959899097015,0.17158392219973956,2050890.0317457244,836007.147259098,15062791.53138222,362413.99129538797,5,0,0.7,359465.26568732254
APP_0337,34,Business,18,1100866,0.5503309830660905,1,17891.078618305564,0.19502186771111724,0.5466803538117517,2324605.1026601377,908403.7218583305,9936596.576668533,146762.2487238474,0,6,0.6400000000000001,241850.21952719195
APP_0338,33,Self-Employed,29,531253,0.6941208532650053,3,11851.698260814635,0.2677074371905206,0.5341872614445554,916533.6076367232,648162.1932947055,3130453.4051034087,43630.09619840294,3,4,0.504,146477.41022129258
APP_0339,63,Business,6,777778,0.7124549721331164,3,12230.675610612407,0.18870179836322046,0.31067941511634556,1102719.4675714418,156563.36050188076,5243961.713156887,69258.88535768307,1,0,0.8800000000000001,306558.5398757994
APP_0340,48,Business,8,2890177,0.7884014250735694,3,37803.71644497198,0.1569608357341657,0.6465793460461446,6977856.177395969,1379876.6417701785,10254815.487338623,268474.9942474146,2,1,0.8,551451.5956576995
APP_0341,29,Salaried,27,844312,0.7535916400108325,0,11301.37705509041,0.16062370860663466,0.4882962297893563,630603.095625989,1036664.7863551076,7199191.533173619,104616.01834480393,4,9,0.5599999999999999,227199.58109716864
APP_0342,41,Salaried,12,1225778,0.881786087269735,0,10615.83330515391,0.10392583295005044,0.8368281674905902,2622396.853321657,2293585.937930305,10405260.823142704,122791.15842300092,5,0,0.5599999999999999,236388.1437335032
APP_0343,51,Self-Employed,26,689056,0.8294571865109602,2,14855.25778149794,0.25870624938753206,0.6874402706050164,1781996.1420677763,234474.5077877674,2027961.1056656428,73454.97221713072,0,3,0.9,255914.0054766656
APP_0344,37,Salaried,17,1343387,0.8710083006888443,1,29949.36275527129,0.26752704400389127,0.5465132857274091,3177474.2332002255,2121624.7325771884,8314320.117522759,169237.52604976075,5,10,0.7,348717.73719593947
APP_0345,31,Salaried,26,1056637,0.8649896399711605,2,26174.621187487388,0.29725956430623635,0.5271203815843676,2113051.3963645743,1986832.5320708763,9639028.10742022,116681.07908971062,2,5,0.8,308485.01717819326
APP_0346,65,Self-Employed,27,2913302,0.7433653481028156,1,51594.31682026957,0.21251892246091714,0.5401909644970114,6879604.979627534,2470524.905152914,14775193.515953138,470919.8876146581,0,0,0.9900000000000001,1710838.8211453725
APP_0347,63,Salaried,17,866590,0.9980236028663618,2,7363.895370819246,0.1019706486918046,0.8875155402534407,898703.2533469191,664525.8362318213,6883937.610594289,138294.89942573977,2,8,0.8800000000000001,308477.9311966978
APP_0348,61,Business,5,990937,0.515094520033508,2,12125.116024361823,0.1468321319037859,0.3119905434076958,2699375.1947963205,643853.8149445305,3276230.504900159,78486.6405083992,4,6,0.616,261030.24674417466
APP_0349,38,Business,3,2923714,0.817161677725712,1,60053.796878183006,0.24648291951203027,0.8192192774390882,6599172.5751022855,4897593.655428436,5433068.9651441565,356542.5207808415,0,9,0.6400000000000001,659811.5084576979
APP_0350,28,Self-Employed,12,3843209,0.6666086850471677,0,115596.02564539918,0.36093595423636604,0.28137413708972125,8193521.579336272,4935229.711096081,4238711.442424159,533606.4870856791,3,0,0.45360000000000006,561184.9892626598
APP_0351,27,Self-Employed,18,4938832,0.5598320076669205,1,60072.34906851939,0.14595924478140432,0.638908193895689,14783989.87977685,9620214.741220815,38402193.56963415,560920.5517104269,0,3,0.7200000000000001,1325570.0283883216
APP_0352,50,Salaried,5,1709991,0.7247635337915748,0,37683.31698020912,0.2644457215052649,0.3100463812653958,2558689.6178809106,1679354.8013425246,12450161.717703314,234133.3042853519,3,8,0.7,334252.6038383384
APP_0353,50,Business,19,1845000,0.7244670439243222,1,26551.783605885354,0.1726945275179535,0.3130056725548023,2906178.1848537633,2643014.8061742075,11409782.829453938,102827.20159215314,3,6,0.5599999999999999,357597.8120931139
APP_0354,37,Self-Employed,12,403061,0.8078725168252553,1,13310.94089924961,0.39629557508911883,0.5929767955636027,1199266.8754136632,401439.9650064808,932024.6638580163,19055.25715282711,1,3,0.81,154798.1524879748
APP_0355,34,Business,28,919863,0.5449486963140417,0,13254.803687225402,0.17291449296982792,0.5968019540711027,799538.199690896,1562295.8348654849,3301540.8205067487,77797.95430616807,0,4,0.6400000000000001,223725.18055733782
APP_0356,26,Self-Employed,7,4713116,0.5847501254195016,2,103939.92464494788,0.26464001644334123,0.5984335942859863,14048645.593553191,6839334.870875647,33059422.76770473,418253.6985321671,5,8,0.504,516397.13904397655
APP_0357,35,Salaried,10,1141780,0.9367565483522267,2,11030.125213602487,0.11592557459688368,0.6238062974523096,594679.4865378742,1027101.0611820286,3929770.88163713,169185.57474978452,5,5,0.7,436158.8600054794
APP_0358,26,Self-Employed,28,3442391,0.5924674480551269,3,72451.45822932692,0.2525620996429293,0.6677510386681778,9499898.112493873,3691592.1331262174,21941654.541915204,181308.15310447,1,8,0.7200000000000001,1454189.5927704107
APP_0359,60,Business,1,533467,0.5989568558999006,2,8894.268140272734,0.20007089038923273,0.4147198542618198,476126.3000423494,439685.54203588323,2223073.146320436,63920.302917528636,1,8,0.8800000000000001,145694.72116782703
APP_0360,28,Business,9,3447822,0.8561608344315046,0,110112.23197724823,0.3832410094624893,0.8592931346904864,3668333.4692507978,2810716.4707550453,15638008.24746576,202815.54734234282,5,6,0.32256000000000007,454068.1556605383
APP_0361,64,Business,22,2107804,0.6669333345900798,1,40037.648997403834,0.22793949910373357,0.3499062115534269,4243899.3925168,2125729.8899171147,4607552.44735153,259735.72332807523,4,8,0.616,614950.9400988963
APP_0362,37,Salaried,10,2496999,0.9728688146216851,3,82963.98618733815,0.3987057400696027,0.8806215272548794,2154612.9622355183,4692994.517738493,23107251.433884624,203140.09012201388,4,8,0.504,729218.7820749576
APP_0363,32,Salaried,11,910366,0.9181238599780575,2,27617.43726768943,0.3640395700325728,0.4312321243357431,1391157.0568239202,908006.4011433983,8561006.048283216,139680.1212123976,5,4,0.504,119653.53866599732
APP_0364,37,Salaried,5,1074882,0.7078594664389956,2,25231.184706639207,0.2816813533761571,0.5898896171504936,2139984.435016327,661742.8048501001,1327221.766080751,55465.08868542003,3,2,0.7,301666.58401821944
APP_0365,63,Self-Employed,23,3336998,0.5735905911091848,3,68807.14102964579,0.2474336791199004,0.2100101778732918,3280768.1611253237,860989.5183871817,26298379.644333895,145304.4029707074,2,6,0.9900000000000001,954820.1367939919
APP_0366,37,Salaried,3,1042719,0.9781309618533381,3,31293.62216255805,0.36013870079158106,0.4919543188086909,1368296.6077137191,1067307.2243085585,3358654.797834172,96216.90896438512,0,9,0.9,463717.4105538699
APP_0367,49,Business,11,3506375,0.7446019498680208,0,74859.56559765848,0.2561947273671247,0.46128767405092963,9002706.363014506,968981.9934935204,34932356.81482371,373444.7100166504,3,0,0.5599999999999999,830747.9416100463
APP_0368,58,Business,2,1792580,0.6164717448936519,3,54572.00183803049,0.3653192728114594,0.7189416100241005,2177601.932326885,895708.9944520225,6542518.20120357,280620.81488729693,5,8,0.4435200000000001,446394.1676121844
APP_0369,54,Business,15,958672,0.7890587165971332,0,12297.478328457177,0.15393141756668197,0.5683581765761522,2622754.0747768492,1134619.7451138624,4350070.48254038,78706.28404649188,0,2,0.8,292565.44585826615
APP_0370,37,Self-Employed,3,2297842,0.6296299120536966,1,60416.4734010219,0.31551241591556894,0.1988353734683468,1804753.4783934911,2318332.207407373,9803721.069050957,246199.59244237316,3,8,0.567,579557.2303349881
APP_0371,35,Self-Employed,18,3392763,0.5175624333866248,1,105649.46186587289,0.3736758336466398,0.5523932628113353,7290456.84243003,1595146.6162687575,29922021.489031468,217221.69263914664,5,0,0.567,707598.4768654843
APP_0372,44,Business,25,3943485,0.6155122149778988,1,44451.68376301258,0.13526619352074395,0.2052568254496686,3971599.142484793,5207800.167023691,12926739.003420249,390393.1801883708,3,8,0.5599999999999999,1154927.751087483
APP_0373,63,Self-Employed,8,2019269,0.7355449308737236,3,39732.743030916026,0.236121545158665,0.4535002891981894,4044679.437869842,427744.6636990357,18051277.00229129,154334.3125221186,5,8,0.6930000000000001,738926.5519113807
APP_0374,38,Salaried,6,921831,0.7165191814004113,2,8528.190098062647,0.11101631554672362,0.7830634297873502,1998060.7254515847,1574880.0336500409,3397845.0244438504,144464.5183488131,0,1,0.8,270489.3817838428
APP_0375,36,Salaried,22,1492778,0.8833269268145962,1,48501.34981216633,0.38988797915429885,0.6994678472218888,2090593.2224457595,394857.8088809159,11817738.028654976,122436.75294008447,3,1,0.63,473400.7774573806
APP_0376,60,Salaried,10,2274748,0.7403637367234153,2,37677.89429057144,0.1987625580885695,0.4310063274183643,2330737.3351866296,1310918.538804293,3465945.4619083935,257245.68070357956,5,8,0.77,1041958.0874337429
APP_0377,55,Business,23,2609101,0.6708214420343774,2,38679.49003737819,0.17789801178587503,0.5601141512097378,5369817.815729559,4875860.97766254,17033802.429893624,270606.2559893118,5,10,0.5599999999999999,583118.4439452342
APP_0378,36,Business,8,2636790,0.8917030638264282,0,29765.434753477228,0.1354621403455439,0.4719085074988647,6570436.072566348,4027546.6286896877,7556980.88387176,312670.9957465147,3,6,0.5599999999999999,322190.0305551626
APP_0379,47,Business,26,1981219,0.504518907191212,1,50687.03114969522,0.307005118463099,0.3035340177428454,1326604.7442981827,1467114.8398080245,11788138.920809845,272508.2370030182,0,10,0.7200000000000001,475463.7777576601
APP_0380,50,Business,19,444254,0.8328171079624567,1,7372.930072082869,0.19915444962790302,0.3703494842188344,968999.0030042112,821467.1818442321,3631905.0413018162,54364.78103822334,3,2,0.5599999999999999,112170.9849044045
APP_0381,59,Self-Employed,15,3672489,0.8711159907060404,0,107276.99072926598,0.35053172078968564,0.33947499731148856,8492301.705604805,2820123.0863609994,21384790.633420736,248625.5788635327,5,5,0.6237,1190650.5891414674
APP_0382,47,Salaried,5,1476334,0.9522217460673448,2,48606.52912117827,0.39508563065955216,0.6012086780922006,3847347.7183353673,1812594.098386309,6652503.4186173715,171351.66539415004,2,5,0.9,643006.0614341832
APP_0383,42,Self-Employed,3,4369594,0.850819493048317,2,85779.46299429295,0.23557189888385863,0.8605813998140616,4545905.798989236,3251733.602814963,8783239.845189178,610802.2316029517,1,1,0.7200000000000001,1187685.9688527505
APP_0384,26,Self-Employed,29,4394759,0.5616311108774295,2,138102.01662706435,0.3770910303670286,0.685952853404755,7950426.24118006,7013858.591673001,10062483.814697746,662033.2630141361,4,10,0.45360000000000006,1190272.9205379905
APP_0385,38,Business,2,4053461,0.6550352862884921,0,34195.321533057264,0.10123296077023738,0.8458698752166626,8989080.068966025,5146750.956709512,7230089.575540071,405452.11615254317,0,1,0.6400000000000001,1059039.220092702
APP_0386,44,Salaried,19,1609222,0.8916552556130339,1,26319.377096449025,0.1962641109538574,0.25403651169876684,1917587.3097862513,1246293.555506724,7997898.6820908785,90716.70641854015,1,2,1.0,497981.3986821836
APP_0387,25,Business,18,4512253,0.5409501171308082,2,99574.02917627415,0.26480969708819296,0.316841680655222,12896896.918630673,7432606.195706101,27825920.32162483,284615.04440454254,2,9,0.6400000000000001,1608231.2002527115
APP_0388,59,Self-Employed,2,1291139,0.5115970744810568,0,14178.65106895711,0.13177807565838018,0.14303990057778107,2022135.8895118237,674193.2612596636,8218218.859080937,149463.79310428954,5,7,0.6930000000000001,399533.42410669895
APP_0389,44,Self-Employed,27,1862178,0.7851594738912658,0,60847.37481265814,0.3921045666697264,0.7045943484570282,3099108.1494025057,814202.8889092027,15485237.542467497,291668.8376324609,3,1,0.45360000000000006,322866.64124498307
APP_0390,54,Self-Employed,8,2077323,0.5574886735114344,2,64718.73549189468,0.37385848320301474,0.41366153468700095,4671975.358777032,2902695.596492352,16824256.33746027,315684.8620575076,3,7,0.567,249826.97631196174
APP_0391,55,Salaried,12,2307612,0.8383725051114699,1,35513.6122903092,0.1846772106765394,0.37889235379958286,4469142.111077962,2571393.740199632,10733104.567616355,302183.64311423135,0,5,1.0,974873.636381298
APP_0392,29,Self-Employed,18,4066937,0.6603265899137734,3,58147.908703242465,0.1715725875367407,0.29495284883945594,3650282.2486516177,4344604.606012019,6484891.332055368,275317.1358354755,5,9,0.504,763443.5311561889
APP_0393,52,Business,26,3070588,0.7178107520763074,1,38875.08644236846,0.1519256368188834,0.6356841568821334,7211022.93952447,4548879.232288677,26194368.66751318,171820.96710633082,4,7,0.5599999999999999,567704.7200732877
APP_0394,31,Self-Employed,6,2783990,0.8823533785515836,0,64838.60614084402,0.27947775447833084,0.6484069455508393,5542961.778427776,4665294.38236703,10987501.468067128,340454.98927285464,0,1,0.7200000000000001,575373.3123272968
APP_0395,33,Business,29,201546,0.8028310869536559,1,3961.9295627121787,0.23589232608211597,0.33320260280360375,410938.2695618898,202531.0729032195,574598.6040652009,30502.94626458269,2,9,0.6400000000000001,66782.8203217214
APP_0396,44,Self-Employed,23,3087900,0.896115702656768,0,72938.05764959592,0.28344722685163093,0.5083391034853304,8087493.764764056,5355991.338529758,4822358.073186949,476466.45485246775,0,0,0.9,1337701.3922946027
APP_0397,47,Salaried,28,1483671,0.9597038910489932,1,28377.019231420985,0.22951465033491375,0.5721310996667642,3060866.3269234234,2197602.4660914103,6905440.87088824,142529.48178837253,1,10,1.0,399647.61830779
APP_0398,33,Salaried,18,1913108,0.9529983012180374,2,56116.050058625995,0.35198880601801463,0.22341383271498005,5727156.8388291905,2690057.4073395277,4225093.342384754,96870.06332636994,0,2,0.7200000000000001,672927.5105699206
APP_0399,56,Business,14,1338969,0.5338653777158864,3,39951.02209142097,0.35804582861668316,0.8148659753139521,2997250.3713707207,2509977.490875578,8849562.565434836,131842.87009492217,3,8,0.4435200000000001,313574.79885165644
APP_0400,49,Self-Employed,8,1758528,0.6699087429182924,0,40062.425897405854,0.2733815502334169,0.7774431093389593,1920092.6161436986,1939853.0733623265,8260756.189093542,193328.0826882382,2,0,0.7200000000000001,748660.2944781305
APP_0401,61,Self-Employed,23,3291861,0.5452657478459739,3,106579.8497579083,0.3885213248964338,0.16405048455052063,7655103.174312992,3777524.056374679,28751627.272185773,446012.4126672606,2,7,0.8910000000000001,1193104.7987980882
APP_0402,58,Business,3,2257149,0.6889806289394582,0,57410.99970606928,0.3052222057439856,0.5313577699547901,4399343.884778038,2942126.921522682,20612888.35031262,245004.09892790738,0,7,0.7920000000000001,682196.6863893074
APP_0403,55,Business,24,2980940,0.6684064428595141,2,46393.99208502939,0.18676253296622966,0.12826099213988273,8367979.376273277,4617373.226163912,22484471.552514277,334252.65562128153,0,10,0.8,928298.6099593731
APP_0404,35,Business,2,2647403,0.8235583118718268,0,41044.6072625093,0.1860446963118617,0.16600813345206572,4669993.141421026,4586894.305377121,9267602.646951575,154168.8981170572,2,4,0.8,1150335.4750682504
APP_0405,25,Business,4,1664767,0.8640525954716507,1,41306.57228144931,0.2977466921060976,0.3958134639730495,1562381.1866299785,2677860.7406277773,5203666.971135772,106990.93844768852,4,0,0.44800000000000006,251443.67873595207
APP_0406,30,Salaried,20,946553,0.9512842658816612,3,26117.79021458537,0.33111033674292345,0.29035795128743225,1514922.600620546,1275607.3839302915,2742836.78191965,126328.67241370298,2,0,0.7200000000000001,311388.6725126582
APP_0407,32,Salaried,6,2246219,0.8196234408234773,2,45463.44863808953,0.2428798722017196,0.8586014196421375,6303223.227864891,1393981.8602878803,16064036.500808163,203115.42563272215,2,2,0.6400000000000001,592537.2663296765
APP_0408,52,Salaried,10,2182490,0.8146012284125985,2,70663.35478914458,0.38852881684210916,0.6463010487310334,1315046.3365694624,4041713.6273416607,14703036.522860574,351794.7417261517,3,9,0.63,779905.355143458
APP_0409,42,Self-Employed,9,2440494,0.8209265443631315,2,60260.471315200644,0.2963029844705243,0.41292301095192785,5937423.03487171,3778772.1760860803,18569282.2461064,281284.5125119407,1,8,0.9,735726.8845365671
APP_0410,36,Self-Employed,18,288734,0.7691207438959962,0,2492.4583179281713,0.10358842330705098,0.17815900758066336,219370.91490744476,289512.41705015104,858910.5805333904,22255.268522199527,1,0,0.9,54435.64763876538
APP_0411,30,Salaried,20,1209428,0.9851466877744756,0,31487.71314399575,0.3124225317488507,0.19598168782226066,3194222.7831443534,524689.8449736056,8354186.389292795,186437.94447044728,4,2,0.504,340374.0734956196
APP_0412,36,Self-Employed,10,4117107,0.764191138554162,0,100057.41750765302,0.29163415235305673,0.8381563126757584,4903305.2461114535,3987706.8127885875,37591341.95133068,567756.1791751356,2,4,0.7200000000000001,784910.8750040237
APP_0413,29,Self-Employed,25,723343,0.6531196009772731,2,24038.349778615997,0.3987875701339364,0.3065908846593242,1831506.0381803524,376335.88757395954,1175133.1511726794,118696.54583984712,1,9,0.6480000000000001,167360.483459316
APP_0414,56,Salaried,5,2108808,0.7655159494592986,0,65686.34075002877,0.373782766852338,0.6723202542006745,1598935.7410456191,698553.4177468398,12952511.807017008,153924.44852537283,3,0,0.6930000000000001,816347.487526436
APP_0415,34,Business,21,207278,0.8731574894125331,3,3107.9771899819793,0.1799309443345833,0.6600441594709805,572407.2879301193,255854.10777421494,1168726.0227947962,32989.444262957884,3,7,0.44800000000000006,50000.0
APP_0416,29,Business,8,227744,0.6537695495908121,3,2587.951769958385,0.13636109508703026,0.52824326118852,678450.1619444023,182238.8091282665,848449.4970618676,11060.61528949589,5,1,0.44800000000000006,50000.0
APP_0417,46,Salaried,27,2227867,0.9281359242644341,2,54645.450672643834,0.29433777154189456,0.24129464360758945,1332995.1094383816,1986131.4340966197,6057633.751890035,286619.43721585546,0,10,1.0,1059433.2630087016
APP_0418,56,Salaried,29,2137036,0.9205972549083781,1,19715.846531725816,0.1107094865882979,0.12029168438755883,6391786.841957259,1344779.5600201846,9614327.931978893,300807.18526987534,5,4,0.77,657999.1942883849
APP_0419,53,Salaried,2,1723064,0.716816335926321,0,31826.7663763451,0.22165235679936507,0.26934254054488954,3678095.2090336997,1967076.312692328,16301577.859273367,259220.6263019473,4,2,0.7,598755.1250093948
APP_0420,39,Salaried,2,893873,0.84666841399781,0,17979.204404638713,0.2413658907424931,0.8344152606628662,549288.7429774399,1307141.1120825796,1944030.3994548018,56490.800631428436,0,4,0.8,377783.4020784031
APP_0421,31,Self-Employed,20,1631846,0.8341408627958372,0,46961.815388750496,0.3453400533291781,0.18506496020662588,2844077.0656188778,2673804.801758132,4871309.522561458,232086.61791203398,3,5,0.45360000000000006,388317.9508320857
APP_0422,50,Self-Employed,4,4779213,0.554931760792702,1,131136.97075930348,0.3292683647101817,0.574468202432678,6398215.94205662,1994565.744043382,10854219.868410353,447147.7429231152,5,5,0.567,1141815.5091858853
APP_0423,53,Salaried,30,470703,0.7400112631171223,3,13073.716645635131,0.33329849129413147,0.11250426101462203,808394.1282547483,99520.3782130617,1230754.5266456753,24857.50613770934,5,9,0.63,164511.92975357076
APP_0424,51,Business,26,4193082,0.7769433323350323,1,49941.828384452994,0.14292635837158346,0.3167597980683259,6818151.876744708,2644395.533949414,10780164.013766022,537242.249352942,4,2,0.5599999999999999,1143254.3791182428
APP_0425,64,Salaried,21,1563323,0.8043560700538438,0,34824.729193745225,0.2673131210408487,0.253522289499687,4637611.45534944,3061337.6547280517,10271483.064420488,233729.37196615766,4,8,0.77,346333.96431443014
APP_0426,65,Business,7,2518834,0.5212276077083319,0,71153.67927870278,0.33898389149282304,0.648195003532062,7358608.785483878,2654707.7438514614,6516007.835824152,315948.6734425881,0,0,0.7920000000000001,913560.722074694
APP_0427,43,Salaried,14,1354371,0.8002883887666896,3,12753.123557469791,0.11299524479602523,0.6923335078505073,3808698.964155303,699664.9364877112,10928999.490192384,138551.26099937098,0,1,1.0,755781.9108758278
APP_0428,53,Business,19,2934453,0.6676265096627217,2,41331.51879762977,0.16901897068092664,0.18810629443009033,3138265.9020171384,1839353.4366775467,13831130.798709363,195613.99862301638,1,1,0.8,911784.0899013131
APP_0429,56,Salaried,29,2128150,0.7434823815885897,3,27208.083784210245,0.1534182296410135,0.3987880655312813,3499424.4793751747,1169373.4385158443,8996353.328682581,160416.718679901,2,2,1.0,452950.84538512776
APP_0430,61,Salaried,9,872528,0.7333327811620787,3,17274.14047283332,0.23757367749115196,0.23696105337345347,1185713.2182708601,1566655.5654738995,5612731.671574728,122468.06262043669,5,9,0.77,377733.1246414304
APP_0431,61,Business,28,2126882,0.5345897329202179,3,63568.90782996639,0.35865971594079815,0.27315408344018977,3581079.039579408,2197012.211949786,2404513.9309187424,202437.61242100116,1,3,0.7920000000000001,557428.8801468053
APP_0432,62,Salaried,29,924824,0.9741264162369835,0,17366.00257943702,0.2253315560076774,0.13537935638462706,2754295.8165759826,1405970.4771942713,5121626.256212815,87746.25801968522,3,7,0.77,373067.23977349343
APP_0433,31,Self-Employed,16,2217556,0.5332366095736234,0,56907.65233181934,0.3079479517008058,0.42529446452816655,2317381.9732313952,1874123.6056711352,6988764.256551991,369302.07238565426,0,7,0.6480000000000001,671950.5796149322
APP_0434,35,Business,15,4984700,0.798914678644121,0,163218.28302450074,0.39292623353341405,0.4710085139980018,4219846.568706257,7305789.674596636,13281791.192645416,750748.8652378025,5,7,0.504,1209819.8676913998
APP_0435,25,Business,3,3428601,0.8573737761102636,2,74079.52409782632,0.2592760980860461,0.337271984969987,8167681.968182767,4993753.827984572,22328802.209578346,389387.3731111219,1,10,0.6400000000000001,509920.44822596625
APP_0436,46,Business,30,659793,0.705894592241413,2,20145.31516260461,0.3663933717866896,0.18877323498103016,932932.2239920378,867258.4499461447,2830604.536159108,41946.40071884149,4,1,0.504,141095.97748427847
APP_0437,38,Salaried,11,1300898,0.8618901478802211,3,34822.22294765805,0.32121401937115485,0.7018217121369802,3483581.6833320432,1905969.7366565687,10119115.079490324,177933.45208316873,2,5,0.7200000000000001,523747.6684915351
APP_0438,57,Business,14,2524863,0.521783998797444,2,42831.77057414575,0.20356797453554865,0.4889815241184836,4586935.018086074,1062656.7185523876,18654767.4720825,319282.0636084936,4,4,0.616,592250.734789682
APP_0439,48,Business,23,750524,0.5753414329645133,3,7892.54947667851,0.12619262504615725,0.4125460022565476,710768.4069407921,1444654.9094295132,1270281.2252818714,46729.45834965163,0,2,0.8,239285.96079814053
APP_0440,38,Business,21,390339,0.6172677767769594,1,7877.414292114531,0.2421714753211295,0.4361039784184697,915061.2214145414,93161.48201742824,1054518.7360557083,17339.343955009314,1,8,0.8,142979.24351856002
APP_0441,51,Business,11,2937256,0.6944593566458144,3,58109.23531317457,0.23740212761778162,0.5538013287303104,8064837.919008723,2207908.924648826,23801787.74094594,205650.24271645086,2,4,0.8,1193465.6108380181
APP_0442,28,Salaried,12,1492784,0.8367779611562501,1,35526.89939300683,0.2855890689584575,0.228631905983759,2744172.457533664,788346.5731594419,3848746.617181689,194331.45904735342,5,2,0.5599999999999999,221112.74210410804
APP_0443,32,Salaried,11,830468,0.8322665913263124,2,10751.02937565973,0.1553489749248818,0.5499897939391993,487254.44519112806,639874.5776243567,3400453.486515957,73314.57346805124,4,2,0.5599999999999999,192283.2574929557
APP_0444,32,Salaried,13,2394706,0.9305554497511325,3,75501.76489289636,0.37834338691879354,0.22484261396106656,7005414.042457416,2833085.809527029,13330565.062727358,293524.28859541495,2,7,0.7200000000000001,962771.2088520161
APP_0445,61,Business,5,4941505,0.7914175150003457,3,83019.47842673211,0.20160532896775077,0.1898524983623059,8387972.899250773,1344809.0615919123,35094939.28387757,278089.01939183136,0,6,0.8800000000000001,1943828.660995861
APP_0446,39,Self-Employed,12,975787,0.6305465878696251,1,22364.17873433232,0.27502943246014533,0.27771508563329783,2770418.045557824,683313.2935244237,1173811.083849894,106329.75632688057,3,10,0.63,288084.0936648279
APP_0447,30,Business,13,1831165,0.6961861441068584,0,56847.614823224205,0.37253408506534935,0.38885189531778097,1592866.060626261,3180454.03359415,7922846.128493794,161637.96098975465,2,5,0.5760000000000002,359187.04276701476
APP_0448,53,Business,3,2009382,0.7911413427823928,3,53995.15914288851,0.32245830295815436,0.4324878204088539,3227591.7569558173,994287.6632877908,15174864.9887229,309207.95808384084,5,6,0.504,259083.3768369312
APP_0449,62,Business,3,1404933,0.5831135162807439,3,46423.05223933285,0.3965147283692491,0.5202408372559448,1880561.624538936,2640817.987889987,8873711.400011899,124530.75737720252,0,6,0.7920000000000001,506862.93385616824
APP_0450,42,Self-Employed,6,4862504,0.6848479858346194,1,64743.13390742658,0.15977726843805556,0.7658269785748096,5950041.512990641,5266354.954074267,40870284.45917971,386159.54351891874,4,4,0.504,974497.6255084922
APP_0451,54,Salaried,1,310262,0.7462071908921234,2,10000.98476090269,0.38680797883992324,0.7673944570813228,521659.9206402633,427188.3766865473,2802962.3613646086,29106.07013889192,3,10,0.504,50000.0
APP_0452,32,Self-Employed,16,759728,0.7395565293597148,2,17367.365051201723,0.2743197310279741,0.55245967171233,2029130.7693419496,1010736.7260894964,4014681.1312871636,97585.01337338625,0,5,0.7200000000000001,221542.34506917608
APP_0453,61,Salaried,28,1388577,0.7488541698045756,0,16644.541116997196,0.14384113621640454,0.4688351743120983,3100980.726287416,1170978.4268732416,2049532.647192574,120545.28213173941,5,5,0.77,234675.3303202716
APP_0454,43,Business,21,844468,0.7055465972239221,1,23181.12609901879,0.32940681374335734,0.5790099904097826,775086.3417068955,659269.70670516,3247734.32399531,124382.55927319777,2,4,0.7200000000000001,288307.9546231854
APP_0455,48,Salaried,18,1774840,0.9469944450491313,0,20866.917210127573,0.14108483385630866,0.32513420804151405,4343068.2884023,1671171.7874087268,16485009.249450613,110120.49707316047,1,2,1.0,712337.6375702651
APP_0456,37,Business,20,4609495,0.8384278998735417,0,86506.34550472522,0.2252038772266165,0.8328249280238171,3648019.4618190215,2010744.1469211704,5330487.284949844,392696.2729457468,5,5,0.44800000000000006,527839.2904441473
APP_0457,53,Business,17,3069282,0.5688828638490881,2,27784.1282482051,0.10862786116702902,0.7516592867290788,3240838.349186819,5347509.898045358,7001750.538052177,214814.35271448104,1,3,0.6400000000000001,495185.2897687988
APP_0458,30,Self-Employed,23,1137193,0.5310941190087985,3,31007.482397235053,0.3272002103133071,0.13401355264396067,875119.4298372498,1850780.842136498,6392517.490251929,55807.54325926007,0,4,0.6480000000000001,160137.88500064096
APP_0459,44,Business,1,1009530,0.8129483256453083,1,23242.82259473448,0.27628091402614463,0.26001954188812865,2197243.6800934705,255074.31991916877,2332027.2215765947,136227.4100069243,2,9,0.8,273893.2556852812
APP_0460,35,Business,25,2228554,0.7019636916227202,0,24092.84257957143,0.12973170538154208,0.5625069425299408,1192188.9838106201,1316176.2737162467,6070419.930834543,171373.0516724187,4,0,0.5599999999999999,735605.3351613877
APP_0461,31,Salaried,30,2414748,0.955389043035558,3,42245.79645628017,0.20993890769362356,0.5715044569082605,3861579.454280578,4645844.573509244,6345080.801215762,207715.3184744966,3,6,0.5599999999999999,386353.3439623103
APP_0462,39,Self-Employed,4,2836374,0.5494461609897068,0,60489.99496435604,0.2559182743785807,0.4966528163091759,3979790.516029016,2039035.991964855,21270618.583238732,147342.99164027907,3,1,0.63,632411.679206513
APP_0463,54,Business,24,2817303,0.7748186229949565,3,39386.37227995897,0.16776202891897235,0.4258257764016945,8345994.805247636,2733716.4228482516,24541424.29340539,432486.99391572643,3,10,0.5599999999999999,547421.3346139231
APP_0464,25,Business,16,1082245,0.6585479034127544,0,12244.281219729315,0.13576535316564342,0.41584916949644257,2421623.609121695,2120797.1057216073,8303946.227925809,165821.70929575668,1,1,0.6400000000000001,239294.93040362064
APP_0465,37,Self-Employed,7,3591422,0.5491048670794655,3,95041.0424493079,0.3175601500997919,0.32281466582308416,8201854.391544059,4480132.027173123,12414666.369133214,504067.7792833352,5,6,0.567,697320.8000261887
APP_0466,63,Self-Employed,16,4490055,0.6115562532763901,3,49544.3895355426,0.1324110004056768,0.3005518882831417,7826994.079501284,5976567.870469178,9929646.295961192,242988.71254002227,0,1,0.9900000000000001,1774745.5323757762
APP_0467,26,Salaried,13,1671352,0.7458209953518642,0,45690.78490653521,0.3280514331382154,0.6288644835448846,3008220.138747364,1814983.852683316,8681330.656390155,130970.54070779821,3,7,0.504,338560.1301787003
APP_0468,59,Self-Employed,26,4734285,0.7186480135252189,0,156710.14760183202,0.3972134696626807,0.8041005367931077,3777179.5583362533,4782612.270833144,41074034.59147607,459160.2405953255,0,0,0.7128000000000001,913664.6372410388
APP_0469,44,Business,6,4322829,0.6722724471524008,2,113372.29900264971,0.3147169568890642,0.4899639413595863,3343513.627280001,6116994.29533615,30003490.811929535,550462.2906792277,4,7,0.504,850489.2367661397
APP_0470,35,Business,2,3483173,0.6053563937386606,3,82749.13225136667,0.2850819029133494,0.38221101621669984,10256054.380130002,2705969.161070651,4365540.413566589,164776.63009141138,2,5,0.8,1459648.365101858
APP_0471,62,Salaried,25,1731333,0.8141720133215562,3,29366.712832654273,0.20354290826308474,0.3858928645368195,2386076.6563408677,2406954.557401843,5589652.529379483,212394.77268242108,4,1,0.77,752090.7396888405
APP_0472,29,Self-Employed,4,3031945,0.5679116964927673,2,28099.38066299885,0.11121328650618206,0.6262142292461903,4718260.053043841,3415691.24848418,14524695.200681603,134063.36277729316,3,9,0.504,319211.8670445572
APP_0473,45,Self-Employed,19,3474080,0.6289685475007851,0,99155.44578254415,0.3424979705103307,0.18004534656324359,7600516.622172853,2795736.115729036,19194002.620521218,476920.5011772095,2,2,0.81,1254852.3949421658
APP_0474,48,Self-Employed,7,4368733,0.7541776801566306,0,128191.05767304175,0.35211414661333185,0.5286672187690741,5322815.783993278,1247519.886491875,43539008.19547923,401574.3117177593,1,9,0.81,1759270.0822458602
APP_0475,30,Business,28,994683,0.7367458621765317,2,9961.8275777423,0.12018093295342094,0.7409485371772269,1679194.9130669194,574459.7559873211,8117474.420966951,122454.19903969124,2,8,0.5120000000000001,265665.05885834724
APP_0476,52,Business,18,2828595,0.5800307941863365,3,41339.7834194721,0.17537943786002066,0.5122953859164036,6163227.402483128,3353617.532255194,25253891.660981115,339847.65246587835,4,2,0.5599999999999999,682293.5975969346
APP_0477,38,Business,27,4119957,0.6071743814264623,3,130599.47146643595,0.380390780194364,0.6812920548126606,2676753.1736293323,2311981.640983888,21268784.31314253,295456.16613145714,5,10,0.504,1051128.1911088272
APP_0478,52,Self-Employed,11,740457,0.7535709953414143,3,11111.817763743244,0.18008042758042522,0.329635677612082,667492.9412920754,1063547.1381844992,2314052.8752643573,52925.71493292995,1,3,0.9,140667.20975531096
APP_0479,44,Self-Employed,16,4896152,0.8965172423009065,3,119986.98403778988,0.29407661536109964,0.12960298777813017,4398684.45626159,2181603.573039643,16282504.173767295,695786.9685286537,5,8,0.63,834051.0518299493
APP_0480,27,Business,16,367006,0.5221309091436386,0,5938.506722342853,0.19417143226027433,0.3383833400438534,241840.1606330645,704342.9627883488,3329096.451242483,46105.3767895304,0,6,0.6400000000000001,135590.18626570413
APP_0481,33,Salaried,4,2398194,0.9798806342198907,2,49749.60131300132,0.24893533040113347,0.17219903014944107,4795316.697522364,3817309.931430403,9162762.941211963,349437.10010971094,5,6,0.5599999999999999,701492.1780523108
APP_0482,40,Self-Employed,7,1410290,0.5427256052945681,1,45949.251138756925,0.39097704278203993,0.4515803301833603,1601757.7414613802,1778468.345926239,7634220.218038456,124817.41991995572,0,5,0.81,477836.41917174455
APP_0483,55,Business,8,2529799,0.8517734163530863,1,44039.45854431731,0.2088994036806117,0.6725369832977013,6459622.705067566,601924.1297197628,24542203.527627803,296981.9798418084,5,10,0.5599999999999999,736077.5420335851
APP_0484,28,Business,30,2210546,0.6011931584856746,3,35512.522900150274,0.19278055050734222,0.8667868894375371,3110542.715980185,3674039.1686051944,4638795.232575357,331661.00120144,3,6,0.35840000000000005,160944.7368299961
APP_0485,50,Self-Employed,10,957074,0.8745289618453613,1,15092.009838081298,0.18922687070903146,0.7875333898678226,861910.2923360779,947429.1116538722,3689194.119695328,137050.7347782488,5,6,0.504,248768.78762215958
APP_0486,42,Salaried,27,2362305,0.841327385016401,3,74402.60037105897,0.3779491659428853,0.3661777717911363,3675545.782856744,4378256.299232418,4496789.536506656,145776.8612131504,2,8,0.9,481655.57347844925
APP_0487,51,Business,24,4794673,0.7951142082416067,3,123288.23565922928,0.30856302982721684,0.7095803561931778,10085268.584209345,2544683.129738248,23928509.582512476,584010.4334708838,0,6,0.5760000000000001,773368.064825402
APP_0488,44,Self-Employed,19,889812,0.5443312798673583,1,18901.81415619734,0.2549097673153071,0.8757316694713076,2292648.181722385,1400290.7964138277,7672531.985672058,113349.44813692594,2,7,0.7200000000000001,250721.66720212265
APP_0489,33,Self-Employed,6,2947943,0.8198114671760718,1,30786.27406802367,0.1253196852233181,0.39407965053253924,4373967.536730517,2591760.885825527,25093219.40064782,333015.81617850024,0,0,0.7200000000000001,1208233.1796331056
APP_0490,64,Business,8,946389,0.889651028699949,1,14080.292705219023,0.17853494964821895,0.7814646969363448,590979.6252000596,1242047.8220536944,6060234.686534361,57089.08684870563,2,2,0.7040000000000002,385694.9428205914
APP_0491,32,Salaried,23,2125188,0.9320077961385005,3,61661.840245585154,0.3481772355890499,0.49531922411031937,2255270.4907270116,1202137.3611419967,20220039.469123024,304631.2909223513,2,4,0.7200000000000001,762890.621434568
APP_0492,49,Salaried,14,1166568,0.8800248359491674,2,30915.259408726288,0.31801242011157127,0.2514905358453452,1109318.301859944,1897346.2812783334,1468660.1700694582,190946.9848428358,1,9,0.9,399376.4317167702
APP_0493,40,Self-Employed,19,4043359,0.5342954695532329,3,47159.54275619731,0.13996148080701412,0.3585967837238262,9027037.100549784,5807615.65836821,30001818.966880962,526539.602602491,5,9,0.63,770538.2734367297
APP_0494,31,Business,2,637152,0.633145016226365,1,12810.988385609977,0.24127972701540562,0.3834413468643393,1284457.7569761511,896743.5126597898,5237540.153655907,83060.67175195344,0,0,0.6400000000000001,122929.66149291601
APP_0495,64,Self-Employed,10,3510956,0.7685048084583914,1,114228.17611595977,0.39041734313717325,0.54764831090644,6850637.998012184,2347161.768202376,19428649.179726675,554581.9528350905,3,2,0.6237,516480.5104940296
APP_0496,58,Self-Employed,5,2384443,0.5467368224658656,0,78200.78488263526,0.3935549805936326,0.4993684939842197,6994593.5869725505,1682942.6572252805,10122747.101413313,227541.2412713081,2,9,0.8910000000000001,1129905.473159642
APP_0497,41,Business,11,3855548,0.8570687239318604,2,103155.43461413063,0.32106077148295586,0.49301982381150367,11085189.170058915,4627484.518319705,35878477.55155971,467478.21925025206,3,0,0.504,535482.6533444149
APP_0498,28,Salaried,6,450417,0.8410742594157694,1,11702.916866806072,0.3117888587723662,0.4491438932181837,1345847.9590954133,841816.4974024981,615776.5108704397,38840.21514989035,5,8,0.504,89460.12291659243
APP_0499,56,Salaried,28,920982,0.7370962702101564,0,12365.72702602554,0.16112011343577454,0.3272931586543021,2382934.228168463,1427417.0829151196,7739146.032904661,103216.83838406374,5,9,0.77,202080.04344463715
APP_0500,25,Business,25,4988115,0.5722275388730138,0,72264.16495141413,0.1738472307508888,0.49848862097804847,3670070.7545041316,3948512.0109882057,17750363.1707527,819714.2770224182,0,6,0.6400000000000001,1115496.782720454
APP_0501,31,Self-Employed,5,442216,0.5324252946979796,3,8704.898675444734,0.23621665454288587,0.8641612247784044,878024.5768828413,93064.20213305455,4301848.337781702,54696.92815631475,3,5,0.4032,103230.74344121983
APP_0502,61,Salaried,7,504188,0.940467388876477,2,8275.038237900559,0.19695125400605865,0.14442801918864243,341239.59252481157,964723.5741597972,2234822.571532726,46145.29181634998,1,3,1.0,295464.112566111
APP_0503,50,Salaried,1,1173349,0.7488822051625763,3,18136.13934387408,0.18548076669983865,0.7020468530323055,2505288.7274035094,489384.59140069905,6356742.439916271,112302.95654980616,2,10,0.8,414338.1078746464
APP_0504,47,Business,4,3282451,0.705061290263746,3,63907.330840758164,0.23363272447603878,0.41047162101530843,3844401.7168864203,4203550.568338622,5947804.970238067,310138.149485886,2,9,0.8,720937.4043704305
APP_0505,65,Self-Employed,3,539219,0.7053365836791541,3,13612.224607136572,0.3029320096021076,0.6180884938611777,1231624.028836003,1011144.3869822449,3098087.293992313,66091.98686749913,0,4,0.8910000000000001,186070.08665962142
APP_0506,30,Self-Employed,10,1446601,0.8936744932168417,2,42489.249488163194,0.3524613862827126,0.5184736456139791,1791910.567723641,413598.9850490815,2443009.176264987,68429.33325756679,0,8,0.6480000000000001,346804.62976043444
APP_0507,31,Self-Employed,22,4968740,0.8251299031179558,2,73064.51896080522,0.17645806130521272,0.16541564922718266,8738082.900103534,2012756.4967878612,34553636.10818823,318549.35554253205,1,6,0.7200000000000001,780263.6527794368
APP_0508,51,Business,10,2833572,0.7348833552720984,3,77263.54594811752,0.3272062793454376,0.459958324574294,7139425.992341835,2307666.375053219,26247398.239062637,404966.7933479373,1,2,0.7200000000000001,471867.6966053753
APP_0509,63,Self-Employed,28,1091966,0.6735195682477235,0,9259.33669628271,0.10175412087500207,0.19334260829272623,1014805.9112804004,1156190.8244258454,7890825.935605198,164083.43213103342,5,9,0.6930000000000001,371074.7704622017
APP_0510,44,Business,27,3226012,0.776264916878352,3,91777.95000012306,0.3413922204881683,0.17010810449772765,2702704.037561176,1753156.0583597294,26916921.512151197,415093.2929247552,1,0,0.7200000000000001,658939.0505221034
APP_0511,34,Business,8,3855658,0.836835883933482,1,40429.16518378091,0.12582806416061043,0.7157769171203706,3356019.1530099623,3699051.2135427445,7896886.413556884,595578.0305143917,5,7,0.35840000000000005,809148.212791219
APP_0512,55,Salaried,28,2185407,0.8755678808151848,1,34319.890508330674,0.18844942205271975,0.7635606100191982,3232945.750462019,1750358.2487662446,4204661.210616285,322610.5635555396,3,6,0.5599999999999999,660189.6934326846
APP_0513,62,Business,24,4849843,0.8996105470978455,0,99522.3971260346,0.24624895393776977,0.4888807684979184,9591040.733266057,6308149.701019513,34472738.62541037,697178.614051047,3,3,0.616,1451078.5399221112
APP_0514,58,Salaried,14,1624771,0.865976705544093,2,49807.782704385034,0.36786315884061227,0.43370996647560955,2735050.02341413,1772007.4890775017,15355191.256232396,138125.32607200532,5,6,0.6930000000000001,234564.41903730982
APP_0515,43,Business,7,4136274,0.6375389559212645,1,86961.9840428522,0.25229078356855145,0.5701269680802236,9151238.239335533,7689846.570103308,35907342.550279155,542127.2125788283,3,2,0.5599999999999999,1281545.248401386
APP_0516,49,Self-Employed,27,3222042,0.8183890654812003,1,76940.40651716456,0.28655271352948686,0.3259657722157093,7646343.07296293,4513119.43054851,6965632.671990431,214595.0680256268,4,7,0.63,487906.53452372557
APP_0517,51,Self-Employed,10,2168964,0.5837731765414194,0,72258.74047745627,0.39977836687445034,0.38702940273824993,2498689.9538540407,3076610.679381969,5579514.904883369,323391.17819405906,4,0,0.567,642850.0546074989
APP_0518,46,Self-Employed,4,2101615,0.548275213128273,1,43067.27347027968,0.24590958936025684,0.8949302574415458,5174626.947547472,3330792.917738373,16667601.80624407,233898.10743888863,1,8,0.7200000000000001,668387.9073759054
APP_0519,31,Business,2,3872756,0.8195947541509141,0,126638.45217639407,0.3923979269844857,0.7253219164047988,7838998.8583141165,6758336.188057157,7423346.552222406,433654.85382341477,4,1,0.32256000000000007,333308.6738545643
APP_0520,32,Salaried,30,1816821,0.7471097642071901,2,47305.326667851215,0.31244900846820606,0.7095717519873179,3172128.5894531803,3210117.1924334653,4339770.5420323815,158306.48153683075,1,1,0.5760000000000001,564515.915471788
APP_0521,53,Self-Employed,25,255260,0.5981264258468549,3,4305.300691971789,0.2023960209341905,0.5040181825832235,182021.98884373804,222174.58826314955,1989396.100511818,22143.062824052096,5,3,0.63,50000.0
APP_0522,58,Self-Employed,26,2114129,0.5551977330498954,3,39467.76269281994,0.22402282562409356,0.4274474555138663,3481722.3906590245,3666539.977346174,17233250.911208443,183693.41912640532,0,7,0.9900000000000001,540480.0072057651
APP_0523,25,Business,26,4539835,0.8774571361231243,0,76228.02460082388,0.20149108837873766,0.42132069457736565,11036028.38177826,4455076.743687404,20608110.639809914,210209.7204828425,5,2,0.44800000000000006,1140996.7068431724
APP_0524,28,Business,23,4560216,0.8890644588939083,3,83832.29207080624,0.22060084540944438,0.6446965259360694,8591565.831403019,3410044.893355133,35041965.28724085,708295.1355576812,0,4,0.6400000000000001,1634624.845987206
APP_0525,64,Salaried,23,1994239,0.8338567152110026,1,60869.81256124133,0.36627392741536796,0.5994877445002887,4079153.3659815826,1985980.601736224,8190849.13766881,285466.4412607553,5,6,0.6930000000000001,705045.195945222
APP_0526,44,Salaried,2,1702965,0.8169980616683483,1,36349.91718231734,0.2561409108160227,0.5326321797605029,1761438.4988348458,1909038.9082872388,6488759.384356703,143483.7871874481,5,2,0.7,249583.2940318046
APP_0527,59,Business,9,2224504,0.8328915946905546,2,58940.60144965548,0.31795277391987864,0.8895637601928388,1726448.1555155022,684929.9636392943,9691740.854746932,267030.256991596,2,1,0.6336000000000002,308799.904540866
APP_0528,32,Self-Employed,10,243733,0.6812588642209181,1,6938.596500222481,0.3416162686327653,0.8912000631188978,466503.27206495934,441110.42468131427,1620751.1269096124,26403.047181208756,4,3,0.36288000000000004,50000.0
APP_0529,43,Business,26,1374165,0.7857403915454916,1,15066.353814494949,0.13156807644929058,0.5131614600561204,1348589.2551100005,2200572.877217681,6992832.050699503,82430.41894418314,3,6,0.5599999999999999,179130.8789404353
APP_0530,28,Self-Employed,29,1291050,0.6905012286149991,3,13278.643732429911,0.12342180766752561,0.6414579542056059,1945462.9357471417,1557191.1936298092,10340564.889873229,194520.5872705595,4,7,0.504,295793.1984356041
APP_0531,53,Business,30,4306568,0.7926867841877714,3,124583.10832681709,0.3471435490910175,0.21547694507709672,3521954.137877741,6374026.500187071,9321422.99220321,558700.7661772012,4,1,0.504,1037044.3740838468
APP_0532,54,Self-Employed,2,1515666,0.8776278244227966,2,47555.183598556345,0.3765092066343615,0.19501284719467282,3987405.769823656,604152.1876307906,6557185.936006603,118018.07357514673,4,2,0.567,212350.7692267335
APP_0533,44,Self-Employed,10,2666093,0.6943702162145906,1,31691.39019379356,0.14264194171978348,0.5716993953094301,1657317.0368255628,4824709.250673525,23998875.74739025,182932.2345800055,5,7,0.63,337329.04295923107
APP_0534,60,Self-Employed,3,574823,0.6670300617253078,2,12920.545317080163,0.2697291928210283,0.8202298303712799,1410255.441889069,606673.7051371814,4299849.325228787,67472.94242781246,1,8,0.7920000000000001,206953.87608823998
APP_0535,53,Business,15,1449756,0.846538221025062,2,15318.423232744577,0.126794494241055,0.599816344168796,2985009.4537959755,1300464.7939024258,13195968.714926185,121839.52670699538,0,10,0.8,644871.4940410646
APP_0536,42,Business,3,1589277,0.7828834504628304,2,35535.34723744457,0.26831330652198127,0.19902528908201564,3017054.942136004,868330.2866642973,10438906.117136892,180817.78883233422,0,9,0.8,519631.93509279843
APP_0537,55,Business,29,356565,0.5481132705755662,1,11550.121789649189,0.38871302981445255,0.31997002236102245,361739.6477974886,603822.5004062164,3048722.375603043,40687.90331555687,0,8,0.7200000000000001,113663.71851923606
APP_0538,50,Business,2,4322774,0.8447897342856192,0,72762.00059875638,0.20198696651388126,0.2444064045842673,2421368.789311837,4972154.77485494,19184898.31911773,229300.6922416949,0,8,0.8,924251.9529744554
APP_0539,34,Salaried,9,675929,0.7462682112458219,3,17100.021931994423,0.30358257033495095,0.14713098773047575,1962092.336428274,355960.5095322476,5015194.193883452,53344.11983697664,0,5,0.7200000000000001,125066.22261527661
APP_0540,45,Self-Employed,13,1214738,0.5207512474136337,1,32963.95251195944,0.3256401216916843,0.5688232614784904,2104471.150207042,1888069.656194429,5424337.366968995,68088.29777316668,0,5,0.81,379730.5301572677
APP_0541,51,Salaried,16,421242,0.8222481369231819,1,13132.940006832423,0.37412052948658747,0.11489826601242861,794120.4300190359,528705.4069982715,806082.266432182,57726.56298019372,5,2,0.63,85412.05413936867
APP_0542,51,Self-Employed,3,4397931,0.5813827627387094,1,77693.69003787464,0.21199156613746228,0.8882469723712701,10797180.771922057,5134866.497930109,21170637.58747949,684332.3927004358,3,0,0.504,444199.0062801964
APP_0543,54,Business,10,1604099,0.5002171726828069,3,24327.61596612583,0.1819908818554902,0.30071116590194535,3529008.9660763605,3206008.988470431,13766294.292285578,109497.2951777601,4,4,0.5599999999999999,196002.5783322208
APP_0544,59,Business,3,2721937,0.5358860415080335,0,79196.8965358382,0.3491494323454431,0.6800590250282232,8157789.813518488,4847505.033537731,7887225.0667758435,285175.15615315165,2,10,0.7920000000000001,1246389.6563087283
APP_0545,65,Self-Employed,25,3997674,0.6092052556452998,2,67457.06470185028,0.20248894142498947,0.467839473241524,7990487.500913206,913765.5725171539,28889613.08958792,489603.4425725564,0,9,0.9900000000000001,1545922.3799970574
APP_0546,25,Business,6,3665862,0.7223162618138438,3,100426.15887818001,0.3287395724493066,0.5305051629611777,9048311.85795778,5016274.269870297,6223563.415831854,166925.41743746813,5,7,0.4032000000000001,693067.2130783414
APP_0547,47,Self-Employed,27,3202834,0.6547004138743479,0,36680.23203282171,0.13742915942376674,0.3963845129981508,3146711.2017857805,694547.1879130986,24624348.66595881,437088.48669039056,5,5,0.63,558128.8713483692
APP_0548,64,Business,10,2055121,0.593703177512047,3,66823.79241071435,0.39018895185664115,0.12943683433983538,3559664.168170637,3015449.9841465484,13264249.66175396,87463.05550232691,5,6,0.5544000000000001,278434.9900529413
APP_0549,42,Business,17,4344067,0.5681908385508811,1,107860.11610358783,0.2979515263560746,0.5525656382571194,9582833.710344514,5287826.071662711,6899445.407458209,250641.65815406502,0,2,0.8,1055955.0844889139
APP_0550,61,Salaried,29,2493956,0.9186696599027202,2,32744.699630029867,0.15755546431467052,0.6423829735703319,7431685.5751908375,3609688.2379675675,14456150.253407748,182761.58654128405,4,7,0.77,385570.90765091364
APP_0551,52,Business,22,635056,0.8415439246259908,2,12159.441125117026,0.22976445148365549,0.8960851812772507,752597.8740530303,904518.04390466,3301834.3080361728,55155.02451586888,0,3,0.6400000000000001,88922.41437571535
APP_0552,51,Business,15,2852829,0.5020637136455145,1,47645.03641096071,0.2004117445986172,0.8040787671316839,7186796.254551992,5655666.05320573,8645931.999618296,364763.53552541294,0,3,0.6400000000000001,508946.0210935685
APP_0553,46,Self-Employed,3,1011397,0.5111491008995963,3,28860.02141912971,0.3424177222490837,0.5740246164633089,2089286.0412224918,810882.0475229556,3290767.488302435,55775.25582139523,1,5,0.81,436656.16554294754
APP_0554,46,Business,26,2185949,0.8774190308836425,3,59973.25431682444,0.3292295711390766,0.6002790060428154,4256777.560355505,773743.8818207276,3379876.1064199563,100192.15511531738,2,1,0.7200000000000001,807494.1883615267
APP_0555,28,Self-Employed,2,2728922,0.7442954558914459,3,27229.428803213475,0.11973707773199882,0.6420515659796593,5179890.001758774,1994433.1524297849,12097582.361883638,146394.24349905015,3,3,0.504,750726.118108585
APP_0556,64,Salaried,15,1910277,0.8392627279352352,3,57942.11606917963,0.3639814502452553,0.5953844434099074,2577042.3520020843,3605939.601831698,15370780.716697803,188021.4246626933,2,9,0.9900000000000001,523841.12891261926
APP_0557,31,Salaried,20,583302,0.8778659495474765,1,18048.870624187923,0.3713109975454483,0.20078530095436414,1033754.0629046297,489801.13162717526,3110512.586740274,69572.19549193257,1,3,0.7200000000000001,107123.26023710193
APP_0558,27,Salaried,5,1607225,0.8753566885795775,2,25897.27965166155,0.1933564720682783,0.8081775280305368,3919602.547918663,747900.1551631062,6072208.122323647,135857.45330198068,2,0,0.6400000000000001,418724.2715819186
APP_0559,34,Salaried,8,2426964,0.9457551363896763,0,45832.87983975585,0.2266183421250048,0.2563257037193225,2429220.490913201,4454207.983291649,19579226.912818383,204740.2778604954,5,7,0.5599999999999999,649530.9799353542
APP_0560,54,Business,23,2977849,0.8408034729314171,2,70681.96111461805,0.2848309411845317,0.4349562306917849,2697037.739737604,3030687.2651201696,24128684.041329045,139782.27308156277,1,0,0.8,1085144.423104546
APP_0561,39,Self-Employed,20,1987935,0.5956076159499473,2,56686.19715496781,0.3421813921781214,0.4007294428665421,2983455.9054077994,3353550.490101276,2108261.716480419,85288.72941529633,2,0,0.81,679317.3080011809
APP_0562,34,Self-Employed,15,1830774,0.7525338309576701,2,17265.945341524643,0.11317144775832283,0.12374845861865796,1820819.1405436564,940036.3515942002,16419186.893326972,240785.68660342094,2,8,0.7200000000000001,393319.28810178494
APP_0563,37,Salaried,6,1398020,0.9731946850594659,0,40709.610872172816,0.34943372088101304,0.20979482757403103,2987810.587727141,2506678.8613934396,5655619.328700275,94990.34084846322,3,3,0.63,306375.3069700529
APP_0564,48,Business,6,4620181,0.8908407384128059,3,139959.27814808546,0.36351635093452517,0.1523020155340035,3978348.294711134,8609614.155361036,37673339.57357634,303207.8246728599,3,5,0.504,761863.4319145879
APP_0565,52,Business,8,587513,0.8052329499007106,1,17445.739779878775,0.35633062988996894,0.33534619682781563,511968.99074486294,378892.4018340797,3915851.8556142603,45048.046899083005,1,8,0.7200000000000001,248456.12246057705
APP_0566,56,Salaried,24,641448,0.9353995668977513,0,8030.397755512838,0.15023006239968642,0.41049267501418607,1735793.7070463721,995556.3440236872,2802098.1240355605,68332.30881210725,1,5,1.0,311098.91198041366
APP_0567,58,Business,16,4350616,0.6895032622466548,3,105658.94421233494,0.29143168014552867,0.7324995850562014,9242201.314286992,2492725.791371487,39390310.31301101,427129.0148689787,1,6,0.7040000000000002,880373.2223238602
APP_0568,52,Self-Employed,19,1518767,0.8741995627952563,2,22320.656993053388,0.17635877255473725,0.16780713280636253,3613233.0803956906,1110349.943962541,8610477.103591217,106980.22207409599,0,7,0.9,553460.4917770503
APP_0569,46,Self-Employed,15,4122101,0.6730022651223921,2,117257.0581889326,0.34135133958803804,0.35361634059559977,6001479.44751854,2156758.742789068,12795469.760691112,504281.4437640749,2,1,0.81,1061126.7967678027
APP_0570,57,Business,18,855645,0.8143493183744697,1,9235.456566755498,0.12952273291033778,0.15707894182346394,509710.68959527573,479633.40852416155,2369979.986385552,70866.08322063598,2,10,0.8800000000000001,405231.57144278573
APP_0571,37,Business,20,1356496,0.899362039133904,2,11593.537631235979,0.1025601635204466,0.3395793216338471,3466894.684316944,2183457.819493141,6286409.783128412,125321.88670876458,4,10,0.5599999999999999,155540.6080738899
APP_0572,57,Salaried,28,1967258,0.7682735477989755,1,39727.37782596185,0.242331475541867,0.5126602803886153,4849166.286377228,3076237.4114294127,14759536.418947812,195430.968145656,0,5,1.0,1059015.6389402705
APP_0573,52,Business,14,1958124,0.67547232046715,0,34660.434760847274,0.21241005019608936,0.5620067588910473,1607353.698816935,3716592.198364401,2128736.1006783023,279946.80019309587,2,5,0.8,454592.20302143676
APP_0574,52,Business,25,3583702,0.8051366322596174,2,59078.478542434576,0.19782385435764885,0.11859187226043595,8828071.893170858,6665182.363697554,8540754.420938935,576067.0514013923,2,9,0.8,1295682.3630085667
APP_0575,63,Business,19,3478988,0.8920688461700634,1,111503.82745525612,0.3846078024595294,0.1509673984914456,5100490.740832253,3668939.973581439,13775304.391582062,563279.2417290465,5,4,0.5544000000000001,457686.04711082083
APP_0576,31,Business,18,1690119,0.5128236616446817,3,15218.331687940821,0.10805155155068362,0.2591989878981771,4695764.560966302,1511996.3545349285,4821961.338613385,131921.99811564162,4,1,0.44800000000000006,289138.34625713766
APP_0577,48,Business,1,1641378,0.6307088281503539,3,29726.939771536836,0.21733158191375906,0.891676098768377,1350598.322293739,1564469.2075053453,12619381.51067229,148201.2980821345,1,2,0.6400000000000001,575852.7871575808
APP_0578,44,Self-Employed,27,4182743,0.5635124999395295,2,96289.38805715916,0.2762475860185314,0.5019800169275525,9252603.221664645,2910326.4771916484,4462944.028659119,248886.4476276785,0,6,0.9,1663667.188407981
APP_0579,40,Business,11,4975039,0.8516957565872628,3,99006.85653812467,0.23880863616496195,0.1312678321438474,3620617.9245713484,6782661.949006262,46118923.95034467,422949.9390886749,5,4,0.5599999999999999,993038.8904768709
APP_0580,36,Self-Employed,8,1706410,0.8599858481220499,3,33751.14675748401,0.237348445619639,0.8286664763634207,1635783.0505753118,2087805.396599284,7750449.134674068,272816.71295969386,1,2,0.7200000000000001,380269.3181407903
APP_0581,65,Business,10,759888,0.7792175970272355,1,23595.848487607258,0.3726209413114657,0.429022526695667,1827266.1979082418,317796.6543332349,3281643.646320976,103414.12672264024,4,5,0.5544000000000001,153362.80283238876
APP_0582,35,Self-Employed,7,4445177,0.5178540660803541,0,45177.31460752423,0.12195864760622374,0.6555885712839488,10554363.126545269,3938782.535263884,34288392.583492234,660723.5959596211,3,0,0.63,572120.1289177054
APP_0583,32,Business,30,1344882,0.6308441450306641,3,27505.94931544899,0.2454277711988025,0.1545897369536675,2516370.180529748,855517.7643108795,12843846.10388285,79615.18090844521,2,2,0.6400000000000001,230876.98025567245
APP_0584,26,Business,4,1686768,0.6176578614835482,3,21159.9440017172,0.15053601207789474,0.6371137247299494,890658.2792549022,1166997.3171727308,8376358.1813213155,107799.985461671,5,0,0.44800000000000006,420966.0772350319
APP_0585,59,Salaried,15,500303,0.9509503423455143,0,9054.880463812475,0.21718551670837413,0.34665940072528534,315710.2747926251,104262.30416231725,3978252.989721976,68819.652688486,1,5,1.0,281922.0181819363
APP_0586,37,Salaried,1,2068665,0.7083832509576319,0,34673.40997880689,0.20113499273477473,0.25372145581221295,4493913.31337103,1235038.7918223434,18495053.586030204,292265.5160137656,5,2,0.7,708979.5281369876
APP_0587,27,Self-Employed,17,1103317,0.8262497345421954,2,24697.404894650874,0.2686162351670558,0.2516380287687382,1122954.1541994635,1296468.9436557137,10426686.632273274,62632.17470155983,1,1,0.7200000000000001,272181.66398882365
APP_0588,36,Salaried,13,1626407,0.7035944135245382,1,32207.301337266774,0.2376327795239453,0.15281302725053847,4127352.9332548124,2228016.5625969935,7027411.322979147,81455.4641403507,1,6,1.0,521448.36509548355
APP_0589,63,Self-Employed,4,4697816,0.8165039092020132,1,68737.67873929105,0.1755820459701897,0.1757956540576645,6158299.942751244,6274276.503113086,21126496.514373977,738665.0536725725,5,2,0.6930000000000001,1083519.7987736498
APP_0590,65,Business,11,4244402,0.5270053933116949,0,99941.51790733193,0.2825599966468735,0.5680295315319989,6179545.83337105,5742953.993075478,13122966.449429477,488531.66802804975,0,3,0.8800000000000001,778708.1670379633
APP_0591,32,Self-Employed,8,3794500,0.8028982974396519,0,37305.280491732236,0.11797690496792379,0.39961890279487655,4711011.48600194,1794825.2652860878,10774361.215449492,176083.79568951236,5,9,0.504,1138698.9337731742
APP_0592,53,Business,29,2957250,0.5537068047467661,2,72226.05565637715,0.29308062148162173,0.708395105836436,5329503.160097463,5795090.7046016175,20205167.615100697,229847.98220784092,0,3,0.6400000000000001,1019705.1064277443
APP_0593,46,Self-Employed,8,1926521,0.7157247008504688,1,54654.68510155813,0.3404355422124635,0.657022438761605,2034618.3560125364,3411619.0313357064,10968160.572740471,124472.23448550593,5,0,0.567,246700.85560820912
APP_0594,56,Salaried,7,518552,0.8903100877821726,1,16484.869974960395,0.3814823579882533,0.20044879968022933,484425.8655557223,616000.7708651084,4229879.396144301,34853.60831680933,4,1,0.6930000000000001,133140.13275426623
APP_0595,54,Self-Employed,6,1857054,0.5979699832916759,1,43602.91147756533,0.28175537045814714,0.34248056581826736,3604643.1646614927,3606225.157707245,5223166.8729511155,277573.59678938583,3,1,0.63,679041.6829230218
APP_0596,48,Self-Employed,13,1607323,0.6882853938382151,3,33698.56693849377,0.25158776628090634,0.6879424836244016,3858878.997770731,2692727.0923266285,13086867.923371088,70952.1416578555,3,6,0.63,548448.5632736966
APP_0597,44,Business,18,1481768,0.7211408547361142,1,21879.23268041021,0.17718751664560345,0.4709209877601104,2421220.417436206,1296938.7689112506,9563668.826141609,75065.0671868073,1,7,0.8,329884.5868336719
APP_0598,37,Salaried,1,2400087,0.919110592585829,2,49489.0169728113,0.2474361153048767,0.8405528570164451,6841957.92356839,4672697.569806479,10460308.96276701,246874.2831731129,5,9,0.5599999999999999,307106.72196437675
APP_0599,27,Salaried,13,980997,0.7582684601015244,3,31647.704116734818,0.3871290629847164,0.7170163030212282,2333736.4490600424,811717.7646432541,7241873.074712962,118739.02810277793,2,0,0.5760000000000001,260129.816439477
APP_0600,52,Business,8,2233003,0.6910902232960092,2,53831.340896386646,0.28928581410622367,0.6411404790178303,5010140.946842348,3040457.7037046035,7484973.103101284,220175.24119531244,5,2,0.5599999999999999,377289.34743134776
APP_0601,63,Business,22,1554151,0.5049349549911339,0,37988.52956296769,0.29331921721609566,0.8335062824746831,2322161.609336261,1950597.4693666873,14156700.613932606,165491.89982205073,1,6,0.7040000000000002,291396.98374059837
APP_0602,52,Self-Employed,23,2735201,0.7002587287654979,3,62869.49106860691,0.2758239313393359,0.6871467495656549,6512939.260698297,5097804.890884282,24137496.82860997,151327.52711522128,4,5,0.63,905858.805374339
APP_0603,42,Business,7,3538416,0.7796035984399925,0,116799.46993406577,0.3961076479443879,0.7531115024788574,1783172.1604560744,1152514.0738189125,25713139.602552988,379625.7375496044,5,4,0.4032,703667.2811527593
APP_0604,35,Salaried,12,1081818,0.9112141589842708,1,22171.984124155333,0.24594137783792097,0.502091002157231,839053.3077850889,1320646.4611176604,3151509.31314061,72248.42826557145,5,2,0.7,396562.04086077993
APP_0605,37,Self-Employed,29,3629199,0.6762921799029034,0,109029.78681743059,0.3605085975746073,0.23290090608483435,4474127.203158519,3193373.4560256097,12669024.98874453,306433.7997129533,4,3,0.567,804909.4000041393
APP_0606,31,Salaried,2,1416023,0.9255396089446851,0,35352.982879122625,0.2995966834927621,0.7313657342649629,856195.9859802774,821184.3702186471,11506714.522606298,125494.88555235023,4,4,0.44800000000000006,363404.46934896766
APP_0607,55,Self-Employed,20,3802518,0.634620080503181,2,126697.85292094616,0.39983354057794174,0.7534777536368192,10846597.482628573,5312653.472444126,16753594.989331916,185646.00014910568,2,5,0.6480000000000001,1287476.4589714296
APP_0608,25,Self-Employed,28,3570612,0.7900880749089156,1,32047.47104415896,0.10770412818024123,0.19831563156250287,6521984.712715173,6826694.112690889,27718509.82018493,259704.434996579,3,9,0.504,853857.85403719
APP_0609,55,Business,14,1776512,0.5012516438549203,2,15542.865037104171,0.10498909123341134,0.38816448970696027,1091463.5839568248,2937647.4582170756,6981206.808247414,172685.7362853559,4,7,0.5599999999999999,358210.5550260604
APP_0610,64,Salaried,12,2094810,0.9817254258650916,3,69139.45526110103,0.39606143904851154,0.7856800001829847,5787974.494877302,3187672.2458208045,7635093.854134558,138364.89456500224,1,8,0.7920000000000001,913318.1670150476
APP_0611,57,Salaried,5,2388449,0.9390462281266374,2,69604.62526967842,0.34970623330711315,0.8970437917038598,7089033.7160822665,2484573.280279855,21657684.504986342,384655.1002950359,3,10,0.5544000000000001,551202.7141424991
APP_0612,40,Salaried,6,675104,0.7316409031336607,0,8330.25359091671,0.14807058333382786,0.8431738872915554,1861006.064185312,1066229.4739611333,2014094.6844048288,49870.09079268122,3,10,0.5599999999999999,94226.94994830996
APP_0613,33,Business,21,4326849,0.5361767017708434,2,130375.95858750171,0.36158218210296234,0.8454239641187912,10452989.88822477,5543658.269189922,29404741.673258368,384193.7170787823,5,6,0.32256000000000007,644195.6825472558
APP_0614,60,Self-Employed,26,2157628,0.5894203342768369,0,33675.70957007189,0.18729295079636651,0.18910601788246284,2914080.8010094534,2731472.6357491426,5811371.107432968,343963.93408118625,4,5,0.6930000000000001,375254.92433827446
APP_0615,45,Self-Employed,19,214080,0.6243195654806045,1,6317.778729240261,0.3541355789932882,0.8838795985203891,278112.92777888133,183475.74753945196,1522905.0777153096,30236.087499111778,4,10,0.45360000000000006,50000.0
APP_0616,39,Salaried,13,338539,0.8614878829993948,3,5494.992041069553,0.19477786752142187,0.7529183682375544,420485.3716233165,201101.51940850413,2410339.552666944,20344.445826014657,2,2,0.8,135097.0950715474
APP_0617,27,Business,11,2791169,0.7009511977146122,0,42341.04817046453,0.18203576280962364,0.7781354111821787,5400716.305774326,3728830.7691550534,8209792.568841084,218000.22089289722,3,0,0.35840000000000005,592667.4223310081
APP_0618,46,Salaried,27,1183375,0.9544209846839117,1,30582.573911814194,0.31012222409783063,0.14205304338430072,3152013.6738567585,618001.5214979878,6375482.353801164,107264.24552778827,5,2,0.63,444650.7068765137
APP_0619,60,Self-Employed,11,3743662,0.7711594744724679,2,102112.82836955423,0.32731425551629684,0.41285047573937905,6812008.877725727,2656022.490324022,27206639.9562713,247280.81269639404,4,6,0.6237,557877.8363841225
APP_0620,45,Business,28,654019,0.83992388824992,2,12931.032038521347,0.23725975004129263,0.23095557437632924,551928.2028829261,950106.4468307277,2367374.891983994,39090.406239930395,1,3,0.8,258535.04941016916
APP_0621,25,Self-Employed,24,1055200,0.7713271224066593,1,18726.875142590477,0.21296673778533523,0.8861604358381693,2319976.6105048303,530555.8825866842,1590169.0706561957,90868.17698646241,3,2,0.4032,245924.6928705334
APP_0622,32,Business,21,3039424,0.7373569561058921,1,72969.41846999298,0.2880917639789367,0.4231951966583789,1778008.541788639,1925595.9453634757,16405695.416691914,388027.09205911675,1,10,0.6400000000000001,968881.0182266571
APP_0623,30,Self-Employed,28,3405294,0.6100864161024496,3,59648.5249621901,0.21019691678494756,0.1960003084935405,2406155.12035105,3679737.5190453525,23902200.894655123,358867.6876296326,0,9,0.7200000000000001,1052299.8305925396
APP_0624,61,Self-Employed,9,993170,0.8177374857451887,1,17809.852470434787,0.2151879634354818,0.899963352946023,2241428.22710083,732019.9458598235,2112599.6533790124,81758.04093321593,5,8,0.5544000000000001,150843.824408532
APP_0625,26,Self-Employed,18,4699790,0.8133898222809919,3,46676.55139622829,0.11917949881904076,0.7697151516957375,8682648.016862476,7866930.022933021,32265496.267660584,638490.8805206973,1,10,0.5760000000000001,1513367.9551283307
APP_0626,36,Business,23,1709425,0.5021296011052184,3,48455.63050533315,0.34015389155066633,0.19843624257530668,1405215.686404386,976447.1849177178,4189616.668145242,191419.17704665518,0,1,0.7200000000000001,728590.0794334771
APP_0627,57,Self-Employed,12,4766985,0.5686412794084886,0,69320.35395516653,0.17450112544134255,0.13693301049598816,13654964.10297562,8715550.77130034,17354549.50394037,516881.6402593053,1,9,0.9900000000000001,1869684.731828945
APP_0628,45,Business,30,3153772,0.7424688534087225,1,80520.81699680294,0.3063790927060153,0.6300935972914892,1929600.3333563292,839285.3001926015,7174850.156628063,468894.3475126186,1,2,0.7200000000000001,1001062.6870178137
APP_0629,38,Business,12,2526963,0.5513968459639085,3,25755.627704770694,0.12230789784308212,0.3039738968650963,3675355.9479053477,4615719.989912871,11625380.159149177,131587.62124706825,2,10,0.8,748258.7018250893
APP_0630,34,Business,7,791883,0.7518272809167948,2,26304.22710095753,0.3986077807093855,0.6574423470829202,777287.4488399108,688824.2319914814,5476553.925912823,114213.43768034103,4,2,0.4032000000000001,117457.6569003354
APP_0631,34,Self-Employed,26,3837528,0.6515767604884799,1,39416.970289524856,0.12325737909255602,0.19969697911423545,2973989.5327960383,4555390.61904001,6115615.989407389,466984.37987107114,2,5,0.7200000000000001,1412534.3214689144
APP_0632,34,Salaried,9,341369,0.72938405657669,1,6076.0753457664505,0.21358970541905506,0.18400218357285025,960642.9699786876,176254.43708628305,2579024.611845133,27304.52264899447,3,1,0.5599999999999999,78681.1394425423
APP_0633,61,Self-Employed,18,2473765,0.7429867777200524,0,31174.43290900532,0.1512242249801674,0.8572082445137078,3646102.8329366865,2031730.8970923778,18977919.238319177,402399.1944090951,4,8,0.5544000000000001,600487.3096489625
APP_0634,50,Self-Employed,19,1270153,0.6036244124457164,1,31464.746691577293,0.2972688804411181,0.2141361139941255,2437299.052929072,865311.8342565541,11769205.682266317,154407.23277293105,2,3,0.9,538744.89701295
APP_0635,51,Business,15,1735992,0.6755840032882877,2,49119.99051189873,0.3395406696245056,0.501783396523116,2065062.192386268,1683872.5706705533,16448685.794931604,263593.25168308074,1,4,0.7200000000000001,567778.6672975062
APP_0636,30,Self-Employed,14,2823427,0.8380982431475538,0,28942.000503030373,0.12300796373923054,0.2920293923906502,2072632.644172498,3488541.8565479387,4972806.226115398,218527.67269898142,3,0,0.504,832269.2915075625
APP_0637,52,Business,17,1344444,0.691862379007951,0,24832.041509699102,0.22164143550522686,0.5930292856108189,3733811.4068684294,2074007.974162942,9985778.026533924,174092.90175408663,5,5,0.5599999999999999,224127.7947912383
APP_0638,58,Business,20,555307,0.7429494185705543,1,13991.730377722737,0.3023566505242557,0.8055444524509338,1004434.3258173371,336029.2822546287,930750.8215027419,81403.99885778458,4,5,0.4435200000000001,143092.7354924184
APP_0639,52,Self-Employed,13,1630123,0.6493134795717251,0,27357.21034327573,0.20138757880191172,0.6432505384073568,4204602.3605686445,2822392.828506855,14215088.986849174,127026.94207085445,3,4,0.63,314152.73777645914
APP_0640,25,Business,21,4971792,0.6574485904498791,2,156915.01815625207,0.3787327019865322,0.8673079528985836,8893653.554909004,8989756.364980059,46827963.79419629,761819.7591292466,3,0,0.32256000000000007,548943.1222865408
APP_0641,64,Self-Employed,11,2702746,0.6415570977543713,0,46153.106419589945,0.2049165097404933,0.6779468726286751,4068092.795545578,583670.7539118535,13181925.631488822,179353.47020374011,4,8,0.6930000000000001,1047765.3264697831
APP_0642,51,Salaried,30,2344354,0.702073135574826,2,32787.464923748186,0.16782856986827852,0.4162870608229009,2926251.6895035906,2276402.068799159,6188246.754928432,335499.6767331093,0,7,1.0,1084291.5240340084
APP_0643,53,Salaried,5,1783683,0.9241273263855878,0,30883.136927478943,0.20777102384770574,0.7964112562490667,1776836.4128814489,965366.2045272122,2429923.4223766923,162288.25029347278,5,5,0.5599999999999999,559761.6589088237
APP_0644,35,Business,7,4220617,0.8838795413531151,2,47706.22899228739,0.13563769181317534,0.4912542673952798,7339311.050367009,6023350.854124078,9061267.501085361,572116.8951160529,3,8,0.5599999999999999,1159077.5766927586
APP_0645,49,Salaried,4,752479,0.9378138870473628,1,9196.710337918654,0.14666259663728004,0.5000007451394137,1819842.1521973491,470832.79472790204,5346207.431482351,63535.03118665665,4,0,0.7,196857.52424514177
APP_0646,43,Self-Employed,16,893023,0.8043599588541744,1,21230.42726362159,0.2852839480768794,0.6833988577797403,863687.7200029114,630518.8034903966,1817462.4766594055,66626.66718307331,5,3,0.63,262473.0987353781
APP_0647,52,Salaried,16,732285,0.9103434862132148,1,9556.361894131767,0.15660069881204886,0.7838975345563662,1517492.0699086809,342494.8057813739,1526192.297679477,67243.57986519593,2,3,0.8,334882.32694483217
APP_0648,52,Salaried,20,1137365,0.7272806291230397,0,20293.036436594815,0.21410579474411273,0.5199769455578681,2559522.958853535,2234039.4183626017,3407519.5242003514,107965.67921725869,0,8,1.0,421768.07473671075
APP_0649,28,Self-Employed,4,2458599,0.6454304584281323,2,64225.91607248388,0.31347567979560986,0.29757490944767523,6731067.729581361,1296057.6500672575,2470457.690645812,305408.4249302393,2,3,0.6480000000000001,500458.05083317665
APP_0650,42,Business,4,3814714,0.5739360012181491,3,66463.24474688499,0.20907437280032523,0.34348535604195957,2831349.595504811,856749.8601290487,22758255.81238031,569969.5811512048,2,5,0.8,1515255.7959347316
APP_0651,48,Business,25,4636416,0.7418855231153735,1,114007.34557336212,0.29507450299549165,0.26802664151386746,6769739.454714983,8331402.351383008,10081277.585928775,623552.0341429319,0,0,0.8,1612080.2943947923
APP_0652,37,Salaried,23,2169694,0.9776501918553652,0,69167.20508610604,0.38254540088753186,0.5952082952433704,2720125.932363073,2285897.030990761,17029694.141908664,235110.9947453885,1,0,0.9,490393.15328062954
APP_0653,51,Business,23,2318337,0.8566346611889462,2,71187.22461065133,0.3684739083782108,0.45878577607789417,5316676.290054247,4264647.038061388,3731077.000840337,218021.48122550224,4,0,0.504,311709.96536726836
APP_0654,42,Business,5,2629813,0.5181780903214304,0,74142.56205497355,0.3383171140532359,0.6550426673304492,6184762.634848684,2407564.5855708416,18835374.248835437,395651.7673796194,0,2,0.7200000000000001,710235.0267603107
APP_0655,57,Self-Employed,18,3473628,0.660339583776052,2,46916.37679079138,0.16207737889304685,0.1028804371357146,6703216.071407045,4396928.600902571,3750656.5128825093,547947.7252332765,4,7,0.6930000000000001,966565.7678628176
APP_0656,58,Self-Employed,10,2048315,0.6185454747326812,2,45343.76700631616,0.26564527627625334,0.2368872775073615,1257729.244919304,1287960.387718071,2768945.1512355977,123275.99726936338,2,2,0.9900000000000001,624924.9353100398
APP_0657,28,Business,8,1961376,0.7138379696493888,0,48150.74292713394,0.2945936501341952,0.6061463034460516,5747903.7092683725,1538133.3599965407,18668083.437005706,298452.7106620883,2,2,0.6400000000000001,456090.09381974454
APP_0658,64,Self-Employed,11,680360,0.750382121848828,0,19683.922416208286,0.3471795358258855,0.2754236741690437,1981935.394257787,352510.4571521745,6629728.793681251,74050.55487523407,4,1,0.6237,207519.86619490615
APP_0659,49,Business,9,4821097,0.5824636036659688,3,66768.86338029656,0.16619171125649593,0.31503480198334827,9421192.497040596,7973705.5192758385,37489232.4831712,294674.3739889771,1,6,0.8,1340095.273712324
APP_0660,55,Salaried,16,1061322,0.8378170337938398,1,13855.379739299518,0.15665797644032087,0.4924147066077892,2466193.9108201624,1449357.9743515907,1262363.700040376,65835.39326726508,1,6,1.0,504071.41354706563
APP_0661,37,Salaried,5,602194,0.8279185091970573,3,18705.114995441083,0.37273931647491176,0.8763083720356483,451997.4803683846,691439.9878266988,4541073.668969161,85912.46317086896,4,1,0.504,106576.06899547168
APP_0662,26,Salaried,27,356841,0.9290337268200155,0,4152.847574175511,0.13965371381121042,0.7160941009735796,417197.51170932926,674242.8995938647,2282617.180678652,50213.49542479789,0,1,0.6400000000000001,95221.8657940615
APP_0663,46,Business,3,1897196,0.5556920393718047,3,54487.386394878915,0.34463947675334916,0.3459079941019792,3220055.6738916715,1212034.944043447,11177781.6662471,142477.04190146638,4,1,0.504,199348.84419145837
APP_0664,27,Salaried,18,1544611,0.7307698268701338,3,18348.75688441047,0.1425505079356069,0.829733569766955,864985.5191046096,1496486.7593535234,3593365.408515969,190894.21245351943,1,10,0.6400000000000001,349845.76436218224
APP_0665,32,Self-Employed,6,1123884,0.5898089829139002,2,19405.015910518367,0.20719237121110398,0.5925574143750952,894473.9051851494,2092644.2405821057,10428365.02314481,172645.41597492696,4,2,0.504,153633.21628676352
APP_0666,58,Self-Employed,20,1721403,0.7717733246840375,1,52780.405834428675,0.3679352656020375,0.6497285741660819,3549353.4092556015,1233574.5982511106,15283682.267126797,130057.72286104555,3,10,0.6237,373245.24730046064
APP_0667,41,Business,26,840633,0.8155424505537116,1,23351.04826184709,0.3333352118488866,0.21727127027664184,730888.7462034017,844038.9985501319,6869364.247858843,137619.24876919828,0,1,0.7200000000000001,260948.244476918
APP_0668,42,Salaried,3,1654984,0.9984315048028582,1,45548.004060593295,0.33026062410701224,0.3820870060879933,2872251.527800889,1764741.5293399028,16145427.761292286,193442.07018631985,5,5,0.63,266173.99260775873
APP_0669,40,Self-Employed,14,4808191,0.6988409177623607,3,104074.22767447737,0.259742329723118,0.7571233584291608,7027498.745864174,5989732.234408202,23062809.55675401,547658.8286158908,5,3,0.504,1166196.0121695607
APP_0670,40,Self-Employed,1,1905233,0.8975621248799417,0,33138.27845288623,0.2087195326947595,0.4791410801268564,1588929.453889405,758818.7969333128,17532444.37992453,165324.6572541135,1,4,0.9,658714.9123823183
APP_0671,60,Self-Employed,8,1967793,0.8311287230985975,0,53146.58104475447,0.3240986082057684,0.19378864742548452,4406777.659422736,900339.7634875284,14950767.147826724,253219.5062700933,3,5,0.6237,272013.3648835319
APP_0672,31,Business,19,818830,0.6907306278867638,1,7441.507873092196,0.10905571910788119,0.39219537461565435,571120.1942208939,277352.07821402553,5013408.182592695,117404.31543147672,1,2,0.6400000000000001,203282.54973338614
APP_0673,33,Business,17,2712452,0.688073800240524,2,52710.19612268562,0.23319209094657803,0.6158777218773783,1445800.7915249935,1085740.284877718,4177195.5781838577,330847.1334926922,4,2,0.44800000000000006,487673.2091663011
APP_0674,25,Self-Employed,27,3753588,0.7719614176399766,3,83281.7254057601,0.26624677638278926,0.7636145845535657,10502072.184567332,4141597.8460230953,27717151.93933544,355184.9512314986,1,4,0.5760000000000001,1273995.4861290685
APP_0675,58,Self-Employed,5,1977246,0.6601609695525281,0,27297.845735050312,0.16567192388837995,0.24695501817765805,4676165.719642802,2386001.508425457,16955708.77452428,284202.46143160365,3,7,0.6930000000000001,445703.2281086258
APP_0676,50,Self-Employed,6,658619,0.8213357042416278,3,8694.823316763059,0.15841917679440876,0.18672070565462145,457425.01718771795,846814.3083858952,5676955.584226155,29751.647334976384,2,2,0.9,246958.71069490467
APP_0677,29,Salaried,20,346040,0.9269564321108617,2,4507.83836229902,0.15632314283778825,0.26138073586457344,976872.571173761,218906.0377673597,610883.1646627234,39078.99397344852,0,9,0.8,164603.63985340524
APP_0678,55,Salaried,2,1619445,0.7279632805515285,2,13838.645953876568,0.10254361923160021,0.3853193149070705,1953059.4952782078,1484456.970649089,4459875.997071247,219672.77576363375,5,5,0.7,668309.6605955029
APP_0679,31,Self-Employed,14,4424321,0.5404011532729182,1,39489.127103095925,0.10710559320563563,0.7368554376489623,7487643.810863913,7803892.71577947,5913877.427913356,273509.49801399023,5,7,0.4032,412971.7020569607
APP_0680,65,Salaried,23,1271275,0.9653206204227668,1,35028.68110976128,0.3306477145520327,0.22883762117276563,3698353.0552156614,1435703.533197729,9608913.981239282,156482.55048895575,2,7,0.9900000000000001,647078.1308404917
APP_0681,46,Self-Employed,12,3814663,0.5160051610788104,3,54592.01995616593,0.17173318835084284,0.8976075983666613,7694910.017074645,7341044.947560626,23277484.668270737,633109.0617954214,0,0,0.7200000000000001,705999.8461969278
APP_0682,44,Business,28,931215,0.6995649042550146,3,15063.613984780124,0.19411561005499428,0.8472447770572197,841521.5002452455,655772.0141635484,3976245.579302074,49187.07602049314,1,7,0.6400000000000001,180687.08214210786
APP_0683,55,Self-Employed,25,3908145,0.7601168332223915,1,124392.621066704,0.38194884089521963,0.8773445163293686,6724539.879048816,3338532.0801295983,13989695.933775919,362659.52176391514,4,10,0.45360000000000006,446008.8419409933
APP_0684,48,Business,28,2831048,0.6494732382401542,3,59400.74927908892,0.2517827289926088,0.31026194618587855,7612238.336236848,4044435.3300693827,18643933.174469788,345812.55518057675,5,3,0.5599999999999999,760824.1807114893
APP_0685,60,Salaried,5,741651,0.7871981800552197,1,16751.431205981546,0.27104011788803434,0.7830633525429885,784391.0309336813,1315307.6602597435,5208136.649725289,63250.89855227115,3,10,0.616,189159.95808157694
APP_0686,54,Salaried,3,1056121,0.9195334369875825,3,29084.251760176736,0.3304649951304073,0.25957679987860005,1395982.4200586292,814388.3708422947,10527355.07908276,108203.33901772568,5,7,0.63,163498.3681583736
APP_0687,54,Salaried,18,953225,0.9845601040198674,1,23200.29818373144,0.29206491458446565,0.35614929537896256,551257.772027345,1221976.6312417812,4215698.0117206145,151299.80403971652,2,6,1.0,563760.4564872858
APP_0688,38,Salaried,7,396228,0.9857935028343269,3,5974.934424908031,0.18095443305091102,0.6085498343474007,280917.01762105006,128641.87443245733,1840723.2635517037,31285.674346032058,5,7,0.7,152136.0817994162
APP_0689,58,Salaried,22,1388200,0.7552234869388098,0,14776.507262745014,0.12773237800960968,0.8213133897097963,1881077.452780015,2159646.188222574,3443845.910104624,118449.829528546,3,7,0.616,333671.99513034854
APP_0690,35,Business,14,3175375,0.8650391271498843,3,91796.04508459156,0.34690470921232885,0.548726754087641,8682898.530086173,1769979.3005056998,23829643.426470697,361922.37323890405,1,5,0.7200000000000001,1064544.8706604347
APP_0691,45,Salaried,5,2223755,0.9801458198148457,3,66581.15280305814,0.3592904045799549,0.19088550086031442,6504350.643057791,2071418.7733570698,12644771.906188462,93678.52149305759,3,2,0.63,635642.2416707497
APP_0692,65,Business,4,506066,0.5874491087964402,1,9533.137734832058,0.22605283267001675,0.5368689821623825,463178.20713033155,445136.57902889786,2091454.3758118271,81331.77817698046,5,9,0.616,181443.7588301836
APP_0693,48,Self-Employed,1,2732893,0.8586619654505414,0,70553.08166630554,0.3097951438258529,0.6191293418350706,4481927.337120536,2565356.4367325422,11395893.21793457,299183.58057085885,4,5,0.567,380185.27246843395
APP_0694,36,Self-Employed,14,3329969,0.5707580642484235,1,72934.33068590825,0.2628288636413429,0.4052506583036657,8700306.647085167,4793128.011788238,16441532.281042447,256649.74172221776,4,1,0.63,1254837.3189459322
APP_0695,31,Salaried,21,368897,0.8848781114797966,3,4030.279364555817,0.13110259062738328,0.6999549433691904,759767.0649226226,435490.55722439155,2472246.7497945544,38581.777665208705,0,10,0.8,93245.88329207544
APP_0696,51,Salaried,8,2206855,0.8654763736898001,0,29179.785569332667,0.15866807145552925,0.4756593939694852,1789983.184880326,4285070.179212562,20361026.546509013,205863.17922404667,5,6,0.7,313659.0604505185
APP_0697,48,Salaried,17,1489523,0.7802827422610085,2,23859.55252823509,0.1922190059091542,0.8221384513088358,4130960.084358632,2103119.281594138,1545257.9955340133,231321.50389663226,0,0,0.8,250834.15606129673
APP_0698,48,Business,27,2863139,0.6340359752488456,3,41169.39394764881,0.17254933392049274,0.8787922584495687,2810603.2866313695,3893817.0586624253,24213420.777504735,406087.94436644774,4,6,0.44800000000000006,322657.4046258994
APP_0699,65,Self-Employed,24,1657246,0.6612476077800136,2,35241.767544378854,0.25518312340626936,0.4499212696014018,1241185.7903397724,2721379.4894642816,9178347.760572527,199858.56478791108,3,10,0.6930000000000001,650799.9049752371
APP_0700,60,Salaried,11,1154642,0.7279763275979431,0,22248.634244666202,0.2312263116498399,0.6031153009535803,2289909.660899966,288744.79074514535,8507613.81481452,180979.70236814866,0,9,1.0,407544.6799198053
APP_0701,33,Self-Employed,21,3204139,0.5746220685235318,1,50485.6828973594,0.18907675190380718,0.5283337762383031,3566642.61172628,5139605.939319171,25871608.21477406,442061.00716651964,5,0,0.504,500591.95587250404
APP_0702,34,Business,1,1067543,0.544372607645773,0,11753.914961809607,0.13212299602143923,0.3259704307436625,2921344.1995277,391787.0574112161,5816193.602046677,92706.8554500921,1,6,0.6400000000000001,164158.17975197238
APP_0703,26,Self-Employed,3,4281202,0.8836868692209803,0,58184.67182534535,0.16308879186362715,0.4359256945565603,11663209.260169148,5738494.205060849,21653920.553117618,264598.0724661949,2,0,0.7200000000000001,1730666.460333262
APP_0704,61,Business,20,463825,0.5468828558204051,2,15388.23982436464,0.39812187331941074,0.48712879416296506,943889.6686599903,549015.2688277258,1125004.9471678224,62328.23313110099,0,3,0.7920000000000001,162531.65169448286
APP_0705,59,Salaried,17,2446412,0.9282882924802884,1,73405.05634569269,0.36006227738758323,0.1918307655964635,2550126.324294554,1931617.2184475127,7285047.98196815,324479.00926784804,1,4,0.9900000000000001,749511.9586354924
APP_0706,37,Salaried,12,1534471,0.8401131244268889,3,29515.370264816705,0.2308185968830955,0.8570765399929413,4305526.522269467,997663.4304638596,4267191.97882734,226213.462393778,5,4,0.5599999999999999,502476.6015790766
APP_0707,31,Business,26,2813765,0.5662612461867914,1,90539.60027133142,0.3861286224172868,0.49026543160362046,7617265.162261053,2708888.04132552,21732714.522453614,404206.32269751484,4,1,0.4032000000000001,502495.21646597167
APP_0708,52,Salaried,19,1780234,0.8121881460351378,0,34836.36293486266,0.23482101522516247,0.8115597488508225,5154211.092082395,1166969.3594960975,8346225.467421264,208557.84644813646,5,8,0.5599999999999999,339855.12172183546
APP_0709,26,Salaried,6,1653422,0.8288160401379235,1,28566.083026836026,0.20732335503097957,0.1581122649621019,3542269.019662672,1437709.475779414,13253220.608776674,94170.01726291768,2,0,0.8,643804.2318787238
APP_0710,38,Self-Employed,19,2897451,0.8594975895662569,0,52076.192254585476,0.21567726496669856,0.5814415288697193,5268017.641315445,1116261.3925734267,10148137.317995546,340898.7671159608,5,1,0.63,784151.6402386557
APP_0711,51,Business,25,3850768,0.6271133178871705,2,51165.51504525814,0.15944512381506692,0.13972779394820442,6680449.630672522,1094485.7639470333,13361160.152219996,217853.52040015787,3,2,0.5599999999999999,950063.299162073
APP_0712,62,Self-Employed,8,378414,0.6140147656733879,0,11777.913212217192,0.3734929430375364,0.3274926551047447,985430.6066564716,350055.43606252334,3429363.9051810834,59191.887603989395,0,5,0.8910000000000001,154392.1731509318
APP_0713,29,Self-Employed,4,3681933,0.7893014678388783,2,59879.552077246364,0.19515689854404097,0.3766595745107194,2575210.297533611,5870121.1828924,20045796.01299246,175078.7236835933,2,7,0.7200000000000001,1053330.882338104
APP_0714,32,Self-Employed,20,1061875,0.5117152727365921,0,30762.249651403345,0.3476369589799554,0.21098753872594644,3168476.7046470367,1858811.9610204126,7983473.827010116,74288.05685533556,0,3,0.6480000000000001,336921.0137431084
APP_0715,48,Business,1,640326,0.6038750764230469,0,7109.810601844604,0.1332410791099147,0.8577158886449938,440291.6397429432,507645.42857393424,4171567.4564288924,91712.20089318405,2,2,0.6400000000000001,233567.71442093173
APP_0716,62,Self-Employed,4,1259386,0.6277330722269263,1,34203.92129907873,0.3259104480984739,0.8102387300142866,3670594.671090709,1188771.033023828,6323399.350895114,71738.82070609048,4,3,0.49896,270929.877046483
APP_0717,56,Self-Employed,11,4249234,0.5903322073572855,2,116804.57121864801,0.3298605947857369,0.6691051011252062,5874669.022216243,7240591.794622193,13518454.92360804,520779.53570454527,1,1,0.8910000000000001,871014.2106227465
APP_0718,56,Salaried,7,355063,0.9011496861639666,3,10224.436556300765,0.3455534332656717,0.25033394388941266,270322.5263992333,204370.9338716609,2242119.1298616817,38212.67768280882,2,4,0.9900000000000001,169922.8177812399
APP_0719,34,Business,4,1291026,0.5875139323374546,2,23203.257916571547,0.21567272463827883,0.46194551508342496,2648146.2463119067,729994.267901026,5941100.448180477,64869.641774878495,3,2,0.44800000000000006,274444.844577304
APP_0720,61,Business,4,1435555,0.6843816485291607,0,38701.10307556086,0.32350779796436246,0.29244996915214017,3926594.8309446485,770395.7284271491,1804889.202178707,178586.42223728992,3,5,0.5544000000000001,243720.97419360722
APP_0721,60,Salaried,12,2109731,0.7636198076992184,3,44068.25761160005,0.250657117584754,0.5063414593561858,1335233.3070765163,1457106.7282882181,3966957.3239740212,258957.63452998915,5,6,0.77,450914.7917962017
APP_0722,37,Self-Employed,6,2514632,0.711825101397777,3,53558.631065028654,0.2555855380748928,0.18734764862752273,1570836.8571095662,1629732.096325583,5028623.134122763,140983.23267761176,0,9,0.9,693596.2794042728
APP_0723,29,Business,4,2510721,0.5905860062915095,3,45521.97177598154,0.21757242692906878,0.1810434175723093,5862058.837208246,4476991.667812702,8572612.179465955,169171.97583966923,1,5,0.6400000000000001,730735.8023948249
APP_0724,63,Self-Employed,24,226062,0.5376970266851151,3,6060.858330457694,0.3217272251218353,0.782051151434587,501821.42506394524,114482.0090622196,1612496.2589430918,14128.275571438904,2,7,0.7128000000000001,50000.0
APP_0725,25,Business,16,3789674,0.6336216599369849,1,123894.31396814126,0.3923112562235419,0.8050060217200342,3512318.2976349457,5943987.530765052,4121667.918806322,324716.7853267953,3,9,0.32256000000000007,244971.57290402244
APP_0726,40,Self-Employed,4,578968,0.8275705755275214,2,16915.887022333955,0.35060770935182506,0.5202153474280028,531644.2231965304,268553.9171165445,1068306.4788470855,46168.037646352095,5,5,0.567,125087.99837848442
APP_0727,47,Business,9,4281001,0.6014147381910364,3,37126.38045325354,0.1040683161342505,0.3821011024781109,9740959.184254725,7724939.37000493,34122731.61168392,636953.8142025128,4,7,0.5599999999999999,587603.6862514026
APP_0728,58,Business,21,373873,0.5591601549942417,3,11118.972341383116,0.35687965725419435,0.6274935304766122,319318.5041249197,409801.45376661536,1196135.7190819026,50208.609169488554,3,5,0.5544000000000001,58560.01058848295
APP_0729,30,Salaried,30,1884516,0.8916201258628033,2,57029.09924882789,0.36314321076920264,0.6430412205750728,5178750.70660457,1900882.6902322008,18138005.035476584,202642.05551223856,2,10,0.7200000000000001,460702.68198388617
APP_0730,46,Self-Employed,19,3700518,0.8781066000281087,2,59454.06074349687,0.19279698921123,0.1328799818725397,6661651.53058235,3026631.4601776544,24095208.267810322,354691.3922050797,3,9,0.63,1369097.5372041329
APP_0731,47,Self-Employed,4,269918,0.6995708075977356,1,5396.003654985266,0.23989524173942894,0.22018220140448908,787264.0739147014,357055.96272767236,1883726.1118820799,21491.509950254214,2,1,0.9,126300.73864991797
APP_0732,25,Self-Employed,2,2023056,0.6132069195075946,0,19549.124720354503,0.11595798467479596,0.3446572006052151,3187945.9505024967,2808924.174513111,2034739.9633927308,147876.99697281868,2,4,0.7200000000000001,748845.9729798826
APP_0733,57,Business,25,4903904,0.5620148061325707,0,128302.1193554155,0.3139591297596743,0.2141154050583497,11439007.494469337,4794504.820579221,45431426.80410648,382587.48560747394,0,7,0.7920000000000001,2226145.5277447742
APP_0734,40,Business,21,3440022,0.6690253150436687,0,105468.23425520718,0.367910092162924,0.8361553031326691,6854577.4560630545,1761097.0560424258,16932980.032525025,519987.5930980443,4,2,0.4032,656514.5779457645
APP_0735,37,Self-Employed,5,3692280,0.7217135077700709,2,58922.27465521012,0.19149882887064945,0.33786731700101547,10404094.11147492,3803335.9895891505,9785832.646841584,514952.6300437258,3,1,0.63,594197.4704329947
APP_0736,53,Business,11,4426307,0.8739519258891442,2,88715.60891784205,0.24051366229547672,0.44213533679576256,6866371.420829675,4153936.5178991808,5528707.286603289,493667.36796562345,3,1,0.5599999999999999,1245172.593194896
APP_0737,64,Self-Employed,26,2235459,0.73212896738114,2,25741.768314900914,0.13818245817919764,0.5346156412357831,4278526.576489415,1627453.8005462082,17432146.301474027,202865.8520145215,3,10,0.6930000000000001,313523.41291440895
APP_0738,58,Self-Employed,27,655889,0.5338636370143078,2,19073.705054063856,0.3489682867814009,0.6199039525213773,874764.8237917247,246167.15217349736,2371164.8736937265,66802.39579533471,2,0,0.8910000000000001,145267.7200135947
APP_0739,62,Business,17,644766,0.7806290662439599,1,14432.80621393291,0.26861477585231686,0.8738227694946804,542252.6390735972,1167731.9720761564,4356692.343608926,39339.49710830214,5,4,0.49280000000000007,154948.41091991824
APP_0740,25,Self-Employed,20,1883592,0.5458835454796018,0,22902.379385694727,0.14590662554753722,0.8039192504944469,3389630.0431680446,1214862.130531998,3639972.267544899,84288.32094159431,4,7,0.4032,270586.1593924384
APP_0741,32,Self-Employed,13,4257733,0.8930785065413831,1,125076.66937290215,0.3525162410312779,0.5373753980414362,10875170.376966344,6073131.591542448,37186294.87665558,505867.56529144436,3,2,0.45360000000000006,877738.5281608345
APP_0742,36,Salaried,27,1309493,0.751232647549022,1,26500.593925860303,0.24284751969680146,0.3320289509859623,2840079.257127678,2522560.888395209,7119290.772296648,163855.71209921723,3,6,0.7,439128.9928742818
APP_0743,31,Self-Employed,14,3763757,0.5592666120170673,2,74373.30743243122,0.23712468397645614,0.5513672673072183,1985566.6555704623,2803889.160293706,25616058.216227487,577056.5447502278,4,7,0.504,411734.57948948356
APP_0744,47,Salaried,15,2222459,0.7830712117458583,1,38397.47949059449,0.2073242988451683,0.7846716574491391,3907114.154898852,1839976.800118406,16348456.300731277,201120.77690043498,0,2,0.8,822074.6031640323
APP_0745,47,Business,24,4924025,0.6357164307221226,1,75297.38739792735,0.18350204330301495,0.7100860694554088,6191098.318887195,4476291.842149629,45524778.73767195,602249.7048081869,3,7,0.44800000000000006,975778.5245900785
APP_0746,36,Business,23,4452858,0.8101591994133743,2,51514.59130509738,0.13882659084596197,0.35926128976852956,12859793.754823385,3680605.0549477185,29198615.407308806,410279.2034927844,0,0,0.8,1926528.9199873768
APP_0747,35,Salaried,4,745520,0.849830171318875,3,12245.030209217388,0.19709781429151285,0.2852276562531494,1811135.1970245366,1380019.3088390636,6083774.494041991,40888.523639652856,1,6,1.0,374493.74376925617
APP_0748,51,Salaried,2,1350605,0.7343421348275652,0,26163.305061780906,0.23245853579793566,0.39945769075473125,2806874.7698623454,341739.55347047973,3466469.7484581037,74451.145059048,3,6,0.7,239463.15748454558
APP_0749,65,Business,18,1875493,0.5782871790304629,3,36143.00948820417,0.23125445621948468,0.32887146607337314,1881085.4489069663,922294.7776847454,15612615.873766745,267727.9271741892,1,1,0.8800000000000001,714379.0293464075
APP_0750,65,Business,4,1907414,0.5132956767380501,1,58492.01120150185,0.3679873034475065,0.38764880165091553,2899399.794983422,2258083.5124138934,3142819.424852235,123657.09875128105,5,10,0.5544000000000001,434897.1493990864
APP_0751,37,Salaried,19,2286979,0.8502550855698572,2,54419.36266309139,0.28554365910535107,0.5469578495825624,1931774.2057789739,733842.2130916776,11086372.527091667,202812.60247150855,0,9,1.0,528881.0975157568
APP_0752,58,Self-Employed,4,1189247,0.6994848973470137,0,27793.38378477722,0.280446875558506,0.3647358359249978,1260664.923932735,2251377.2122776518,11060544.108417362,86921.34678663571,5,5,0.6930000000000001,187230.91053952687
APP_0753,35,Self-Employed,3,4683071,0.7301423497241688,2,85764.94187183537,0.2197658977329245,0.14531855908597474,10507850.220891973,1871233.6350992536,24533711.50268236,732154.0542780653,2,10,0.9,893492.9068991353
APP_0754,46,Self-Employed,9,1882010,0.6338164981842876,0,22236.981442476153,0.14178658843986686,0.537669878105893,4393894.256394426,3507151.365987157,13117657.025190147,285031.2408978829,1,7,0.9,388161.3342000087
APP_0755,61,Business,23,496638,0.6383382290037156,0,15932.657535791528,0.3849723348384504,0.5785181029992663,1008712.316940242,171374.01989154713,2961366.6085086535,79457.98334989793,2,0,0.7920000000000001,95039.92218793975
APP_0756,56,Business,8,3138174,0.6726062252449768,2,87466.80690775724,0.3344625514369461,0.8011598406521419,3355925.122838934,5887979.391332779,3882499.8396009374,437444.154119306,1,8,0.6336000000000002,881345.879934643
APP_0757,49,Business,22,351790,0.7209983840053479,0,6336.249080146806,0.21613743699866872,0.401782248589042,286038.15673691634,514460.5166085989,2091709.6794331546,19740.54338767575,0,9,0.8,166893.06616275385
APP_0758,48,Self-Employed,7,3078346,0.674609932059254,0,43982.14103243981,0.17145106248267014,0.1735926484383194,1616513.751814806,2904474.463489245,23928357.701739263,439075.4046889094,4,9,0.63,423384.9020295521
APP_0759,25,Business,8,677174,0.5306446702976662,1,13067.582699903576,0.23156676481796837,0.3260767820103134,870381.7020823826,869727.6308593365,6103926.104685033,112700.55723046849,1,9,0.6400000000000001,155642.73845731758
APP_0760,32,Business,3,840704,0.6000795422147814,1,17408.091710538454,0.24847877555770098,0.6881749022807171,1170592.706061603,1552932.9222036419,2507471.645479817,109971.14429842526,2,8,0.6400000000000001,170601.50195200226
APP_0761,40,Business,29,2444248,0.6275435796313634,0,23668.317452524916,0.116199260234763,0.8203403020550838,5533176.646739422,3224865.540344414,8598997.943871342,164036.00954211236,1,8,0.6400000000000001,457116.41031189554
APP_0762,60,Salaried,4,1861916,0.9174732271202944,1,17185.531661150428,0.1107603027922877,0.2880841952463504,2980356.8849465223,2933533.4978949265,17832323.05020461,82534.77590926098,0,4,1.0,579403.9282222561
APP_0763,49,Self-Employed,27,908781,0.5238880165788307,3,18827.462074902494,0.2486072496001016,0.790218248263527,1328327.1322234962,254411.41449005058,2591453.623245174,58816.321112242455,3,8,0.504,101179.62855437424
APP_0764,44,Salaried,18,1758797,0.9811671667381945,2,55227.63354506464,0.37680960482692183,0.8259596661480232,4442033.913530023,2222636.66754869,13745473.340290211,148239.703516081,4,6,0.504,484255.99060112826
APP_0765,28,Salaried,18,1927853,0.9857420780985735,2,57442.6659000821,0.35755422783842195,0.8503808589861475,3197838.3906355016,2372578.9895170066,11788295.733971572,205375.67285845266,1,6,0.5760000000000001,429667.1562367696
APP_0766,40,Salaried,30,363683,0.784210039227282,2,3808.3992800710967,0.12566106021137408,0.2999460921963405,675363.473630199,293695.2018465644,1655270.7463779058,43136.46711556951,2,4,1.0,168636.88942150597
APP_0767,63,Salaried,4,1587211,0.870532322661824,2,46399.46014947645,0.350799938882554,0.7780741344617866,2554650.56963797,366772.7747092733,1713928.0819411883,73475.38907958823,2,7,0.7920000000000001,572089.5932351733
APP_0768,60,Salaried,14,545722,0.8738710968319348,0,8319.245447101717,0.18293370134467843,0.5882628175702564,701288.9707544877,172054.2925563332,1428828.5433431908,74989.71760076996,2,4,1.0,298849.4542205798
APP_0769,33,Salaried,21,1031886,0.7440705356104057,0,14601.336191013419,0.16980173613379873,0.6236806633383141,991269.6599406204,1147554.7808825667,5121023.126622707,83926.87025315255,4,3,0.5599999999999999,129627.66811037176
APP_0770,41,Self-Employed,1,3163989,0.7161765418002585,0,73872.19599348404,0.28017365165359565,0.379783720428726,2194852.3884551683,3160391.0108126663,17716185.801967107,225557.62944097293,2,9,0.9,992509.7170242727
APP_0771,51,Salaried,21,2088767,0.9627559414872924,1,18695.92339147691,0.10740838049323975,0.5855733918438223,2925772.2089150446,4083911.0604772884,18958756.40300055,184868.6577222642,2,9,1.0,443785.62406431476
APP_0772,48,Salaried,10,929410,0.9735617978674787,0,10213.412822519023,0.13186963113182373,0.26918371801396734,1192214.0745050278,1383317.4370970528,7136373.149813392,129745.691931868,5,5,0.7,374722.45517582225
APP_0773,49,Business,2,1458917,0.6524358652907962,0,46995.82643027424,0.3865538047492016,0.8669001337022654,4348737.684200448,1776558.6720383512,14560453.7204871,175737.07665301563,5,6,0.4032,244462.9305994403
APP_0774,32,Business,26,631438,0.7428408040771757,3,10265.172159367588,0.19508180678453158,0.25601887605195606,1223795.885441664,1161798.6498850116,2499332.9677625718,89375.25684281056,2,3,0.6400000000000001,154506.70343920714
APP_0775,32,Business,8,3932993,0.7931193320679919,3,68356.84337870272,0.2085643479519116,0.3815876874950953,6938226.802990504,7261657.718904626,27058871.278842065,461414.7649154296,3,6,0.44800000000000006,514331.5903845034
APP_0776,33,Business,8,3619342,0.7696420508168798,1,84953.10472474307,0.28166369928481944,0.7366847591810536,4900333.929263562,1492382.2538186184,16925943.760589108,379288.61524113873,1,9,0.5120000000000001,736942.2161147087
APP_0777,37,Salaried,29,2204504,0.70465367548191,0,41442.41205242631,0.22558768077949315,0.7124076459084676,5022862.469425035,2305356.715236314,4208306.278232477,331445.00721794856,3,0,0.5599999999999999,587655.5804454706
APP_0778,29,Salaried,17,1927868,0.9712781177960903,2,22208.380066885864,0.13823589623492397,0.6575429591950225,2127570.5794614367,1403691.1110792772,7771765.376978332,279070.6812121692,2,9,0.8,684012.1568046868
APP_0779,31,Business,2,818681,0.7954993692658059,2,26264.358729017607,0.3849757167299733,0.8285393798880263,1700465.9262961787,1255247.1157970198,4028902.187744464,111646.94575942958,5,2,0.32256000000000007,130287.97834187515
APP_0780,62,Business,3,1477219,0.8582396686309092,2,37197.86731321471,0.3021721273274826,0.4628217242918884,1921998.103116574,765347.269985985,11083276.750302702,113124.12366884298,0,3,0.7920000000000001,373145.54182914016
APP_0781,46,Salaried,19,2471297,0.9691904876944281,3,38218.02325124316,0.18557716009646671,0.40725419711219246,5914432.869300612,4735807.241178931,3403988.862004067,394908.9334694889,5,3,0.7,643897.7744307601
APP_0782,42,Business,29,2837104,0.5397866140226889,2,35387.61457579739,0.1496777611640492,0.3302745298972636,4870142.408327364,1709468.795603896,7160529.74952292,451290.4063652617,2,9,0.8,1137990.8352387235
APP_0783,39,Business,9,1382819,0.5383904046024177,1,12468.998469019964,0.10820503741143242,0.8220330419525208,4009679.715681103,1620240.1028598207,11326570.89060017,58769.53786921126,0,5,0.6400000000000001,248913.06239420184
APP_0784,61,Self-Employed,24,3931459,0.7083575580304227,3,61750.9266779205,0.18848247435240859,0.1876919014230424,8907921.425167533,6764230.203110684,19655901.566813495,376240.27334702347,2,1,0.9900000000000001,2124336.7024487252
APP_0785,42,Business,22,1176959,0.8873758296779428,0,31707.595259253638,0.32328326059874957,0.277953420444498,807247.7242056314,567422.4606261109,4729061.839632798,115753.53390297001,5,8,0.504,278105.55539554125
APP_0786,29,Business,23,2840817,0.8569090036294758,0,54452.13806372886,0.23001328729191156,0.8458944005078297,7060832.183416076,2191829.395354916,24353981.44401832,353136.194566964,5,0,0.35840000000000005,590193.3950504768
APP_0787,65,Salaried,8,874093,0.875903011954298,1,21998.31960533796,0.3020042893193922,0.31222883743116503,767963.0456733725,1455333.3193976632,6644895.338849318,67297.84123490663,1,10,0.9900000000000001,476242.6860498076
APP_0788,58,Business,24,1996748,0.501279084188696,0,41134.231071023256,0.2472073455700364,0.5889737499269663,4542554.328059473,538848.2332702955,14360282.026375776,236293.05062099645,5,9,0.616,361479.2172932061
APP_0789,47,Self-Employed,17,1710489,0.8511558601263183,1,51672.69272431901,0.3625117219063251,0.6343806414905784,2951542.7425662978,2281876.98980762,10913910.135905225,187458.18718302916,2,1,0.81,398430.17443474114
APP_0790,43,Self-Employed,15,2929628,0.5989585031939095,3,32896.24447116283,0.13474575395031518,0.47178874585816577,3800503.534281304,1184639.987563764,21306356.024048433,380174.9451421268,3,7,0.63,812874.5517600607
APP_0791,40,Salaried,10,1423754,0.8522462208906698,3,14028.838822413874,0.11824097833541924,0.7174389262389661,1643030.8130373945,1098729.5343776306,6438792.983645231,137976.86855769204,3,4,0.5599999999999999,450433.90089149645
APP_0792,42,Self-Employed,24,2036670,0.6359366227277106,0,32680.609615941998,0.19255319486775177,0.4278492344695928,3933347.9431497864,1017852.8337328675,5816337.24495114,244049.03338139548,4,9,0.63,425827.8036885827
APP_0793,63,Business,1,377148,0.8209651511287335,0,10501.373585892414,0.3341300577776071,0.36663046426909307,521124.8468301769,595450.0475760734,592568.5355315745,18034.677199739435,1,5,0.7920000000000001,123718.77739751466
APP_0794,35,Business,13,2123796,0.6160749936142128,1,66049.37139466716,0.37319613406184304,0.365201690276833,2206704.2057659673,3228173.804477352,20091373.862690076,98068.48528471515,0,8,0.7200000000000001,368533.76171056565
APP_0795,50,Self-Employed,2,1516554,0.6132358887835336,0,21358.334137687838,0.16900157175560782,0.7179293077473047,1695919.6425845209,1047066.556985278,3204153.2645080597,211822.2051089817,5,6,0.504,192979.2929394363
APP_0796,42,Salaried,3,609918,0.8513528989004631,3,5389.9599022834145,0.10604625347571472,0.6941215862646789,1130937.3312780082,1130882.0312968954,1134453.6217394755,70257.15011678376,3,3,0.7,227384.79848681786
APP_0797,44,Self-Employed,14,4497950,0.7973933429224251,2,68299.46736507452,0.18221492199355135,0.26213335454272757,5220657.612785952,6211179.913457285,23580966.96557381,351161.69623570365,0,3,0.9,2375273.2919995175
APP_0798,60,Self-Employed,16,2585912,0.8630663028445228,1,46271.124286407874,0.2147225007799548,0.8945231646122628,5996454.874016623,4945875.520312669,20336396.654474247,338726.0486212733,3,3,0.5544000000000001,618111.9813730746
APP_0799,26,Self-Employed,25,2147126,0.6788341145808149,3,48121.74224424874,0.2689459803155403,0.6142548520005334,2858015.128544058,3558701.204856153,21003952.731681056,115065.11799290308,1,3,0.7200000000000001,843971.6364972718
