applicant_id,age,employment_type,years_at_job,annual_income,income_stability,existing_loans,monthly_emi,debt_to_income_ratio,credit_card_utilization,savings_balance,investment_value,property_value,avg_account_balance,bounced_checks,credit_inquiries,risk_score,recommended_credit_limit,emi_to_income_ratio,savings_to_income_ratio,investment_to_income_ratio,effective_utilization,employment_stability,income_consistency,banking_behavior_score,financial_reserves,high_dti_flag,low_savings_flag,credit_seeker_flag,is_salaried,is_self_employed,is_business
APP_0000,65,Salaried,1,1453556,0.7734675561410428,1,38875.5204710513,0.3209413642492037,0.6413595899383291,3968860.409286961,518178.0312426706,6973138.932809987,65978.82422052382,1,3,0.99,578690.7236171309,0.3209413642492037,2.7304489192621135,0.3564898987329491,0.705495548932162,0.06931471805599453,0.8270802417204183,0.4347826086956522,19.23677756662195,0,0,0,1,0,0
APP_0001,26,Business,7,4771300,0.6678079283846635,3,110049.9172702614,0.2767797051627726,0.7475443653422613,2463168.830129831,7874909.713285777,34750592.45776594,401733.82784945343,1,3,0.5120000000000001,1423933.5897948602,0.2767797051627726,0.5162468991951525,1.6504746532990542,0.9718076749449397,0.20794415416798356,0.8066746831992857,0.4347826086956522,15.656650484687596,0,0,0,0,0,1
APP_0002,46,Salaried,3,1893530,0.7290149130500392,2,44358.75047102041,0.2811178094100673,0.7457026186195042,4401187.575145863,2206361.160421995,18477145.03311072,168492.85824275002,4,4,0.5599999999999999,563867.945514266,0.28111780941006737,2.324329466734545,1.1652105646184612,0.894843142343405,0.13862943611198905,0.8300778393633969,0.18518518518518517,24.82617546484082,0,0,0,1,0,0
APP_0003,64,Self-Employed,19,1813033,0.7818287344859693,0,45080.91378965263,0.2983789955703131,0.7184546726309535,5372114.32317034,3153901.2566334587,15951704.33609476,161690.715436846,3,10,0.5544000000000001,536390.0341749202,0.2983789955703131,2.9630538016518946,1.7395718978272643,0.7184546726309535,0.2995732273553991,1.0160436917151185,0.2,31.521157784519612,0,0,1,0,1,0
APP_0004,35,Self-Employed,12,1957472,0.7680700697510774,0,46121.18886479094,0.2827393017000965,0.2369109185584776,4546849.228593664,967234.8512844692,8642432.622394038,323681.86486049794,5,8,0.63,354973.89156312647,0.2827393017000965,2.322816994875873,0.4941244887714712,0.2369109185584776,0.2564949357461537,0.9650761529404237,0.14705882352941177,19.92606946900713,0,0,1,0,1,0
APP_0005,45,Salaried,8,434638,0.9415137402313642,3,6531.2423046415215,0.1803222627927108,0.2687862748690611,1241879.9810478983,772552.4103826901,1665576.6827903995,53719.73549247118,3,10,0.7,116690.9664213669,0.18032226279271085,2.8572742858376357,1.777461727650804,0.34942215732977944,0.21972245773362195,1.1483854532249744,0.2,51.405033873341445,0,0,1,1,0,0
APP_0006,41,Salaried,8,1402018,0.9241041434956774,3,43152.579423897776,0.3693468650807431,0.4195204041123178,1469738.1302804402,2797821.8239695104,7831303.316869205,74349.49569630144,0,1,0.9,329506.3011132037,0.3693468650807431,1.0483018978932084,1.9955676916911982,0.5453765253460131,0.21972245773362195,1.1271505771063712,0.9090909090909091,16.48244443021865,0,0,0,1,0,0
APP_0007,35,Business,14,732909,0.6539069246698,3,15802.391638806586,0.2587343035297411,0.8768627020908946,1943637.4769624595,161727.979759962,5486920.571149148,92991.83310661223,4,4,0.448,166614.32319673992,0.25873430352974114,2.651949255586245,0.22066583949707536,1.139921512718163,0.270805020110221,0.830988202555218,0.18518518518518517,22.205135197723155,0,0,0,0,0,1
APP_0008,46,Salaried,10,2123537,0.7474473263034008,0,68332.72699867497,0.3861447782563241,0.8006823523025552,2460059.4866620474,2338131.0389472847,5537901.905827822,330730.5813431811,5,4,0.504,574375.4357261994,0.3861447782563241,1.1584726268777268,1.101055003490537,0.8006823523025552,0.23978952727983707,0.9266773673442715,0.15625,11.70300756400949,0,0,0,1,0,0
APP_0009,57,Business,7,1482108,0.6495655410364591,1,32336.34938931346,0.2618137090358877,0.7229011829044466,2706157.550974625,297947.3012875094,5806016.568015738,65362.82946299764,2,4,0.7040000000000002,308619.0088313784,0.26181370903588774,1.8258841804879435,0.2010294130302983,0.7951913011948913,0.20794415416798356,0.7846388980439543,0.29411764705882354,15.483632243569078,0,0,0,0,0,1
APP_0010,40,Business,3,918513,0.7927630379378512,0,30111.561781026237,0.3933953481032002,0.5261649356236126,748038.1617954378,1274484.0734174747,8745748.392076831,57230.28230852537,4,9,0.504,170939.5024917358,0.39339534810320037,0.8144012788011034,1.3875514809452612,0.5261649356236126,0.13862943611198905,0.9026633308576029,0.1694915254237288,11.194604971122947,0,0,1,0,0,1
APP_0011,38,Business,25,1887377,0.7851795891276487,3,62683.69184983091,0.3985448069982684,0.6199024461115628,3010838.5551957623,2135824.7286272137,3942801.8256673375,131651.78156765955,2,0,0.7200000000000001,591566.0671053095,0.39854480699826844,1.5952502097862602,1.1316365138640632,0.8058731799450316,0.3258096538021482,1.040998679233841,0.3333333333333333,13.684216558677532,0,0,0,0,0,1
APP_0012,39,Business,8,260321,0.528397234403613,0,3659.300519254255,0.1686825351433463,0.8243360104049023,689613.3675736389,85266.38112465547,817939.4398121409,32615.32886131659,1,8,0.6400000000000001,50000.0,0.16868253514334633,2.6490885006343663,0.3275432297995762,0.8243360104049023,0.21972245773362195,0.6444979734064235,0.35714285714285715,35.292708019883655,0,0,1,0,0,1
APP_0013,61,Business,16,2238408,0.8138477697163014,3,29308.77688967355,0.1571229743085633,0.1775446513830586,3531375.0377697367,2154336.801114195,11646933.778175738,297263.15175471565,5,10,0.616,818582.0183940214,0.1571229743085633,1.5776279560159439,0.9624415214358576,0.2308080467979762,0.2833213344056216,1.0444282058353629,0.14285714285714285,32.33224789219594,0,0,1,0,0,1
APP_0014,31,Salaried,13,1723138,0.9401777532585096,0,25071.212781301667,0.1745969001760857,0.2521671267526492,2794126.628965218,1653156.113181756,6042883.511419922,125603.78954050005,0,7,0.8,721248.9071175988,0.17459690017608573,1.6215338695828299,0.9593869517019276,0.2521671267526492,0.26390573296152586,1.1882960523463173,0.588235294117647,29.564337266948367,0,0,1,1,0,0
APP_0015,60,Salaried,2,361898,0.9906988771854254,1,4520.508124300049,0.1498933331811742,0.4885129003605748,374335.8002139636,333623.8236275112,552878.3058121845,32222.78505977183,3,4,0.77,159006.24363777248,0.1498933331811742,1.0343682479979541,0.9218725265890146,0.5373641903966323,0.10986122886681098,1.099538273269986,0.22727272727272727,26.10177161411822,0,0,0,1,0,0
APP_0016,54,Self-Employed,14,4862122,0.7647485247802981,3,59333.70957571292,0.1464390475822192,0.3373662603956514,14206018.787556442,6041305.821099412,28588094.9520666,657181.9701143386,0,0,0.9,1897705.3442133751,0.14643904758221926,2.921773412422897,1.2425245234692612,0.4385761385143468,0.270805020110221,0.9718462644126885,1.0,56.874146679410536,0,0,0,0,1,0
APP_0017,57,Business,6,677140,0.8843115613097802,0,20054.7856121913,0.3554027636032365,0.1548170661630339,453617.54756565066,1185858.0579596965,3137853.191376926,107913.21686565487,4,3,0.5544000000000001,162013.25461315195,0.3554027636032365,0.6699021584393932,1.7512745635462335,0.1548170661630339,0.19459101490553132,1.0563906455177454,0.18867924528301888,13.624974085393283,0,0,0,0,0,1
APP_0018,27,Business,3,3716713,0.762949265789009,2,117823.4808160916,0.3804118773209282,0.2634073595388291,8513054.94121857,2340171.529408458,16955914.617865574,466923.0146226946,2,7,0.5760000000000002,698917.5695663198,0.3804118773209283,2.290479501973537,0.6296347147085228,0.3160888314465949,0.13862943611198905,0.8687164922873954,0.27027027027027023,15.352381935322978,0,0,1,0,0,1
APP_0019,29,Salaried,15,719351,0.7219782163298899,1,15092.308180383508,0.2517654082146296,0.2059652562931738,987325.1361013972,232943.3810087001,2300887.1536958674,55598.70394071999,3,8,0.5599999999999999,193931.95329794165,0.2517654082146297,1.3725220874112878,0.3238243653080347,0.2265617819224912,0.2772588722239781,0.9221530823597945,0.20833333333333334,13.475611798688316,0,0,1,1,0,0
APP_0020,64,Business,17,265624,0.7671452814850335,2,8400.95248881255,0.3795268118308232,0.1828692015345692,715940.9923603636,179572.09267237427,2392585.4327711603,35718.127824887764,1,4,0.7920000000000001,65784.54258279502,0.37952681183082326,2.6953174124339805,0.6760386586768299,0.21944304184148303,0.28903717578961646,0.9888787870657979,0.4166666666666667,17.76610224109076,0,0,0,0,0,1
APP_0021,38,Business,11,1907898,0.7749988515205322,2,40005.87327817584,0.2516227174293962,0.3008970016559152,5285636.069905803,556033.9937177189,12799248.256070852,277284.6951271348,0,0,0.8,508909.0729253026,0.2516227174293962,2.77039761554643,0.2914380085925552,0.36107640198709823,0.24849066497880004,0.9675788314926755,1.0,24.336718523820235,0,0,0,0,0,1
APP_0022,33,Business,9,1555447,0.7964923633391723,3,34773.58083566546,0.2682720594324239,0.189499104471468,4452665.119968194,2245809.3212819723,3642061.370662361,71815.27407445475,2,9,0.6400000000000001,419109.6330641194,0.26827205943242394,2.8626273476165975,1.4438353227605778,0.24634883581290842,0.23025850929940458,0.9798915075900098,0.25641025641025644,32.105189630916044,0,0,1,0,0,1
APP_0023,52,Salaried,2,1592929,0.8093954545981767,0,49072.48639177036,0.3696773909579424,0.2680612306718032,1790172.3949265846,613323.0937568285,12776957.065432316,242417.51739762345,3,9,0.63,501562.9386535992,0.3696773909579425,1.1238243480573111,0.38502851900921414,0.2680612306718032,0.10986122886681098,0.8983166338795436,0.2040816326530612,8.163078965454961,0,0,1,1,0,0
APP_0024,40,Salaried,26,1042611,0.9644248613989972,0,13363.510016178006,0.1538081990254621,0.8395898361932365,2560617.417837446,981184.2173246676,7328683.877768665,139239.50945185884,1,4,0.8,219931.81512575469,0.1538081990254621,2.4559662403690794,0.9410836997927967,0.8395898361932365,0.3295836866004329,1.2822835626679903,0.4166666666666667,44.17254686922786,0,0,0,1,0,0
APP_0025,31,Self-Employed,28,524845,0.8434373005351127,1,6992.328382704978,0.1598718490077255,0.834761520983596,721213.6894457955,880146.950367835,4640630.848817685,36493.58030832077,5,3,0.4032,76052.4511251188,0.15987184900772558,1.3741460611147966,1.6769654857488117,0.9182376730819557,0.3367295829986474,1.127447591029806,0.15873015873015872,38.16946592912886,0,0,0,0,1,0
APP_0026,42,Salaried,25,1470735,0.8053438387248256,3,37240.90199516457,0.3038554355080791,0.7749289306176647,1952951.75357079,367214.5314345199,13079754.794237234,109302.91648286946,4,4,0.504,159593.35374850914,0.30385543550807914,1.3278746705360176,0.24968096321534466,1.007407609802964,0.3258096538021482,1.067732636011454,0.18518518518518517,10.383593310506482,0,0,0,1,0,0
APP_0027,63,Self-Employed,12,2831316,0.6745575535482432,0,50859.5498388965,0.2155586300034182,0.5612704347972797,3218657.767975663,4178494.406431612,2874412.887727714,445545.9719100251,4,10,0.6930000000000001,957058.410219576,0.2155586300034182,1.1368062653464548,1.4758135109015074,0.5612704347972797,0.2564949357461537,0.8475781499026824,0.16666666666666666,24.2404563083977,0,0,1,0,1,0
APP_0028,37,Self-Employed,14,786982,0.8795497943885258,2,18818.48560409446,0.2869466229839228,0.6307099810124355,638685.7004304386,1432373.5850810823,4378848.542236158,98395.00559903358,2,6,0.9,339185.3299990331,0.2869466229839228,0.8115632891609194,1.8200843031747642,0.7568519772149226,0.270805020110221,1.1177362941458513,0.2777777777777778,18.342418983499456,0,0,1,0,1,0
APP_0029,60,Salaried,7,2063479,0.8994788302638315,3,52136.44224316918,0.3031953835818199,0.8222444365860662,4206994.758131096,1530502.5431936209,12239391.393616335,86082.99767174407,2,3,0.7920000000000001,607877.3194093906,0.3031953835818199,2.038787289878451,0.7417097742180176,1.068917767561886,0.20794415416798356,1.0865201948150511,0.30303030303030304,18.34128891574055,0,0,0,1,0,0
APP_0030,62,Business,21,2903222,0.6859952760988057,3,73230.91284658237,0.30268816995703,0.5089391974996696,7212586.182158313,5596534.100914009,22133157.14904916,360066.3305328093,2,8,0.7920000000000001,1070443.7765509188,0.30268816995703,2.484338497765005,1.927697606629465,0.6616209567495706,0.3091042453358316,0.8980393282212725,0.2631578947368421,29.152352435979303,0,0,1,0,0,1
APP_0031,64,Self-Employed,3,2170220,0.7691182682228668,1,61845.639793349255,0.3419688683728797,0.2178831697966181,1335844.8381981654,4277687.743650933,14109611.016341742,298899.6999939592,3,6,0.6237,750491.2352279198,0.34196886837287976,0.6155342952318961,1.9710848410073323,0.23967148677627992,0.13862943611198905,0.8757407000500324,0.2173913043478261,15.12780475337774,0,0,1,0,1,0
APP_0032,61,Salaried,23,1910522,0.8483131507031311,1,22969.4742008296,0.1442714035273894,0.6500979304644157,5218876.5912324805,3341107.5338778994,17135828.798250083,265503.7473805737,1,2,1.0,996612.22825425,0.14427140352738949,2.731649565528416,1.7487930177605384,0.7151077235108573,0.31780538303479455,1.1179116364957928,0.45454545454545453,62.11130513384597,0,0,0,1,0,0
APP_0033,58,Self-Employed,2,4875858,0.5996793118639887,0,96273.22608533362,0.2369385476410517,0.7411332813778116,10575464.570132578,9645453.576762596,31005926.55564901,782193.0281430538,3,9,0.5544000000000001,1421877.4413394877,0.23693854764105177,2.168944331465883,1.9782064155196062,0.7411332813778116,0.10986122886681098,0.6655608179913701,0.2040816326530612,35.00612954940691,0,0,1,0,1,0
APP_0034,57,Self-Employed,27,4795883,0.6783654448306802,1,129127.80398943258,0.3230966326478754,0.4797395494584426,5505572.352567657,3093495.7372846697,32319229.799513083,658922.5620443512,4,7,0.6237,1348128.4666387914,0.32309663264787547,1.1479788711625485,0.6450315275173872,0.5277135044042869,0.3332204510175204,0.9044106843118603,0.17543859649122806,11.098911084189695,0,0,1,0,1,0
APP_0035,42,Self-Employed,3,2596861,0.5937974312058542,2,42396.54107217123,0.1959128705256287,0.5321217780147651,2196776.009407264,1600369.251515154,18815681.831650563,337511.5815066737,0,6,0.9,848487.3864162272,0.19591287052562872,0.8459351537903893,0.6162706635107362,0.6385461336177182,0.13862943611198905,0.6761152342586694,0.625,14.927103190087188,0,0,1,0,1,0
APP_0036,59,Self-Employed,14,722322,0.5827337558057641,3,13052.54175698026,0.2168430438000824,0.7158366178517306,2069564.5505671715,169859.45169847537,6447381.202617991,82075.97533606885,3,0,0.5544000000000001,231101.42699533136,0.2168430438000824,2.8651550839752513,0.23515752212790883,0.9305876032072498,0.270805020110221,0.7405409822656487,0.25,28.594992504915044,0,0,0,0,1,0
APP_0037,44,Self-Employed,28,3715005,0.7152882270440926,1,76302.74875616422,0.2464688432650751,0.3183482494106052,6367908.587928495,3343292.617821688,26078824.604840163,525429.7157415779,5,2,0.63,1254956.280683041,0.24646884326507518,1.714104984496251,0.8999429658430306,0.35018307435166574,0.3367295829986474,0.9561469334604917,0.16129032258064516,21.211995120437148,0,0,0,0,1,0
APP_0038,33,Business,18,426210,0.8627715450347073,0,4446.231196201653,0.1251842386486,0.4428902157288759,1136756.7906705008,224660.51110252185,1424141.0029999218,35198.87252215457,3,5,0.448,63965.63866014595,0.12518423864860007,2.667128388987825,0.5271122477241779,0.4428902157288759,0.29444389791664405,1.1168093617662918,0.2222222222222222,51.03263272109574,0,0,0,0,0,1
APP_0039,49,Self-Employed,25,3736342,0.6009086127129523,0,75066.86295908155,0.2410920508639141,0.6992194088662805,2354695.1141870543,7149323.949092573,11276278.2559869,187728.6291034468,5,0,0.63,1180933.537926789,0.24109205086391414,0.6302140206081387,1.9134554462874578,0.6992194088662805,0.3258096538021482,0.7966904397876884,0.16666666666666666,21.101230486702242,0,0,0,0,1,0
APP_0040,40,Salaried,27,385479,0.8864006969758473,1,4428.713379338355,0.1378662924622619,0.6355670756959285,736235.5761820045,228333.1558753766,2812140.518858955,53014.51400703317,1,9,1.0,170728.26267903295,0.1378662924622619,1.9099239548250475,0.5923361736317065,0.6991237832655214,0.3332204510175204,1.1817675370043836,0.3448275862068966,36.299810254804626,0,0,1,1,0,0
APP_0041,32,Salaried,10,753399,0.8736054197527731,2,17123.441984729612,0.2727390185237243,0.8264209208379557,1083589.2198101887,1427425.213446763,2098192.101580091,87152.36707097218,5,3,0.448,81262.15401860744,0.2727390185237243,1.438267398563296,1.894647077374357,0.9917051050055468,0.23978952727983707,1.0830868503843942,0.15873015873015872,24.440320229778482,0,0,0,1,0,0
APP_0042,44,Business,20,1215483,0.8184908866400848,0,20679.53185671024,0.2041611295925347,0.4427024105877956,1733798.000845379,1350072.7293343146,4948329.229025254,179725.71647904092,3,1,0.5599999999999999,254168.72866867916,0.20416112959253474,1.4264271905451404,1.1107294214187402,0.4427024105877956,0.3044522437723423,1.0676822735848726,0.24390243902439027,24.854453117765793,0,0,0,0,0,1
APP_0043,48,Business,29,4056573,0.7829234574824309,3,51667.58601609399,0.1528410883258178,0.517397397550784,8624856.458375337,5308602.766476137,37631038.41583525,561822.5740322712,3,6,0.5599999999999999,1204658.3756747632,0.15284108832581786,2.1261435350418534,1.308642237296392,0.6726166168160191,0.34011973816621555,1.0492111788455434,0.2173913043478261,44.94584290078028,0,0,1,0,0,1
APP_0044,62,Self-Employed,11,2259362,0.8322924075562415,0,34583.013840466614,0.183678474757741,0.4606416001550164,5368674.982653071,2769366.3392194663,15846478.750664042,189145.3008222105,3,5,0.6930000000000001,427032.9931599317,0.18367847475774104,2.3761907045675157,1.22572936042098,0.4606416001550164,0.24849066497880004,1.0391093013666983,0.2222222222222222,39.219838576503584,0,0,0,0,1,0
APP_0045,38,Self-Employed,26,2367217,0.6361355372657135,2,52618.75757680117,0.2667373083758751,0.5133018013719474,2314288.5343313706,1501859.2618911157,11026149.093983551,262911.8624231889,1,7,0.9,976536.296861788,0.2667373083758751,0.977641058817747,0.6344408906708239,0.6159621616463368,0.3295836866004329,0.8457954328152945,0.37037037037037035,12.087412588095042,0,0,1,0,1,0
APP_0046,56,Self-Employed,26,344646,0.5372213402218686,1,6356.430784858331,0.2213203386033784,0.2946441311014057,744400.9140081407,297855.7600293428,2061416.1604721623,29169.576357864014,5,8,0.6930000000000001,79370.3703629913,0.22132033860337846,2.15990005399204,0.8642368111898666,0.3241085442115463,0.3295836866004329,0.7142807300526175,0.14705882352941177,27.328142404493352,0,0,1,0,1,0
APP_0047,54,Self-Employed,10,2308926,0.5922152165194031,1,37455.47130404916,0.1946643832017959,0.6943048509112832,6643227.80502243,3330151.033933549,6289211.393844105,309378.1860259759,2,9,0.9,1227375.4848902228,0.19466438320179597,2.877193900983587,1.442294397452993,0.7637353360024116,0.23978952727983707,0.7342222233365172,0.25641025641025644,44.37882500527944,0,0,1,0,1,0
APP_0048,58,Business,10,1043274,0.8330513453308273,2,14627.131747477471,0.1682449490447664,0.2435532349483226,558538.5592517569,1211703.4520171378,3618910.876246378,170526.8212439097,4,4,0.616,307811.364333332,0.16824494904476645,0.5353709181401596,1.1614431606817939,0.2922638819379871,0.23978952727983707,1.0328083336275387,0.18518518518518517,20.170758034114495,0,0,0,0,0,1
APP_0049,33,Business,28,4317788,0.5410350587151043,0,97948.7566349652,0.2722192658878997,0.4755175559444081,6913521.227415219,2296435.4385632505,6314291.956411815,687821.9715036028,3,1,0.448,1022983.820165196,0.2722192658878997,1.6011719953400256,0.5318546067021471,0.4755175559444081,0.3367295829986474,0.7232175684238901,0.24390243902439027,15.671386043047788,0,0,0,0,0,1
APP_0050,50,Self-Employed,3,649705,0.5606908027803825,2,6797.769885572649,0.125554272518869,0.2985527641680929,1231309.6023906155,616643.6166447154,4135464.328874084,77294.72863032177,4,6,0.63,155623.60810345813,0.12555427251886903,1.8951825865440708,0.9491132385385912,0.3582633170017115,0.13862943611198905,0.6384190526030055,0.17857142857142858,45.307830120320354,0,0,1,0,1,0
APP_0051,53,Self-Employed,28,3797285,0.6221520977277442,0,89517.59963178542,0.2828892736735391,0.692071444387636,10894317.634606382,2179710.816337332,11009190.278797152,471699.4407004912,1,3,0.9,921118.348748428,0.2828892736735391,2.8689755008134448,0.5740182304823925,0.692071444387636,0.3367295829986474,0.8316491141573412,0.4347826086956522,24.341635061562165,0,0,0,0,1,0
APP_0052,29,Salaried,1,2013446,0.8351511113853107,3,31439.58792822583,0.1873777867093083,0.2851809876448207,4565266.469616551,2950458.6764084124,10240954.0222606,256895.1355555537,2,10,0.8,702154.3965526302,0.1873777867093083,2.267389574697584,1.4653776045686908,0.37073528393826694,0.06931471805599453,0.893039375205134,0.25,39.842152528540275,0,0,1,1,0,0
APP_0053,37,Self-Employed,4,4768120,0.5899237801064096,1,148019.70283701166,0.3725234335637819,0.7613049277200478,3235286.678272361,2377675.5855304194,17968690.32365957,645061.7033859931,4,4,0.4536,812487.6562362738,0.3725234335637819,0.6785245921395353,0.49866102059730444,0.8374354204920527,0.16094379124341002,0.6848683498213788,0.18518518518518517,6.320062077572829,0,0,0,0,1,0
APP_0054,54,Business,10,3576486,0.8770704962976164,3,68945.01117349327,0.2313276590714794,0.578429329632883,9740764.279085023,5443987.727680938,23009046.463668685,160583.42818979852,1,10,0.8,1528971.929348756,0.23132765907147945,2.7235572232311336,1.5221610619141075,0.7519581285227479,0.23978952727983707,1.087382815995914,0.3333333333333333,36.707398520237724,0,0,1,0,0,1
APP_0055,61,Business,1,2460822,0.7304987938410987,1,49452.31942189328,0.24115024697549,0.621207591546949,6866141.17532881,1296066.875246233,15424350.1722195,297795.77536205563,3,1,0.616,588162.4475242511,0.24115024697549003,2.790181969816919,0.5266804650016267,0.683328350701644,0.06931471805599453,0.7811331117764385,0.24390243902439027,27.508679559060656,0,0,0,0,0,1
APP_0056,51,Self-Employed,11,1077447,0.843093237760141,2,20066.86917641473,0.2234935269363381,0.4963752167714702,2323470.11045201,992128.3450659777,8452030.781137858,49836.02662063931,0,5,0.9,291841.15851040644,0.22349352693633817,2.156458842478572,0.9208140586645818,0.5956502601257642,0.24849066497880004,1.052594037050288,0.6666666666666666,27.537915243690353,0,0,0,0,1,0
APP_0057,32,Self-Employed,28,4516746,0.8299708813074804,0,111901.67300015315,0.2972981159449387,0.534074875485756,6924708.781043881,2428422.048324417,19223335.25997803,615280.4487884871,5,7,0.504,1147317.1343003572,0.29729811594493866,1.5331189269983039,0.5376485745101489,0.534074875485756,0.3367295829986474,1.1094466300711683,0.14925373134328357,13.930579377717757,0,0,1,0,1,0
APP_0058,38,Self-Employed,18,1299018,0.8710691043377792,3,39431.04027967256,0.3642539852073417,0.4877694375599984,743263.8134542111,1732942.1008126691,10643924.344536629,169378.33323701107,2,8,0.81,216196.24965609453,0.36425398520734176,0.572173606104158,1.3340400986073089,0.634100268827998,0.29444389791664405,1.1275500867737547,0.2631578947368421,10.466398623621954,0,0,1,0,1,0
APP_0059,51,Salaried,8,775890,0.838434368253635,0,19029.53676076077,0.2943129066351276,0.2231768995426624,2197035.4566806806,562792.4387847309,5701786.465888536,72625.60027251388,3,7,0.7,161574.94436009895,0.2943129066351277,2.831632649835261,0.7253508084712148,0.2231768995426624,0.21972245773362195,1.0226572282946602,0.2127659574468085,24.171440518687277,0,0,1,1,0,0
APP_0060,60,Salaried,13,1099477,0.9765604449794684,1,32911.75187795185,0.3592080803285764,0.3209979222576328,2721222.567425593,1041090.7718341324,10344138.590267884,115592.27873993837,0,4,0.99,533813.8830595477,0.35920808032857643,2.4750154550077834,0.9468963623924215,0.3530977144833961,0.26390573296152586,1.2342803449930089,0.7142857142857143,19.05253252805504,0,0,0,1,0,0
APP_0061,62,Business,22,4307400,0.8461042378800971,3,93892.04951004166,0.2615741733111622,0.376099153354406,8097022.705727029,5074867.175738739,21959562.6242169,352727.9697970695,1,3,0.8800000000000001,1625064.729406189,0.2615741733111622,1.8797935426770276,1.1781741133256114,0.48892889936072786,0.313549421592915,1.1113997322747156,0.4347826086956522,23.3812659506331,0,0,0,0,0,1
APP_0062,39,Self-Employed,2,2869056,0.7978820606260784,3,51600.8390326692,0.2158236257472947,0.6309510635876278,7321454.719294023,5639051.098135239,15659186.707385078,132820.41725608666,4,9,0.63,601533.9281151907,0.21582362574729472,2.5518688792738877,1.9654726495876134,0.8202363826639161,0.10986122886681098,0.8855383642972428,0.1694915254237288,41.86141821332204,0,0,1,0,1,0
APP_0063,31,Self-Employed,4,4611997,0.8641766710785868,0,121731.02746894136,0.3167331482711928,0.4279828957970916,9855622.282851825,2203843.660203309,24099600.189428028,750912.0712413414,2,9,0.6480000000000001,1425794.4079234602,0.3167331482711928,2.136953316069335,0.47785019378878796,0.4279828957970916,0.16094379124341002,1.0032605408260837,0.25641025641025644,16.511082115215043,0,0,1,0,1,0
APP_0064,30,Self-Employed,28,4676348,0.652003759009062,2,112247.84384555784,0.2880397537023964,0.8099509463274587,8042704.618523481,5489232.068104019,30663445.865122743,332081.2529320399,5,4,0.4032,1129360.7356358669,0.28803975370239643,1.7198687134754473,1.1738288228557883,0.9719411355929504,0.3367295829986474,0.8715527128937341,0.15625,20.09234835911582,0,0,0,0,1,0
APP_0065,30,Self-Employed,4,1043115,0.6774714206646824,2,32252.00476214482,0.3710272186151458,0.1367927749417702,2597730.476656701,759452.3897267078,4562136.270248798,62443.87968012225,4,6,0.4536,201740.5142474195,0.37102721861514587,2.490358662905529,0.7280619967373758,0.16415132993012424,0.16094379124341002,0.7865062395655154,0.17857142857142858,17.34870380483468,0,0,1,0,1,0
APP_0066,36,Salaried,6,631217,0.8828475360665611,3,15039.434659093711,0.2859131105612246,0.2926638334850504,1756091.4825183505,288852.40830344346,3250987.9837238137,46340.06011490807,2,10,1.0,128616.12739625972,0.28591311056122465,2.782072540058887,0.45761189623131737,0.3804629835305655,0.19459101490553132,1.054641734116601,0.25,22.662020849138134,0,0,1,1,0,0
APP_0067,54,Self-Employed,22,4785197,0.5631902488287148,3,152955.10978122576,0.3835706904803938,0.8901213561747772,5971378.538610818,9243336.939737529,34514772.33995305,472639.3783671401,2,3,0.6480000000000001,1859707.6124427896,0.3835706904803938,1.2478856228094304,1.9316523310821956,1.1571577630272103,0.313549421592915,0.7397782255957281,0.30303030303030304,16.578628309214608,0,0,0,0,1,0
APP_0068,55,Salaried,8,1899557,0.8715768077052216,2,62971.51967456114,0.3978076130880693,0.3361846031066154,5593931.728223429,2630532.4980208664,6592077.147771924,213525.01154099792,5,0,0.63,675245.9218062733,0.39780761308806933,2.9448612114421566,1.3848136686716253,0.4034215237279385,0.21972245773362195,1.0630818059978373,0.16666666666666666,21.767682355316058,0,0,0,1,0,0
APP_0069,56,Self-Employed,25,2130372,0.7428259992657064,2,29417.128440133645,0.1657013616784316,0.2521055914216706,2400006.7931562955,3323463.7938015675,16845356.239231057,270074.828587843,1,10,0.99,503783.8009337065,0.16570136167843164,1.12656700010904,1.5600391827350188,0.3025267097060047,0.3258096538021482,0.984845880921701,0.3333333333333333,32.42708636345211,0,0,1,0,1,0
APP_0070,65,Business,2,2791516,0.8154441936040615,0,63709.8721050029,0.2738721416105208,0.6858878143513907,2024779.901323955,2041153.185482024,21570959.147523727,177600.9250274678,1,8,0.8800000000000001,1352528.9462347997,0.27387214161052087,0.7253334393655473,0.7311988129324797,0.6858878143513907,0.10986122886681098,0.9050298947857095,0.35714285714285715,10.636585698222573,0,0,1,0,0,1
APP_0071,48,Business,17,2486125,0.8321890478269589,2,77528.70719871925,0.3742146860614936,0.8553502528777589,7255656.84090054,1817990.3635831303,21961365.76451768,353516.369171434,3,1,0.4032,256919.36803247232,0.37421468606149366,2.9184601904170306,0.7312546085104853,1.0264203034533106,0.28903717578961646,1.072722619933913,0.24390243902439027,19.505994472529967,0,0,0,0,0,1
APP_0072,39,Business,24,3533729,0.886907898920013,2,37425.38892116903,0.127090862670575,0.4156596482629696,4103176.869056831,1492858.1857141345,15256065.477520373,478089.2114276276,2,9,0.8,996257.71408596,0.127090862670575,1.1611464458810596,0.4224597261742863,0.4987915779155635,0.32188758248682003,1.1723925383918408,0.25641025641025644,24.920850150496204,0,0,1,0,0,1
APP_0073,65,Self-Employed,4,2161440,0.6885907471925754,2,67468.76828484537,0.3745767726229478,0.277093760059192,1422319.6036132325,3637573.039276864,19851721.354832247,171705.74135431284,3,1,0.6237,344990.82987292693,0.37457677262294786,0.6580426029004888,1.6829396325028054,0.3325125120710304,0.16094379124341002,0.7994151526608809,0.24390243902439027,12.4993454293,0,0,0,0,1,0
APP_0074,27,Self-Employed,16,1174089,0.5388767994487287,1,21191.694881230997,0.2165937493450427,0.3968092123895061,3373688.2925099144,1706739.347864106,6882195.600891337,135119.10487060237,5,2,0.504,327922.37535957445,0.2165937493450428,2.8734519210297638,1.453671184947739,0.4364901336284568,0.2833213344056216,0.691552093348773,0.16129032258064516,39.95612171692191,0,0,0,0,1,0
APP_0075,31,Self-Employed,20,3623524,0.8756212262854621,2,33159.73959858701,0.109814886056514,0.3964239669875483,5828285.133837544,6924551.8483053,31521222.756238896,195981.90001307963,5,5,0.504,762984.8586382635,0.10981488605651407,1.608457715151754,1.9109993057325685,0.47570876038505794,0.3044522437723423,1.1422060733227608,0.15384615384615385,64.09799522212504,0,0,0,0,1,0
APP_0076,47,Salaried,13,1457130,0.7569425686483239,0,46713.55224751023,0.3847032364786413,0.7593528655452572,1062515.2401180605,847744.3442899903,9843548.847394686,237589.8997261567,0,5,0.7200000000000001,312041.2455718888,0.38470323647864146,0.7291835595438022,0.5817904677619637,0.7593528655452572,0.26390573296152586,0.95670405203724,0.6666666666666666,6.815508178749366,0,0,0,1,0,0
APP_0077,33,Business,7,775543,0.8319271348868531,1,17831.990728085715,0.2759149250744686,0.7504423848968472,839522.7363584908,1236109.6338856702,6280187.28811348,90090.46482767609,2,2,0.5120000000000001,236265.7563054192,0.2759149250744686,1.0824966976150785,1.5938634400486758,0.825486623386532,0.20794415416798356,1.0049215192802938,0.3125,19.399893912526935,0,0,0,0,0,1
APP_0078,59,Self-Employed,26,1663787,0.5439705391557742,0,19347.204164244187,0.1395409688685692,0.3865938233732263,4111348.843535365,2096263.9059151704,1900094.254326045,124513.83465501864,1,6,0.99,676046.3529765075,0.13954096886856926,2.471078836134292,1.259935259690796,0.3865938233732263,0.3295836866004329,0.7232543548527594,0.3846153846153846,53.47553662665554,0,0,1,0,1,0
APP_0079,29,Self-Employed,15,3237003,0.7052951830436767,0,63553.59750652227,0.2356016259726256,0.277239805134628,6596258.185933074,4884758.574386404,29711690.46007681,401484.0282761362,2,7,0.7200000000000001,1065887.2007410233,0.23560162597262568,2.037767090711091,1.5090373948947233,0.277239805134628,0.2772588722239781,0.9008445300793707,0.27027027027027023,30.108489030698916,0,0,1,0,1,0
APP_0080,26,Salaried,16,1984504,0.8278820857839975,0,40861.04588644913,0.2470806562432676,0.8277606632921835,1356858.5485034604,685493.0460505272,12849022.033512304,98980.99851075409,2,9,0.6400000000000001,575640.3946706592,0.2470806562432676,0.6837267894161263,0.3454228593394255,0.8277606632921835,0.2833213344056216,1.062438743058829,0.25641025641025644,8.330475273971139,0,0,1,1,0,0
APP_0081,60,Business,11,3395257,0.8978511023443694,2,66805.81952160942,0.2361146252726415,0.5843414332282503,2539469.4156624973,4967950.06989403,29454311.59766766,417722.71202353,4,3,0.616,778088.4446553409,0.23611462527264154,0.7479461541976049,1.4632029533829192,0.7012097198739004,0.24849066497880004,1.1209587198178705,0.18867924528301888,18.729454857167873,0,0,0,0,0,1
APP_0082,39,Self-Employed,11,4004224,0.6594920737027813,0,64656.37343880633,0.1937645049991399,0.3500188569134942,4553701.60107865,7673961.2814876605,28755891.465295475,404227.022904809,0,1,0.9,855153.4358751501,0.1937645049991399,1.137224491206948,1.9164665317144247,0.3500188569134942,0.24849066497880004,0.8233696976454333,0.9090909090909091,31.519612149138744,0,0,0,0,1,0
APP_0083,31,Business,24,3325988,0.8247077141109569,0,76480.96235692936,0.2759395248218431,0.549269131193658,4403990.446096302,1396969.218964912,13910554.727164602,415197.1565137655,3,0,0.448,875190.6162948409,0.2759395248218431,1.3241149535405126,0.42001631363820674,0.549269131193658,0.32188758248682003,1.0901708864643642,0.25,12.641402265984155,0,0,0,0,0,1
APP_0084,63,Self-Employed,12,1069064,0.731167407355942,1,13044.278184760078,0.1464190527574784,0.4857515169635109,2799009.5956163625,887542.4808125504,6421214.554513966,59896.80243632902,2,9,0.99,307418.9762233283,0.14641905275747844,2.6181871203373817,0.8302051895981442,0.534326668659862,0.2564949357461537,0.9187081445253861,0.25641025641025644,47.10305448632124,0,0,1,0,1,0
APP_0085,52,Business,25,4870271,0.5105015325814334,2,44110.83761867778,0.1086859543183805,0.3186163109701798,11717987.913867082,9052701.635379553,20256483.67702509,313364.73700851895,1,9,0.8,1803706.2438563951,0.1086859543183805,2.4060237949524947,1.858767537859711,0.38233957316421574,0.3258096538021482,0.6768278601772563,0.3448275862068966,78.47916245587885,0,0,1,0,0,1
APP_0086,29,Salaried,24,428585,0.7275273049163336,1,7602.323650877409,0.2128583217110466,0.4629166325384138,382950.6362201683,326130.58377042686,1679815.776212892,68291.84593360909,4,1,0.5599999999999999,132805.05507400187,0.2128583217110466,0.8935231896127217,0.7609472654675895,0.5092082957922552,0.32188758248682003,0.9617093102890036,0.19607843137254904,15.54527388716558,0,0,0,1,0,0
APP_0087,34,Salaried,25,508719,0.902190613183934,2,9874.82472970873,0.2329338922990978,0.4392118184903961,1026437.2485734648,481009.4465135313,1495695.2562988792,53776.66254260403,2,6,0.8,99446.79488777126,0.23293389229909783,2.0176900186025386,0.9455307281889045,0.5270541821884753,0.3258096538021482,1.1961330245289394,0.2777777777777778,25.442589891440367,0,0,1,1,0,0
APP_0088,62,Self-Employed,17,2787209,0.518166945041771,3,91823.13663875544,0.3953336974963359,0.1438255668144648,2818029.430017101,5300110.246902797,22036080.577942584,382368.22409755975,2,5,0.8910000000000001,615868.4459551853,0.39533369749633607,1.0110578108843296,1.9015833570079594,0.18697323685880424,0.28903717578961646,0.6679364554241778,0.2857142857142857,14.73510194723172,0,0,0,0,1,0
APP_0089,56,Business,14,1673834,0.551674280703686,1,34882.51978130598,0.2500787039668639,0.7666833619359026,4210530.207704482,551923.1501731082,14655888.402275458,78593.95379342,0,7,0.7040000000000002,669867.2646738439,0.25007870396686394,2.51550046641691,0.3297358938658841,0.843351698129493,0.270805020110221,0.7010704453839394,0.588235294117647,22.75472733303828,0,0,1,0,0,1
APP_0090,45,Business,14,3592545,0.7837995846275737,3,55940.28510627719,0.1868545616757274,0.4240258456519636,10474062.172556505,1829940.84393571,34231668.44010234,356304.22805176163,5,5,0.5599999999999999,473285.8064272372,0.18685456167572745,2.9154992275828153,0.5093717250405242,0.5512335993475527,0.270805020110221,0.9960564469050267,0.15384615384615385,36.65814654893954,0,0,0,0,0,1
APP_0091,31,Salaried,14,1979608,0.8571887629001895,3,59579.16079572749,0.3611573248586235,0.6966438611716823,2086368.550908828,3172147.9381339485,3340419.040125512,239175.74373261136,4,8,0.504,276929.3173561702,0.3611573248586235,1.0539301472356284,1.6024121634858763,0.905637019523187,0.270805020110221,1.0893197830756307,0.1724137931034483,14.710167164746505,0,0,1,1,0,0
APP_0092,47,Self-Employed,24,1438912,0.5945075395786897,1,21198.826989757163,0.1767904666005189,0.2387992179536758,1269371.4345952512,2254018.645057037,2414752.566329949,231057.87623987257,5,7,0.63,349534.996705492,0.17679046660051898,0.8821744725148245,1.5664742840820265,0.2626791397490434,0.32188758248682003,0.7858721342638616,0.14925373134328357,27.701140267137717,0,0,1,0,1,0
APP_0093,61,Business,15,4935300,0.7571967322686264,2,147760.4400338872,0.3592740624494248,0.6017739255198175,4330200.157738132,1593683.7087973892,24577165.11706095,392451.2116926963,2,9,0.7920000000000001,869576.8007163932,0.35927406244942484,0.8773935034826925,0.322915265292361,0.7221287106237809,0.2772588722239781,0.9671362443091073,0.25641025641025644,6.681855965842352,0,0,1,0,0,1
APP_0094,57,Salaried,10,2236688,0.8355741591102046,0,39257.840764858425,0.2106212798469438,0.3296616260810554,4723138.391256602,4382260.842930107,4054373.962716556,259291.73350460624,3,7,0.77,744238.825053946,0.21062127984694384,2.1116661739395934,1.9592633585596684,0.3296616260810554,0.23978952727983707,1.035936091730488,0.2127659574468085,38.6563934608845,0,0,1,1,0,0
APP_0095,27,Self-Employed,30,4995403,0.760734981859444,2,117184.55729661087,0.2815017502210193,0.5010938414982621,14458224.36162304,5050060.682617966,41455357.37963308,731021.3502103376,5,1,0.504,1011654.422502169,0.28150175022101925,2.8943058971664626,1.0109415962271644,0.6013126097979145,0.3433987204485146,1.0219704012304012,0.1639344262295082,27.74581323439337,0,0,0,0,1,0
APP_0096,36,Salaried,8,2136091,0.9972958067940664,1,37233.73724840869,0.2091693879057138,0.8343494312935684,3136938.0651207305,3405007.2764406665,15187776.797270523,102985.98050654231,5,10,0.5599999999999999,399366.6787796733,0.20916938790571385,1.4685413988077898,1.5940366194327238,0.9177843744229254,0.21972245773362195,1.216424092550294,0.14285714285714285,29.283233544872402,0,0,1,1,0,0
APP_0097,46,Salaried,18,1921367,0.785244092163434,1,32024.16204515576,0.200008610818167,0.5661916116691357,1640023.0582953724,1594114.8107536884,18655068.223064773,247811.50217183025,3,2,0.7,589113.3022347739,0.200008610818167,0.8535709514607945,0.8296774175645196,0.6228107728360492,0.29444389791664405,1.016454423476052,0.23809523809523808,16.831759014171634,0,0,0,1,0,0
APP_0098,30,Self-Employed,18,3359815,0.7573973053445278,2,96302.21919415148,0.3439554351444403,0.636093119995778,8642779.478788538,5139826.205073292,24085606.458950844,361065.3215090384,5,10,0.4536,562912.9842869667,0.3439554351444403,2.572397432236161,1.529794409833069,0.7633117439949336,0.29444389791664405,0.9804083202017331,0.14285714285714285,23.853042707969184,0,0,1,0,1,0
APP_0099,48,Salaried,12,1595478,0.7540788768630533,1,26926.31096364481,0.2025197035394644,0.7129249661342557,1563589.3154909692,3190888.859071592,3820382.5317509375,125469.47384546408,0,8,0.8,648848.8502705535,0.2025197035394645,0.9800130841609657,1.9999579179854512,0.7842174627476813,0.2564949357461537,0.9474962899315739,0.5555555555555556,29.428948888084047,0,0,1,1,0,0
APP_0100,58,Salaried,22,1712492,0.9629178317628224,1,39840.260475757554,0.2791739323214885,0.2234022090568972,1630489.180021639,2478185.110977503,11341259.665975122,264577.72697716,5,7,0.77,286769.2314664661,0.27917393232148857,0.9521149179217415,1.4471221535502081,0.24574242996258694,0.313549421592915,1.2648401609535591,0.14925373134328357,17.188116752312375,0,0,1,1,0,0
APP_0101,48,Business,24,2192547,0.8878354413634499,2,59512.54979729234,0.3257173495334458,0.7270402875478742,2378929.6339845047,1382408.1080343097,21246591.090808857,306327.2019636703,1,5,0.5760000000000001,595236.8089442289,0.32571734953344583,1.085007360838561,0.6305032950419351,0.8724483450574491,0.32188758248682003,1.1736186452300497,0.4,10.533738275457392,0,0,0,0,0,1
APP_0102,61,Self-Employed,15,2563672,0.8112496148999704,3,83293.79855497829,0.3898804459617843,0.7535129916649921,6417250.594247616,1151389.6064069257,8332008.101147316,312291.2594297076,2,8,0.7128000000000001,1048402.840873605,0.38988044596178434,2.503148060378869,0.4491173622861761,0.9795668891644898,0.2772588722239781,1.0361757682192727,0.2631578947368421,15.144465198208085,0,0,1,0,1,0
APP_0103,58,Salaried,10,651797,0.9289350490875072,2,12753.26466371663,0.2347957661121477,0.5106821903428355,1680082.895170534,237960.93321355857,5992976.575921978,93698.79984043929,2,0,1.0,238530.8234088441,0.23479576611214775,2.5776167965954646,0.3650844253863681,0.6128186284114026,0.23978952727983707,1.151683945381873,0.3333333333333333,25.066050131213032,0,0,0,1,0,0
APP_0104,50,Business,12,2177849,0.654466447217838,0,38561.32143892196,0.2124738020253302,0.12255003642252,6156920.164584451,3725248.429837566,14917495.036964592,306182.14957832324,1,0,0.8,548385.4427389771,0.21247380202533026,2.8270647618748828,1.71051731770089,0.12255003642252,0.2564949357461537,0.8223337765449908,0.5,42.711920588071564,0,0,0,0,0,1
APP_0105,55,Business,27,1364277,0.8035364619062428,3,26669.39182800194,0.234580442194674,0.1042009586444943,952353.2438797645,901327.4327693508,11616365.56979702,150435.00119517243,5,9,0.5599999999999999,314084.9659890034,0.234580442194674,0.6980644281768031,0.6606630711866804,0.1354612462378426,0.3332204510175204,1.0712912441516638,0.14492753623188406,11.584320386231523,0,0,1,0,0,1
APP_0106,32,Self-Employed,8,2726239,0.548739338063447,1,51332.27759775441,0.2259476631260329,0.7351192869115505,4478621.922763338,1089253.0116755995,24935059.66378253,316949.94808612706,0,10,0.5760000000000001,637783.3532967232,0.22594766312603293,1.642784041591122,0.39954421152202707,0.8086312156027056,0.21972245773362195,0.6693096940778683,0.5,18.077887815763287,0,0,1,0,1,0
APP_0107,40,Business,5,2643366,0.6716955572413335,2,37925.53324192745,0.172169271641963,0.4332540761668318,5712124.276001419,936029.4319299448,25830682.888173696,132502.9026350331,4,8,0.5599999999999999,596452.8156154006,0.17216927164196308,2.1609282543550226,0.3541051189770712,0.5199048914001981,0.1791759469228055,0.792047244753891,0.1724137931034483,29.21582172412584,0,0,1,0,0,1
APP_0108,57,Business,1,3475363,0.849332575411007,0,84191.02705460317,0.2907012374405891,0.8848315380412483,3941498.3306507054,796678.3682602741,28138902.604035027,294596.020047642,5,10,0.4928,772927.7251706418,0.2907012374405891,1.1341256526730317,0.22923601599610574,0.8848315380412483,0.06931471805599453,0.9082038234113927,0.14285714285714285,9.379813313988862,0,0,1,0,0,1
APP_0109,62,Business,25,2989368,0.5533638359437456,2,65717.30043710067,0.2638041235623075,0.7508070924448705,2803198.583890779,4790332.68548577,15489727.457139026,384403.7971826212,5,2,0.4928,772818.6587355777,0.2638041235623075,0.9377228176292711,1.6024566682609067,0.9009685109338446,0.3258096538021482,0.7336551157592061,0.16129032258064516,19.258072630469833,0,0,0,0,0,1
APP_0110,29,Business,25,4039294,0.5147935160799103,1,38084.44399413939,0.1131418826977369,0.2595758669721507,2442823.049509351,7594146.438357968,22775366.55796745,667723.5912477314,4,7,0.448,545279.7543245413,0.11314188269773695,0.604764854825955,1.880067763910715,0.2855334536693658,0.3258096538021482,0.6825182133334965,0.17543859649122806,43.92418721500329,0,0,1,0,0,1
APP_0111,37,Self-Employed,12,601009,0.846319310831223,2,9113.549313930658,0.181964981834162,0.7394739292145918,957033.7845513372,552951.8361631283,2979580.0703931567,96898.58138172668,2,2,0.7200000000000001,172433.4062336034,0.18196498183416207,1.592378457812341,0.9200391943600317,0.8873687150575101,0.2564949357461537,1.0633959280836067,0.3125,27.61429838695142,0,0,0,0,1,0
APP_0112,56,Self-Employed,30,4556001,0.606688278320873,0,120781.25601965933,0.3181243973027907,0.1631416048443743,9139945.079809535,7655058.045465006,26922638.09798907,372763.3235196399,0,5,0.8910000000000001,1885052.7513157208,0.31812439730279074,2.006133247075568,1.680214303171796,0.1631416048443743,0.3433987204485146,0.8150242568073732,0.6666666666666666,23.175509841445447,0,0,0,0,1,0
APP_0113,44,Self-Employed,20,3774520,0.5666579088263655,3,64627.36136300983,0.2054640951315976,0.1338841302801036,10097191.794984631,3150239.9023020305,37682374.54875696,286811.0038803856,0,1,0.9,1591436.5244304936,0.20546409513159766,2.6750929376409798,0.8346067585552681,0.17404936936413468,0.3044522437723423,0.7391781806198958,0.9090909090909091,34.1636303311128,0,0,0,0,1,0
APP_0114,50,Self-Employed,17,1542065,0.8811157585118432,1,45568.12265365949,0.3546007929911604,0.642471097596359,2460259.9432280525,658791.8243661803,4817346.946771194,188613.0945727701,2,6,0.81,724195.8906094792,0.3546007929911605,1.5954320623501943,0.4272140437440577,0.706718207355995,0.28903717578961646,1.135790968895832,0.2777777777777778,11.40801795186438,0,0,1,0,1,0
APP_0115,27,Business,5,3974224,0.8795294117062227,2,77226.38777294892,0.233181786752681,0.1615083430643187,3355190.005536798,3419859.126929891,15219167.495117744,304039.61138955434,0,0,0.6400000000000001,1257177.2627813811,0.23318178675268103,0.844237769571317,0.8605099075768983,0.19381001167718243,0.1791759469228055,1.0371199268951432,1.0,14.621619474563142,0,0,0,0,0,1
APP_0116,56,Business,13,4911652,0.5471043981962701,2,127380.15142057408,0.3112113433620478,0.2716563403389758,9969145.471188528,7117794.926352735,49055908.208358936,327552.9602773813,1,1,0.7920000000000001,1481389.2273536697,0.31121134336204787,2.029692956909107,1.449165153873429,0.32598760840677093,0.26390573296152586,0.6914883854087314,0.47619047619047616,22.356885023534662,0,0,0,0,0,1
APP_0117,53,Salaried,26,1640448,0.9003519371466904,0,36226.44301501437,0.2649991442460671,0.3322898262222509,2050382.332250252,793172.1082258051,12116470.519471465,211936.15975150623,1,5,1.0,661924.5378638764,0.26499914424606713,1.2498916955918455,0.48350944877606916,0.3322898262222509,0.3295836866004329,1.197093247829338,0.4,13.082315033880644,0,0,0,1,0,0
APP_0118,32,Salaried,26,882491,0.7710208552860611,3,7933.977094217997,0.1078852080424797,0.5432171498076761,1255147.4583858442,1453101.8328894535,5263902.089309002,104275.3236430016,0,1,0.8,228541.36787277125,0.10788520804247971,1.4222779137530517,1.6465911073194555,0.706182294749979,0.3295836866004329,1.02513675121706,0.9090909090909091,56.891376987735754,0,0,0,1,0,0
APP_0119,55,Business,14,3634577,0.8293357598033563,0,41675.88767374853,0.1375980346777582,0.3536221363683854,2491184.687608818,3774507.339722397,20558040.197121724,209745.96139805584,4,10,0.5599999999999999,885615.7949266216,0.1375980346777582,0.6854125494132655,1.038499759317906,0.3536221363683854,0.270805020110221,1.0539240469150295,0.16666666666666666,25.057222841422316,0,0,1,0,0,1
APP_0120,33,Self-Employed,17,664836,0.8325563225870165,1,10595.123613548642,0.1912373628422403,0.2295735676447197,1886036.4108994445,402788.5719763656,6334124.088695809,70824.24167195984,2,1,0.7200000000000001,143720.47618627865,0.19123736284224035,2.836844591597694,0.6058465124878399,0.25253092440919167,0.28903717578961646,1.0731960507533567,0.3225806451612903,36.00437752245677,0,0,0,0,1,0
APP_0121,65,Business,9,1250004,0.7500089445794362,0,26122.161030478936,0.2507719434223788,0.2349087213981654,3567533.2531592404,596939.0106777387,8660772.539950678,164682.73038470812,4,5,0.616,413500.5644644959,0.25077194342237885,2.8540174696714895,0.4775496803832137,0.2349087213981654,0.23025850929940458,0.922704886119517,0.18181818181818182,26.57049352959949,0,0,0,0,0,1
APP_0122,61,Salaried,27,419007,0.7243668564680109,2,10312.42546190772,0.29533899324568,0.7135672007330489,645885.4461559644,565736.608452952,2297139.901171082,50306.88880787118,2,10,0.8800000000000001,214842.00945225405,0.29533899324568,1.5414669591581152,1.350184145975967,0.8562806408796587,0.3332204510175204,0.9657407070824251,0.25,19.581912116349905,0,0,1,1,0,0
APP_0123,55,Salaried,26,2003275,0.7892301614289227,0,51181.01715316325,0.3065840715018951,0.2264643576121657,3083149.1341177034,2075384.654511292,8136768.406284161,119445.77882777005,5,5,0.63,623055.2614791318,0.30658407150189515,1.5390543655352877,1.0359958839956032,0.2264643576121657,0.3295836866004329,1.0493475476089218,0.15384615384615385,16.79833030409066,0,0,0,1,0,0
APP_0124,47,Self-Employed,5,3308316,0.7059920536328889,0,53962.7048210437,0.1957347659209472,0.4731780536325092,3866360.0503589073,2138012.4103704896,6190867.852373215,257860.6274292506,3,9,0.63,765444.9251057277,0.1957347659209472,1.168679186135456,0.6462539885459821,0.4731780536325092,0.1791759469228055,0.8324888483625379,0.2040816326530612,18.54482177595827,0,0,1,0,1,0
APP_0125,35,Self-Employed,30,2823242,0.5759336404893439,1,58695.1218040742,0.2494796626179726,0.5117798713851877,4931919.391640024,2132600.40574536,3412132.686760346,451212.7023615885,4,7,0.63,1043484.4466459864,0.24947966261797266,1.7468992709941351,0.7553728676979727,0.5629578585237065,0.3433987204485146,0.7737085156966396,0.17543859649122806,20.059928832947225,0,0,1,0,1,0
APP_0126,38,Business,12,608174,0.5202161618511567,3,14153.001192675394,0.2792556313030559,0.77427971753037,1326610.864186121,434447.325042117,652933.5711610158,33512.69980713017,1,4,0.6400000000000001,191113.8531649369,0.2792556313030559,2.181301509413623,0.7143470865938316,1.006563632789481,0.2564949357461537,0.6536489728592798,0.4166666666666667,20.738336287048888,0,0,0,0,0,1
APP_0127,50,Self-Employed,2,3560322,0.5204630749532033,1,61936.88437543769,0.2087571327832854,0.3308813576312766,5218976.553124138,3598196.2965428187,21179336.63398354,515643.5052721308,4,10,0.63,996829.1772976976,0.2087571327832854,1.4658720624494466,1.0106378851527527,0.36396949339440426,0.10986122886681098,0.5776417879473614,0.16666666666666666,23.72623071206012,0,0,1,0,1,0
APP_0128,33,Salaried,13,1865307,0.9384691685142836,2,41557.41581879675,0.2673495514816386,0.3924850985703777,1605410.788255972,2395862.448077244,8603698.242087599,87107.09477997445,0,2,0.8,724390.8371496275,0.26734955148163864,0.8606683984223359,1.2844333120913844,0.47098211828445324,0.26390573296152586,1.1861365622928395,0.8333333333333334,16.04716894885866,0,0,0,1,0,0
APP_0129,55,Business,15,1449404,0.7425042089615217,1,23962.24195236096,0.1983897542909579,0.5904544968517424,1313529.7882555488,2874325.14247132,11093555.946435416,114605.76495807266,2,8,0.8,616072.9437325326,0.1983897542909579,0.9062551146923485,1.983108327610052,0.6494999465369168,0.2772588722239781,0.9483700885597502,0.2631578947368421,29.128151830511044,0,0,1,0,0,1
APP_0130,59,Self-Employed,23,4922150,0.6199162258949655,0,86345.72651243662,0.2105073429597309,0.6390451139784132,14519087.73542128,6155955.095501807,40217870.36647646,651358.9049348477,5,10,0.6930000000000001,718567.9006428103,0.2105073429597309,2.9497450779479046,1.2506638553278153,0.6390451139784132,0.31780538303479455,0.8169289395149992,0.14285714285714285,39.90748136590408,0,0,1,0,1,0
APP_0131,55,Self-Employed,21,2108770,0.7885600449185227,3,26562.351344570907,0.1511536185239978,0.6032201929162909,4321585.686416331,3614644.39657683,4913394.8235324165,267302.4734761692,0,9,0.9,1099415.382478132,0.1511536185239978,2.0493395137527237,1.7141008249248757,0.7841862507911782,0.3091042453358316,1.0323073025050522,0.5263157894736842,49.79623214352753,0,0,1,0,1,0
APP_0132,32,Salaried,1,2149849,0.7941077450337566,1,40110.45531007368,0.2238880329366779,0.2631133461617077,3772014.900421069,2796223.6920444616,11274773.8140303,317562.34591603064,5,0,0.5599999999999999,580660.5676628378,0.22388803293667797,1.7545487615274695,1.3006605078051814,0.2894246807778785,0.06931471805599453,0.849151099486853,0.16666666666666666,27.292296325608017,0,0,0,1,0,0
APP_0133,58,Salaried,18,1663356,0.9994368605216446,3,35712.68931610394,0.2576431454200107,0.3510020789902537,1551838.059544073,3063608.1524722525,6788061.289408844,142969.67353553514,5,10,0.77,585732.855812321,0.2576431454200107,0.9329560596433193,1.8418234896632184,0.4563027026873298,0.29444389791664405,1.2937149454552108,0.14285714285714285,21.539711796198443,0,0,1,1,0,0
APP_0134,41,Business,16,1812828,0.8829349584773754,2,40399.777675247125,0.2674259952422212,0.2798936303942534,5315713.06798439,1333708.8308552513,6528061.131608616,122504.37378634348,5,7,0.5599999999999999,331778.57209510787,0.26742599524222127,2.9322765689764223,0.7357062174984341,0.3358723564731041,0.2833213344056216,1.1330892691065575,0.14925373134328357,27.431759452947563,0,0,1,0,0,1
APP_0135,47,Business,30,2493928,0.6151157501991811,3,76631.78574153567,0.3687281384620679,0.4156259645126906,3398816.5754096685,3969125.795552572,5781636.116105913,117027.51533838735,5,1,0.504,425531.1646618609,0.3687281384620679,1.3628366879114668,1.5915157917760945,0.5403137538664978,0.3433987204485146,0.826345711745308,0.1639344262295082,16.024556693773906,0,0,0,0,0,1
APP_0136,53,Business,9,4218808,0.585594723230803,2,133562.95423424555,0.3799071801349923,0.6569370405174582,3557224.5997444307,5519123.356767443,26500334.81813089,303644.1556803698,5,8,0.504,617192.2202959808,0.3799071801349923,0.8431823870023074,1.308218661946086,0.7883244486209497,0.23025850929940458,0.720432891255525,0.14705882352941177,11.32592991890249,0,0,1,0,0,1
APP_0137,39,Salaried,4,2033511,0.7990880870462016,3,22057.40424646724,0.1301634714332044,0.7166128464786233,1043096.8206620236,2421168.5935039334,19037520.777499184,188160.9723378193,3,7,0.5599999999999999,524077.81123083207,0.13016347143320436,0.5129536160178252,1.19063461840331,0.9315967004222103,0.16094379124341002,0.9276963533128613,0.2127659574468085,26.176133990024393,0,0,1,1,0,0
APP_0138,43,Self-Employed,10,696291,0.8631747834942489,0,17157.168382555785,0.2956896191257239,0.2857761593768136,1633997.4431923763,1205000.914132509,930024.9006325433,109213.6102210358,3,2,0.63,251603.70692741065,0.2956896191257239,2.3467163056715887,1.7305995828360685,0.2857761593768136,0.23978952727983707,1.0701550567882105,0.23809523809523808,27.578349896511103,0,0,0,0,1,0
APP_0139,27,Self-Employed,26,4355581,0.5745246527689956,2,131764.65543491126,0.363022950375377,0.1074137347840798,8362300.309698929,1712358.5300361754,42889166.52974389,336411.457454725,5,8,0.4536,809494.9860714573,0.363022950375377,1.9199046716612385,0.3931412433923684,0.12889648174089574,0.3295836866004329,0.7638786058714347,0.14705882352941177,12.743248946998229,0,0,1,0,1,0
APP_0140,33,Business,15,2488723,0.5771245593095239,0,41313.88627132063,0.1992052290495357,0.6848953870470194,5277868.082521199,3716849.84366778,2804187.954149552,208569.14595142595,2,9,0.6400000000000001,748226.3367890607,0.1992052290495357,2.120713346773104,1.4934767122205967,0.6848953870470194,0.2772588722239781,0.7371374637564428,0.25641025641025644,36.28609626602695,0,0,1,0,0,1
APP_0141,37,Salaried,20,2000749,0.9480969475828928,2,21011.420990491544,0.1260213309545068,0.6354046827279634,1924626.508035661,906542.1252142048,7827760.460389533,145399.53599166128,2,6,1.0,588637.3644085665,0.1260213309545068,0.9619530026183499,0.4531013761417373,0.762485619273556,0.3044522437723423,1.2367471905882133,0.2777777777777778,22.45737873171513,0,0,1,1,0,0
APP_0142,42,Self-Employed,10,295929,0.6046212603261572,2,7591.332904880269,0.3078305771268217,0.1496994654404289,235429.9024644545,222613.00916902057,1375699.7957321235,30919.17256663817,5,4,0.567,79888.35884129225,0.3078305771268217,0.7955621195099314,0.7522514156065156,0.17963935852851468,0.23978952727983707,0.7496031065231057,0.15625,10.05626893574494,0,0,0,0,1,0
APP_0143,65,Self-Employed,12,2052617,0.5876514403741375,1,41643.24907888708,0.2434545699205672,0.4639829382165362,6100572.5270791575,1790959.0641124588,15019956.220426451,319728.5096379584,4,10,0.6930000000000001,754249.0858085152,0.24345456992056722,2.972094904738272,0.8725247155764855,0.5103812320381899,0.2564949357461537,0.7383810588140366,0.16666666666666666,31.58387720196959,0,0,1,0,1,0
APP_0144,40,Business,25,886777,0.7102026624880671,2,9121.300774276848,0.123430816644232,0.5513349778187798,580302.5403454334,1051512.3640834407,4921065.656265615,100431.37573751206,1,2,0.8,234993.81582211857,0.12343081664423207,0.6543951188917094,1.1857686476796767,0.6616019733825358,0.3258096538021482,0.9415935460826681,0.45454545454545453,29.81692605786348,0,0,0,0,0,1
APP_0145,58,Self-Employed,4,1923032,0.7867671864722601,3,20397.35897699713,0.1272824933355063,0.5083002832262676,4849367.885241222,1954143.081542788,10805960.237669652,189931.0941264784,0,8,0.99,732870.9741045268,0.1272824933355064,2.5217302079430928,1.0161781403236076,0.6607903681941479,0.16094379124341002,0.9133924802890165,0.5555555555555556,55.5914368984124,0,0,1,0,1,0
APP_0146,44,Business,1,3521458,0.601782887627045,0,95003.46239593237,0.3237413448495447,0.5626490120472284,2159444.345335836,2888130.6800950905,5542208.673277531,584323.0063136334,0,7,0.7200000000000001,539274.8204476387,0.3237413448495448,0.6132245068195719,0.8201519598118423,0.5626490120472284,0.06931471805599453,0.6434952988138359,0.588235294117647,8.855072047084748,0,0,1,0,0,1
APP_0147,51,Salaried,25,868029,0.9297483048771136,3,15359.648462017873,0.2123382761914803,0.8130668841748214,1407372.596820146,1606554.2692145344,3817129.009857587,44875.29010650957,5,8,0.5599999999999999,123077.5859272396,0.21233827619148032,1.6213428316567142,1.8508071380271103,1.056986949427268,0.3258096538021482,1.2326692782122601,0.14705882352941177,32.70394798300749,0,0,1,1,0,0
APP_0148,47,Salaried,6,1948607,0.8586527618632027,1,56906.87257289019,0.3504464835006147,0.7049435318871458,5741037.984258372,2013704.157211822,14559690.98027574,184499.31428767263,3,3,0.504,293652.0096678457,0.3504464835006147,2.9462267066978476,1.033407022150604,0.7754378850758604,0.19459101490553132,1.0257388742456008,0.23255813953488372,22.71179147866365,0,0,0,1,0,0
APP_0149,47,Salaried,9,1090544,0.98122310834052,0,9966.226653446429,0.1096651944729943,0.6281581486418283,2221774.03520609,2055924.3835976769,9816392.311016155,78246.4812183477,0,1,1.0,477197.6905474913,0.10966519447299435,2.037308018022281,1.8852282746938014,0.6281581486418283,0.23025850929940458,1.207158078557136,0.9090909090909091,71.5365766060266,0,0,0,1,0,0
APP_0150,53,Business,22,608326,0.597893660487357,0,11187.09512826822,0.2206796052432719,0.2874714227900493,634589.2738761759,1067438.4144845083,917353.366452612,63663.53494202204,2,3,0.8,256136.63693817647,0.2206796052432719,1.0431730254438836,1.7547144368061012,0.2874714227900493,0.313549421592915,0.7853628719072384,0.30303030303030304,25.357009852955468,0,0,0,0,0,1
APP_0151,61,Self-Employed,19,2889933,0.5947616139106883,1,95297.62822232617,0.3957086682175378,0.5170008434119387,4432869.720243577,2009304.110922952,17369835.550891932,334148.6676980277,5,2,0.6237,811819.0783082058,0.3957086682175379,1.5339005161170092,0.6952770569154897,0.5687009277531326,0.2995732273553991,0.7729362700970189,0.16129032258064516,11.26676139329364,0,0,0,0,1,0
APP_0152,52,Business,16,593292,0.8889160941374743,3,16599.389508961838,0.3357413787941554,0.3549875658530498,914151.1860296892,278011.70336725266,2603449.3634379604,80669.12939532523,3,3,0.504,161391.52116509664,0.33574137879415544,1.5408115835536114,0.4685916940852947,0.4614838356089648,0.2833213344056216,1.1407649881031365,0.23255813953488372,11.969947135237568,0,0,0,0,0,1
APP_0153,44,Business,5,4084136,0.8658964695263622,3,132848.72699031833,0.390335856563988,0.5458294065594185,3411200.5798485465,2602188.1752425013,11558229.844516626,500326.6645480354,3,5,0.504,487812.23304291855,0.39033585656398806,0.835231877647695,0.6371453289612543,0.7095782285272441,0.1791759469228055,1.0210442893908624,0.2222222222222222,7.544155536054789,0,0,0,0,0,1
APP_0154,37,Salaried,9,1881957,0.9021015761903736,0,56785.87842993997,0.3620861375468619,0.2505306351462043,4524678.262147688,2829991.769297576,11347550.091969747,191189.7853284229,2,4,0.9,987137.4734861389,0.3620861375468619,2.404241043843025,1.5037494317338684,0.2505306351462043,0.23025850929940458,1.1098181403606122,0.29411764705882354,21.58597123907354,0,0,0,1,0,0
APP_0155,25,Salaried,30,1097017,0.9886232668343378,0,29625.288569992437,0.3240637682368725,0.7034645943577341,3056402.6201621634,1593008.3499173997,8045431.893350373,100098.05570660991,1,8,0.5760000000000001,207665.42564478196,0.3240637682368726,2.7861032419389704,1.4521273142689672,0.7034645943577341,0.3433987204485146,1.32811523167088,0.35714285714285715,26.156768954868337,0,0,1,1,0,0
APP_0156,43,Self-Employed,15,4676581,0.759488535998045,2,69551.86175731882,0.1784684882156057,0.5102532320190188,8152184.351618725,1765385.0879289038,45979518.25214218,469308.7900807514,2,3,0.9,1465891.9531818898,0.17846848821560576,1.7431932327524584,0.3774948168178641,0.6123038784228226,0.2772588722239781,0.9700634709559032,0.30303030303030304,23.765406103606853,0,0,0,0,1,0
APP_0157,51,Salaried,19,1228090,0.9223757136149466,0,18240.43524931056,0.1782322329729309,0.8478066002370829,2392144.0900931777,1168700.2214342717,2912664.358597401,101808.4490487354,3,9,0.5599999999999999,366797.6294117617,0.17823223297293092,1.947857315093501,0.9516405323993125,0.8478066002370829,0.2995732273553991,1.1986947829768155,0.2040816326530612,32.53617821119007,0,0,1,1,0,0
APP_0158,56,Business,21,3031694,0.6029307030539531,3,98518.04953599827,0.3899524801751032,0.6133555635189658,5234186.210341657,1524398.08305294,24722796.47311544,190465.8133359018,5,8,0.5544000000000001,664453.4253584066,0.3899524801751032,1.726488956451956,0.5028205627127738,0.7973622325746555,0.3091042453358316,0.7892991430112477,0.14705882352941177,11.433749661823855,0,0,1,0,0,1
APP_0159,59,Business,2,4595164,0.5135295028658762,0,146875.39287879245,0.3835564333602694,0.6345724347145223,11078237.844459437,4330050.609783425,39439844.36031432,324399.465625687,5,2,0.5544000000000001,518827.14923460415,0.38355643336026946,2.4108471089300485,0.942306000348067,0.6345724347145223,0.10986122886681098,0.569946485110084,0.16129032258064516,17.484535873387596,0,0,0,0,0,1
APP_0160,57,Self-Employed,12,707092,0.7471340943507212,3,17546.800431990738,0.2977853025969589,0.1125854134953757,1294353.9761315647,664955.903214445,813534.3264457491,93294.25365663844,4,4,0.6930000000000001,101363.00151254384,0.2977853025969589,1.8305312125318414,0.9404093147913496,0.1463610375439884,0.2564949357461537,0.9387702058749702,0.18518518518518517,18.610324305182743,0,0,0,0,1,0
APP_0161,52,Salaried,4,703969,0.8573156203677449,1,9244.263789041555,0.1575796170974839,0.521164788320173,1786698.648540097,479532.7895963264,3218593.998845904,62159.13543658478,3,7,0.7,209923.9859852,0.15757961709748391,2.5380359767832066,0.6811845260179445,0.5732812671521903,0.16094379124341002,0.9952952466019257,0.2127659574468085,40.858336402856416,0,0,1,1,0,0
APP_0162,39,Self-Employed,22,876263,0.7614942878236612,0,9350.467501343546,0.1280501516281328,0.4034112177918527,1648911.0537665235,263761.2008307368,950790.5297638382,55283.09405507344,3,6,0.63,252816.44334583488,0.12805015162813282,1.8817535988242382,0.3010068904321383,0.4034112177918527,0.313549421592915,1.000260381317079,0.2173913043478261,34.09227496419177,0,0,1,0,1,0
APP_0163,46,Business,28,999953,0.8579164848570799,0,14076.83411855799,0.168929949130305,0.8210183672196679,2230614.437322475,1220154.1146442972,3439693.801168322,157179.18722371283,5,4,0.448,250744.86227256127,0.168929949130305,2.230719281128688,1.2202114645831326,0.8210183672196679,0.3367295829986474,1.14680234505067,0.15625,40.85635215635953,0,0,0,0,0,1
APP_0164,61,Business,2,1704534,0.8715065445018637,2,14871.693890747229,0.1046974285575804,0.2657264923276669,1466715.5468023513,2858918.290222578,14297838.275948552,268934.61467622087,2,2,0.8800000000000001,638370.6298947982,0.1046974285575804,0.8604789032089423,1.677243334672455,0.3188717907932002,0.10986122886681098,0.9672513244463066,0.3125,48.477260097858604,0,0,0,0,0,1
APP_0165,61,Self-Employed,22,4734566,0.6326919358487314,1,133021.35060203436,0.3371494255702449,0.65144843294718,3295585.6983870715,7299857.120909722,19472017.58798104,255086.05927191352,1,1,0.8910000000000001,1418415.630816449,0.33714942557024496,0.6960692275463203,1.5418218102587906,0.7165932762418981,0.313549421592915,0.8310721263806028,0.47619047619047616,13.27536616157661,0,0,0,0,1,0
APP_0166,64,Business,13,2937845,0.5118502635780661,2,82030.61622574307,0.3350644416941387,0.4604401558077541,3144510.569853152,3512099.4071028773,12864361.907348566,190618.83356765512,4,10,0.5544000000000001,573364.2989512028,0.3350644416941387,1.0703459746355415,1.1954679049108707,0.552528186969305,0.26390573296152586,0.6469304825541858,0.16666666666666666,13.524645397106896,0,0,1,0,0,1
APP_0167,64,Self-Employed,26,2267370,0.7852434130713544,0,34084.54359223805,0.1803916092683843,0.4039999944667646,5577108.271010217,1083119.0282042322,10218124.605206257,196703.85952737211,0,0,0.99,1295602.9933451049,0.18039160926838435,2.4597257046755567,0.47769840308561556,0.4039999944667646,0.3295836866004329,1.044046832030118,1.0,32.56719222889031,0,0,0,0,1,0
APP_0168,53,Self-Employed,25,2462964,0.5408925656452983,0,32063.180418123862,0.1562175350583631,0.4590749416171612,4647243.627149048,2301589.404551036,3045103.117405859,211583.2686021285,0,9,0.9,973599.2439806066,0.15621753505836314,1.8868500015221694,0.9344795151496474,0.4590749416171612,0.3258096538021482,0.7171205852023487,0.5263157894736842,36.12052277764801,0,0,1,0,1,0
APP_0169,45,Self-Employed,1,2648193,0.665524027907251,0,70056.43484665066,0.3174531532104374,0.5476292366099809,7896449.417169296,1686730.877804266,15068061.33572564,337197.50153230026,1,2,0.81,659743.6446392447,0.31745315321043743,2.9818255003201415,0.6369365366513189,0.5476292366099809,0.06931471805599453,0.711654638261132,0.45454545454545453,22.79871534035517,0,0,0,0,1,0
APP_0170,42,Self-Employed,5,730723,0.566882960303653,2,13782.087458973292,0.2263307019317573,0.4873850511471428,505882.01990688354,477205.6174933769,2352424.310614543,87537.60309511043,4,9,0.63,128079.77755335302,0.22633070193175733,0.6923034034878929,0.6530595280200252,0.5848620613765714,0.1791759469228055,0.6684547515104633,0.1694915254237288,11.888470455179949,0,0,1,0,1,0
APP_0171,31,Salaried,10,328384,0.9846470387183696,2,9645.842592965042,0.3524840160165553,0.4039119649176386,872022.3250418645,325888.6949258598,1601051.2938956458,47487.141203928266,5,9,0.504,50000.0,0.3524840160165553,2.6554957764137854,0.992401258666256,0.4846943579011663,0.23978952727983707,1.2207550866701389,0.14492753623188406,20.69822669580971,0,0,1,1,0,0
APP_0172,45,Business,23,1884864,0.6916038969581821,1,61159.49955962365,0.3893723869284382,0.8749801773973565,2315782.321949464,2734794.3800499435,10214202.070263537,214217.7657850937,1,5,0.5760000000000001,380446.8713533213,0.3893723869284382,1.228620378950133,1.450923981809798,0.9624781951370922,0.31780538303479455,0.9113993383393337,0.4,13.763402083529863,0,0,0,0,0,1
APP_0173,50,Self-Employed,4,4929920,0.5799200194842429,1,125102.38527468372,0.3045137899390263,0.5400793255979782,14210551.235646302,5082353.131821272,36359656.03995463,475606.8143766552,2,1,0.81,2106775.893497359,0.30451378993902634,2.88251152871574,1.0309200010996673,0.5940872581577761,0.16094379124341002,0.6732545460379891,0.3225806451612903,25.702819767860138,0,0,0,0,1,0
APP_0174,51,Business,16,1367519,0.7533344158614654,1,20034.666794048702,0.1758045054793275,0.2233145875646852,2130348.2951337816,1201479.5916873089,6894484.457069212,159190.69672308574,4,6,0.5599999999999999,316851.824603892,0.17580450547932747,1.5578198877922584,0.8785834724689813,0.24564604632115375,0.2833213344056216,0.9667701278170153,0.17857142857142858,27.71718908589327,0,0,1,0,0,1
APP_0175,51,Business,2,3215951,0.7806537148222372,0,35592.759478761414,0.1328108275732861,0.2985847750759223,6952032.928059056,1606075.7988448022,20949030.013601158,360409.0660765228,5,10,0.5599999999999999,826083.1592271219,0.1328108275732861,2.1617347179913677,0.4994092879042007,0.2985847750759223,0.10986122886681098,0.8664172912520492,0.14285714285714285,40.074202601096324,0,0,1,0,0,1
APP_0176,46,Self-Employed,4,288481,0.539442623432691,1,6087.018146905971,0.2532028721575134,0.5150382134794796,562911.7460276505,356396.2692712114,1445868.780850183,26124.388680948505,5,9,0.63,86541.47318679055,0.25320287215751347,1.9512957388100103,1.235423716886767,0.5665420348274277,0.16094379124341002,0.6262625644062394,0.14492753623188406,25.171274152959608,0,0,1,0,1,0
APP_0177,34,Self-Employed,1,4249777,0.5418197432024247,3,133217.8529020717,0.3761642634013174,0.1686838395361264,10957176.077870673,6435315.3486240655,17572648.85569122,359318.6528811145,1,8,0.6480000000000001,1082734.4655599634,0.3761642634013174,2.5782943617678464,1.5142713014410087,0.2192889913969643,0.06931471805599453,0.5793758259396721,0.35714285714285715,21.759460221996846,0,0,1,0,1,0
APP_0178,55,Salaried,15,2197701,0.7956728422653101,2,20769.17473869015,0.1134049158025963,0.6686231918042019,1222938.825667488,1796709.1471621443,4360819.276089713,311354.74517651566,5,3,0.7,625198.2279739449,0.11340491580259635,0.5564627880077808,0.8175403056021471,0.8023478301650423,0.2772588722239781,1.0162801971710373,0.15873015873015872,24.231808363610124,0,0,0,1,0,0
APP_0179,60,Salaried,11,2088322,0.9875387865201848,1,59051.95741691182,0.3393267364912795,0.603808255102943,2017250.7914555687,2888471.428963826,9523252.44751532,279501.4610000827,1,7,0.99,903225.2660930828,0.33932673649127953,0.9659673132091549,1.3831542400854975,0.6641890806132373,0.24849066497880004,1.232932956274943,0.37037037037037035,13.845779307490691,0,0,1,1,0,0
APP_0180,49,Salaried,23,1200920,0.7617353438101966,0,27341.38282454189,0.2732043715605558,0.7396018855093678,2212361.8764362447,1030902.696787739,3330953.946591713,67144.68376073871,5,7,0.5599999999999999,276461.5887871928,0.2732043715605558,1.84222252642661,0.8584274529425266,0.7396018855093678,0.31780538303479455,1.003818936520937,0.14925373134328357,19.77018130378296,0,0,1,1,0,0
APP_0181,65,Self-Employed,20,3460142,0.7445233684556007,0,58931.23293740882,0.2043773912310263,0.7764142421356474,7070477.34001124,5760198.239034885,25445521.812983107,272822.75398661895,4,9,0.5544000000000001,448692.5178966874,0.20437739123102633,2.0434066983410624,1.6647288576696808,0.7764142421356474,0.3044522437723423,0.9711951785228506,0.1694915254237288,36.287140506839144,0,0,1,0,1,0
APP_0182,33,Self-Employed,4,2201293,0.6221520010141995,1,38888.00935511434,0.2119918212892932,0.213086834614425,3238450.188722994,2803492.9585254886,13589141.70645761,208124.58037995265,3,10,0.504,460368.8662389775,0.21199182128929323,1.471158173274977,1.273566471399077,0.23439551807586753,0.16094379124341002,0.7222835027870986,0.2,25.894627707627304,0,0,1,0,1,0
APP_0183,36,Business,6,4307415,0.6155339096197383,1,69770.79184625852,0.1943740043982533,0.4608007765973209,2731022.3920625146,3645238.2884373674,4678933.661938239,252989.58474474432,3,8,0.5599999999999999,970107.8929378334,0.1943740043982533,0.634028156577092,0.8462705099084642,0.506880854257053,0.19459101490553132,0.7353112778014128,0.20833333333333334,15.23144693209663,0,0,1,0,0,1
APP_0184,56,Self-Employed,22,4324895,0.6662521741096448,3,88880.14355892634,0.2466098535819057,0.1661365006291735,2496120.778829758,6789660.935675222,15694218.704608122,328792.7098304103,4,4,0.6930000000000001,801089.6120684367,0.2466098535819057,0.577151764107512,1.5699019133817635,0.21597745081792558,0.313549421592915,0.8751551579367459,0.18518518518518517,17.41255384814688,0,0,0,0,1,0
APP_0185,54,Business,24,4354989,0.7198904738152205,0,98645.66012692894,0.2718142161835879,0.3143111275143207,8090548.12211802,8638593.267531086,25600325.582220964,593432.3451457986,5,7,0.5599999999999999,1020735.9683423018,0.2718142161835879,1.8577654552326126,1.9836085160102783,0.3143111275143207,0.32188758248682003,0.9516142780868933,0.14925373134328357,28.264702451385855,0,0,1,0,0,1
APP_0186,52,Salaried,24,1338222,0.7893126805308681,0,26197.89288218005,0.2349197028491241,0.3788615814578511,3401521.4015792264,1325275.8076418112,13309446.362018056,185505.1672208436,1,3,1.0,701604.4844537077,0.23491970284912414,2.541821462791096,0.9903258260899994,0.3788615814578511,0.32188758248682003,1.0433826310931409,0.4347826086956522,30.07110298576869,0,0,0,1,0,0
APP_0187,62,Business,12,3791725,0.5663926470761037,1,105996.02707953876,0.3354547929911755,0.750823892396347,9530884.636811048,4649162.261100317,21956086.657683916,440878.5677930143,1,5,0.6336000000000002,1421281.8558353286,0.33545479299117553,2.513601233425696,1.226133820648997,0.8259062816359817,0.2564949357461537,0.7116694926949828,0.4,22.296506904720665,0,0,0,0,0,1
APP_0188,43,Self-Employed,19,2442636,0.8809589381754901,0,28635.158601042163,0.1406766719284027,0.7000753091912928,3734767.380061431,749192.1133129824,8539240.064988721,302040.98236352723,5,2,0.504,369167.62569902407,0.14067667192840275,1.5289905577668679,0.3067145957535148,0.7000753091912928,0.2995732273553991,1.1448706504523072,0.16129032258064516,26.098216973097895,0,0,0,0,1,0
APP_0189,45,Salaried,25,1947106,0.8468376177746912,2,46786.336088724966,0.2883438462336922,0.4001378622769816,1341148.4722552078,3174323.170456629,15420997.962380849,179178.56139174363,5,4,0.7,651340.0819533429,0.28834384623369225,0.6887906833296225,1.6302775352017962,0.48016543473237794,0.3258096538021482,1.1227454888484993,0.15625,16.085435835186146,0,0,0,1,0,0
APP_0190,48,Self-Employed,16,2945501,0.7327822178675922,0,78369.86048666798,0.3192795812461159,0.4667594053437741,6363341.221010033,2488361.933493893,4624366.392088374,319497.6826180879,1,6,0.81,1264358.182990895,0.31927958124611594,2.1603595520796066,0.844800912813777,0.4667594053437741,0.2833213344056216,0.9403950536625494,0.3846153846153846,18.824632963777677,0,0,1,0,1,0
APP_0191,56,Self-Employed,11,2578951,0.635102062068315,1,57992.57741063009,0.2698426332751421,0.4882703232068041,3505694.595409495,3684272.5502299992,3702557.012108473,139556.0891966093,3,0,0.6930000000000001,446257.9314584388,0.26984263327514213,1.359349051381548,1.4285934669677707,0.5370973555274845,0.24849066497880004,0.7929189958010777,0.25,20.663469552690167,0,0,0,0,1,0
APP_0192,35,Self-Employed,15,205670,0.8967352955282681,3,2754.186304410497,0.1606954619192199,0.6508735055292083,170661.41170567516,281766.8631791057,499942.0531625589,32548.79164406344,2,1,0.9,85487.07839112483,0.16069546191921993,0.8297827184600338,1.369994958813175,0.8461355571879708,0.2772588722239781,1.1453631122498715,0.3225806451612903,27.378217791601557,0,0,0,0,1,0
APP_0193,41,Salaried,12,994262,0.7155361825145965,2,26331.082722687966,0.3177965090411336,0.7041857256540289,1564051.034043231,362068.9953051568,1845999.6263168943,67952.1541124453,0,2,0.7200000000000001,313172.3415997989,0.31779650904113366,1.5730773518883665,0.36415853699040773,0.8450228707848347,0.2564949357461537,0.899067589672726,0.8333333333333334,12.191675073611524,0,0,0,1,0,0
APP_0194,58,Business,15,277904,0.5032250276076707,2,7992.8133420495,0.3451327080739895,0.8905239275714176,432358.8286295606,121698.40574060864,455055.2244562152,24886.416411458325,5,1,0.4435200000000001,50000.0,0.34513270807398955,1.5557848344376497,0.43791527196660945,1.068628713085701,0.2772588722239781,0.6427486312370538,0.1639344262295082,11.553237695320663,0,0,0,0,0,1
APP_0195,48,Self-Employed,5,3410496,0.8093841934602497,1,83123.1222053145,0.2924728445550952,0.6417096623352353,2288541.7845233143,4140083.58081088,22143917.91839759,212068.85457435,2,3,0.9,1385032.485038938,0.2924728445550952,0.6710290188064476,1.2139241860453376,0.7058806285687589,0.1791759469228055,0.9544063727478412,0.30303030303030304,12.889765596660055,0,0,0,0,1,0
APP_0196,34,Self-Employed,20,3910984,0.84398500984086,0,120255.5499530733,0.3689778836826946,0.2120105132606365,3159656.816619868,5921294.18213442,16284636.384713564,372874.2288958033,1,3,0.6480000000000001,787633.1329956198,0.3689778836826946,0.8078930562282709,1.5140164680127608,0.2120105132606365,0.3044522437723423,1.1009381397971323,0.4347826086956522,12.585629800174017,0,0,0,0,1,0
APP_0197,30,Salaried,18,1495044,0.933690895753978,0,44149.60008475837,0.3543676313319878,0.6267242960681151,1874969.5656714733,1692312.7086332878,8350871.89800964,202050.8935483964,2,10,0.7200000000000001,238782.3125499556,0.3543676313319879,1.2541233339429965,1.1319484300350275,0.6267242960681151,0.29444389791664405,1.2086104825490622,0.25,13.46664623407798,0,0,1,1,0,0
APP_0198,40,Self-Employed,13,1145762,0.5964327022420839,0,24680.281613807776,0.2584859502808553,0.8821575582746685,3399712.2614886947,2155251.562559895,2506750.72454656,171026.0801806553,4,6,0.504,199897.83359436507,0.2584859502808553,2.9672063321079722,1.8810639230135886,0.8821575582746685,0.26390573296152586,0.7538347116895047,0.17857142857142858,37.512833868562076,0,0,1,0,1,0
APP_0199,36,Self-Employed,25,812299,0.5066757607083425,0,7049.267981414033,0.1041380277175872,0.2725943508137873,2279675.0845528618,1549561.063112274,3721771.4253419535,62935.01085791458,5,8,0.63,259376.59098055333,0.10413802771758725,2.8064482223329854,1.9076239945048241,0.2725943508137873,0.3258096538021482,0.6717556148946677,0.14705882352941177,90.53507772630263,0,0,1,0,1,0
APP_0200,52,Business,13,891454,0.7562149153249407,1,13612.526405621247,0.183240320720368,0.3479255084933135,1585238.546285416,504344.99380162667,7374589.522794515,96914.81231454156,3,9,0.5599999999999999,226502.3362515312,0.18324032072036803,1.7782617457383285,0.5657554891240901,0.38271805934264486,0.26390573296152586,0.9557843668302074,0.2040816326530612,25.584076972223613,0,0,1,0,0,1
APP_0201,29,Self-Employed,23,3869898,0.7919833509726166,1,37851.40242408061,0.1173717832069391,0.1689702387131914,6138466.92644814,3932084.6143716495,25074971.7380606,310860.8749505039,5,10,0.504,967926.0750509722,0.11737178320693913,1.5862089715150478,1.0160693161348566,0.18586726258451056,0.31780538303479455,1.043679923185649,0.14285714285714285,44.342485332472236,0,0,1,0,1,0
APP_0202,32,Salaried,23,875507,0.9104498833671598,1,18161.2165995208,0.2489238797568147,0.3773641021430811,1569834.04780641,1471300.3443048927,2918259.765905031,77176.24456229058,5,4,0.5599999999999999,241795.4462179876,0.24892387975681474,1.793057106118409,1.6805123708946847,0.4151005123573892,0.31780538303479455,1.199795757284644,0.15625,27.908688233580357,0,0,0,1,0,0
APP_0203,32,Salaried,11,2100717,0.7815941785064061,0,31315.54504088117,0.1788848952479435,0.8800404702225427,4346030.7253212575,2296221.538627294,11757790.596618803,102087.6103264449,4,2,0.448,326639.7506419763,0.17888489524794346,2.068832082246803,1.0930656240832506,0.8800404702225427,0.24849066497880004,0.9758130356670219,0.1923076923076923,35.35119834402457,0,0,0,1,0,0
APP_0204,41,Salaried,29,783744,0.7685213269459753,0,7394.0611397445855,0.1132113721788428,0.790342795922089,871036.3297709104,822285.5996892267,3485164.7864274257,47359.49477824899,0,8,0.8,326818.86202182056,0.11321137217884286,1.1113786258917586,1.0491762612399287,0.790342795922089,0.34011973816621555,1.029910599441993,0.5555555555555556,38.16851338430214,0,0,1,1,0,0
APP_0205,51,Salaried,11,1341291,0.8248769795503946,2,20273.321443923625,0.181377387402945,0.1623096559735296,1920756.0969299816,1480347.5961960335,12229179.224241324,85956.24536513639,4,0,0.7,546096.2143033611,0.181377387402945,1.432020416844653,1.103673696607249,0.1947715871682355,0.24849066497880004,1.0298512087245764,0.2,27.960421635345824,0,0,0,1,0,0
APP_0206,29,Self-Employed,28,2568161,0.8094109918023542,2,42415.37822769345,0.1981902765178357,0.5424731162592541,1335245.8018312214,1441272.694221214,15599679.349896064,204567.71214119677,4,3,0.504,499064.61701535375,0.1981902765178357,0.5199229338936389,0.5612080762153205,0.6509677395111049,0.3367295829986474,1.0819636175464826,0.18867924528301888,10.910030795700168,0,0,0,0,1,0
APP_0207,62,Self-Employed,25,1839322,0.7929853346957066,1,22251.1845657348,0.1451699130379659,0.8459180260302789,1029607.6496057408,2160801.2004681625,12366638.345230388,236075.6313098738,0,5,0.7920000000000001,292200.53174040327,0.14516991303796592,0.5597756399400109,1.1747813599077066,0.9305098286333069,0.3258096538021482,1.0513476120630953,0.6666666666666666,23.896921387479,0,0,0,0,1,0
APP_0208,49,Business,24,2779586,0.5415796077406239,1,52336.07259189969,0.2259447526008536,0.8689480487101976,8148073.091164149,1268248.0232444874,9779771.64818403,131069.15382643112,1,8,0.6400000000000001,649707.4965033308,0.22594475260085362,2.9313980899184804,0.4562722733689432,0.9558428535812175,0.32188758248682003,0.7159073584004135,0.35714285714285715,29.986714223648892,0,0,1,0,0,1
APP_0209,48,Self-Employed,24,912213,0.7323082509505063,1,22133.68567824156,0.2911647040098076,0.4154810313870339,1805944.024900687,284710.02800423687,6350822.667297885,52913.09976230492,2,4,0.9,443635.5759474792,0.2911647040098077,1.9797394083406912,0.3121091543359247,0.45702913452573735,0.32188758248682003,0.9680291834841163,0.29411764705882354,15.742626294424864,0,0,0,0,1,0
APP_0210,50,Business,27,2936796,0.6272230877064402,2,41625.012898662266,0.1700833679914938,0.8548437488240757,2467729.815273087,4658533.524297114,5817074.839556765,161153.4072338229,3,7,0.448,428404.42686961504,0.17008336799149384,0.8402796160417976,1.5862639162873806,1.0258124985888908,0.3332204510175204,0.836226647880582,0.2127659574468085,28.53357810330442,0,0,1,0,0,1
APP_0211,32,Business,12,1941778,0.6807668307671181,3,29046.147391048045,0.1795023780744125,0.1959308450843148,1736024.1791188098,2786254.761502578,16383713.411206694,250055.2087334321,0,3,0.6400000000000001,664081.7385277313,0.1795023780744125,0.8940384426637905,1.4348987173109273,0.25471009860960925,0.2564949357461537,0.8553800752828427,0.7692307692307692,25.94881677845248,0,0,0,0,0,1
APP_0212,45,Salaried,3,1341105,0.9905200012529108,3,28390.958448719783,0.2540379026136189,0.6417467015912575,1542829.9663809922,2659703.4642218635,1716264.157325093,123670.92960617978,3,8,0.7,468665.18886427407,0.2540379026136189,1.1504169818030596,1.983217916734233,0.8342707120686347,0.13862943611198905,1.1278352304842485,0.20833333333333334,24.6706091201156,0,0,1,1,0,0
APP_0213,40,Salaried,15,727430,0.941169026033155,1,8270.63520794942,0.1364359766512146,0.1493353475950498,1783949.3201264532,436544.3014499183,2024581.2240322884,66733.98655950249,5,10,0.7,292805.83026263193,0.13643597665121462,2.452399983677403,0.600118638837989,0.16426888235455478,0.2772588722239781,1.2021164887632474,0.14285714285714285,44.746535297194534,0,0,1,1,0,0
APP_0214,30,Business,19,2371144,0.866971432604632,0,21051.817645822463,0.1065400548215838,0.1515776288375278,6535442.424249022,2366819.9412663714,5119593.777894579,367056.4415415513,2,1,0.6400000000000001,329423.64693334035,0.10654005482158382,2.7562402048332038,0.9981763829047798,0.1515776288375278,0.2995732273553991,1.1266928626949355,0.3225806451612903,70.47896857243556,0,0,0,0,0,1
APP_0215,54,Salaried,6,2116789,0.9465056204596852,3,43894.78052158122,0.2488379173639766,0.4061835508538062,3316288.752262477,1771959.5309888255,19420984.35530182,160959.33965054873,3,2,0.7,316887.2171771518,0.2488379173639766,1.5666600460709483,0.8370978548116158,0.5280386161099481,0.19459101490553132,1.1306871097587252,0.23809523809523808,19.319868341178683,0,0,0,1,0,0
APP_0216,64,Business,8,2675521,0.6995566439985996,3,26374.777820590043,0.1182937206798528,0.3238207899511771,2255705.114482998,1495680.5906307066,23977678.463764608,287333.3610354836,5,8,0.616,853625.2816539531,0.11829372067985283,0.843090042830162,0.5590240519998559,0.4209670269365302,0.21972245773362195,0.8532649491418562,0.14705882352941177,23.70563858794609,0,0,1,0,0,1
APP_0217,49,Business,12,4223884,0.7178071224136207,3,71528.03868419687,0.2032102359369628,0.5525208920383051,5507991.395852786,2900896.931464482,5214666.572963749,491263.9427365423,0,4,0.8,755015.8592358595,0.20321023593696286,1.3040110466700283,0.6867842325841529,0.7182771596497967,0.2564949357461537,0.9019210141552337,0.7142857142857143,19.59345473002392,0,0,0,0,0,1
APP_0218,55,Business,12,2152550,0.8895919446934009,0,31276.034206443812,0.1743571162004719,0.292922236123842,3948258.680633728,3496229.7896346776,16431579.190966977,295271.4874318493,1,9,0.8,927494.2503938312,0.17435711620047187,1.8342239114695258,1.6242269817819226,0.292922236123842,0.2564949357461537,1.1177677733878306,0.3448275862068966,39.67088890452857,0,0,1,0,0,1
APP_0219,49,Self-Employed,30,1657202,0.570440147031996,2,47211.346613817404,0.3418630676078165,0.658101250879664,4615224.727004538,415579.5707769775,12105938.879920194,265337.1121927707,4,2,0.567,399573.1056597511,0.34186306760781654,2.7849500103213356,0.2507718255088864,0.7897215010555968,0.3433987204485146,0.766328563615246,0.1923076923076923,17.7598700969523,0,0,0,0,1,0
APP_0220,37,Self-Employed,18,2792525,0.5702227070642603,0,29572.191198930857,0.1270772130552708,0.2860986864665913,2923836.0997431795,3204722.1465506265,2809703.1266533146,436761.21415684,1,2,0.9,845222.6340327848,0.12707721305527087,1.0470223542289432,1.1476073254673196,0.2860986864665913,0.29444389791664405,0.7381213036128417,0.45454545454545453,34.540097739501604,0,0,0,0,1,0
APP_0221,36,Self-Employed,2,383818,0.5590848075944459,1,10628.878354434666,0.3323099496459676,0.7771847100633077,1017760.0833205896,740387.1291440135,1674335.7942703613,61183.302160026265,3,9,0.4536,50000.0,0.3323099496459676,2.651673666478877,1.9290057504963642,0.8549031810696386,0.10986122886681098,0.6205065515975363,0.2040816326530612,27.5687166264829,0,0,1,0,1,0
APP_0222,44,Self-Employed,5,1521238,0.7929408101698563,3,42791.50680947721,0.3375527574999615,0.8685296802949906,3229513.222372464,781254.3009662894,14784434.555188678,195268.7208138856,4,5,0.4536,199623.17886927415,0.33755275749996155,2.122950664112035,0.5135648077199553,1.1290885843834877,0.1791759469228055,0.935016730685777,0.18181818181818182,15.621353481802267,0,0,0,0,1,0
APP_0223,62,Salaried,13,1586909,0.9201984920095616,2,18276.4983195432,0.1382045094170606,0.6830647647487992,4557555.454204248,3027277.566668649,7179831.464237048,263350.8143851096,4,0,0.77,333379.7166249404,0.13820450941706072,2.871970260553219,1.907656687729825,0.819677717698559,0.26390573296152586,1.1630441495134358,0.2,69.16745290646821,0,0,0,1,0,0
APP_0224,45,Business,8,4944179,0.5416440932055944,3,58585.64134890219,0.1421930104445705,0.696274662481586,5413825.6380230505,9731545.347970046,12414767.962406876,753155.1839721979,0,10,0.8,1802216.8282825144,0.14219301044457053,1.0949898128734923,1.9682833788926424,0.9051570612260618,0.21972245773362195,0.6606554645816265,0.5,43.086128948092785,0,0,1,0,0,1
APP_0225,46,Self-Employed,1,2424763,0.5838737137601997,0,41452.20217247388,0.2051443485691948,0.7296160048725283,5579462.032180732,695095.7133003055,11987982.860873602,228226.7445365181,1,6,0.7200000000000001,693500.6804375887,0.2051443485691948,2.301033969992421,0.286665423919907,0.7296160048725283,0.06931471805599453,0.6243447556097944,0.3846153846153846,25.228083658756034,0,0,1,0,1,0
APP_0226,49,Self-Employed,18,3348643,0.5405714238548487,3,93934.73770565412,0.3366189983428658,0.5624443927465055,8022038.83608525,2029441.438525018,16949447.114215087,474053.9526989173,0,4,0.81,564263.9977346307,0.33661899834286585,2.3956088588975444,0.6060489095209666,0.7311777105704571,0.29444389791664405,0.6997393809970206,0.7142857142857143,17.83415542910712,0,0,0,0,1,0
APP_0227,41,Salaried,3,1733647,0.7510315609453572,3,21420.848205571518,0.1482713484733963,0.1600019368353262,4948843.343593542,3398771.153687335,7006630.1487671295,285750.41106434073,3,0,0.7,452084.0531961513,0.14827134847339637,2.854585358838069,1.9604747412174077,0.20800251788592408,0.13862943611198905,0.855146642741519,0.25,64.94929937080082,0,0,0,1,0,0
APP_0228,35,Business,29,3842336,0.5628415109323136,0,63823.88221634464,0.1993283738319958,0.8795187365411773,5852644.905622183,4600822.26412518,35849618.88597978,419515.25713055744,5,4,0.448,549047.5137298277,0.19932837383199586,1.5231996643766146,1.1974023781692127,0.8795187365411773,0.34011973816621555,0.7542750182596892,0.15625,27.297689638895964,0,0,0,0,0,1
APP_0229,31,Salaried,13,2359186,0.7460769803550202,2,19884.924444438268,0.1011446716508402,0.1701026874455776,6038910.480770738,3126307.688091735,12557842.276006952,126900.68300689007,1,2,0.8,859265.10983024,0.10114467165084026,2.5597432677079035,1.3251637166767414,0.20412322493469312,0.26390573296152586,0.9429709727013339,0.45454545454545453,76.81881647301529,0,0,0,1,0,0
APP_0230,30,Self-Employed,28,1168959,0.6233413600470917,3,23504.19391938748,0.2412833358848768,0.815901986724377,1358927.6876255434,1584359.6724020808,5245988.800666466,102920.0977121644,3,5,0.4032,129441.28108472622,0.24128333588487685,1.1625109927940531,1.35535948857238,1.06067258274169,0.3367295829986474,0.8332388362815587,0.2222222222222222,20.870653765892733,0,0,0,0,1,0
APP_0231,27,Self-Employed,15,4101188,0.6053603238649437,2,92028.60005156622,0.2692739763743565,0.2209045395388313,9191489.766951844,1534109.732054073,28762741.082253467,585195.1787562645,3,9,0.504,601507.1856564237,0.26927397637435657,2.241177377616399,0.3740647178461638,0.26508544744659757,0.2772588722239781,0.7732018445488801,0.2040816326530612,19.424395410767342,0,0,1,0,1,0
APP_0232,28,Self-Employed,27,4583737,0.6674528299737802,3,103827.1004432101,0.2718142871893656,0.2885136155859367,5716517.173960867,4174170.2778225057,39811857.00757717,210887.32677568,4,8,0.504,1201721.9407379553,0.2718142871893656,1.247130272518006,0.9106478573754353,0.3750677002617177,0.3332204510175204,0.8898617630105636,0.1724137931034483,15.876855865123646,0,0,1,0,1,0
APP_0233,64,Salaried,4,2183409,0.7518636918419483,1,71260.91362116409,0.391649463501327,0.7467685770554905,1780493.6127534388,2100602.817971593,21603782.76765704,209805.5663543608,5,2,0.5544000000000001,645965.5185888471,0.39164946350132707,0.8154649965963494,0.9620748187680791,0.8214454347610396,0.16094379124341002,0.8728714849052583,0.16129032258064516,9.077197754713154,0,0,0,1,0,0
APP_0234,41,Self-Employed,30,762137,0.5348109763506029,3,16869.664801784165,0.2656162574726197,0.7852993445169975,1371252.47141845,1410632.8489575025,846943.1666239352,98481.95747207088,4,8,0.504,196926.92501544688,0.26561625747261974,1.7992204438551729,1.850891439409847,1.0208891478720967,0.3433987204485146,0.7184643813112208,0.1724137931034483,27.48409994174608,0,0,1,0,1,0
APP_0235,32,Self-Employed,5,1443189,0.7266375708220426,0,45397.728901428745,0.3774784500277822,0.5501470075818581,1085965.240477041,1031832.7078954888,8400372.13219345,122166.40199525404,3,4,0.4536,231226.8868063053,0.3774784500277822,0.7524761070636217,0.7149671372879705,0.5501470075818581,0.1791759469228055,0.8568335456437693,0.22727272727272727,7.774977587428311,0,0,0,0,1,0
APP_0236,56,Business,20,4168202,0.5149862681990853,2,76726.93815372705,0.220892187529473,0.5945955908814387,9178514.845178302,3847649.830168951,19015898.97280348,631634.2031154889,5,3,0.616,564146.5350164463,0.22089218752947307,2.2020321580332003,0.9230958168939392,0.7135147090577264,0.3044522437723423,0.671774993064242,0.15873015873015872,28.295504787919782,0,0,0,0,0,1
APP_0237,55,Self-Employed,29,3324259,0.5080931554373087,2,53544.05838120124,0.1932847893543839,0.7742772548891258,8794616.255693145,4762777.726767547,32419735.452258952,233234.47713946635,2,7,0.7200000000000001,1219740.1016393537,0.19328478935438392,2.6455869580839355,1.4327336488425082,0.929132705866951,0.34011973816621555,0.6809056664286924,0.27027027027027023,42.2001195287946,0,0,1,0,1,0
APP_0238,45,Self-Employed,24,3696143,0.7419916529821002,0,48167.12137523891,0.1563807072677834,0.269112401684718,9461843.641590243,5668776.877446271,28960905.44027716,554662.7637303863,0,8,0.9,1718471.9420129915,0.15638070726778344,2.559923585637851,1.5337006380560143,0.269112401684718,0.32188758248682003,0.9808295523859079,0.5555555555555556,52.354594057232624,0,0,1,0,1,0
APP_0239,29,Self-Employed,23,4451306,0.6613540564049775,0,56428.170047763066,0.1521212068038361,0.8001444449003334,4459393.757042268,1351993.0728313648,5776190.049601957,213602.93757732265,2,3,0.5760000000000001,793776.5413226276,0.15212120680383617,1.0018169402513033,0.3037295285543984,0.8001444449003334,0.31780538303479455,0.8715359356223764,0.30303030303030304,17.164555767549675,0,0,0,0,1,0
APP_0240,54,Business,13,1239120,0.7724697441773509,1,21864.275338840747,0.2117400284605921,0.5752348747617211,1169678.7677808108,2189358.2413792904,7784055.480826777,105804.31116574054,1,4,0.8,495236.0707081506,0.21174002846059217,0.9439592354096543,1.7668653894532331,0.6327583622378933,0.26390573296152586,0.9763289382050772,0.4166666666666667,25.605216402125976,0,0,0,0,0,1
APP_0241,30,Self-Employed,1,3442747,0.519860417136274,1,102459.98256382464,0.3571333562314907,0.6179039134091856,7554206.688484879,2356045.433499436,16131214.049920944,152077.19086971853,5,0,0.4536,608471.7835268127,0.3571333562314907,2.194238115227427,0.6843504426841228,0.6796943047501042,0.06931471805599453,0.5558943953785465,0.16666666666666666,16.120524771400376,0,0,0,0,1,0
APP_0242,33,Business,6,270998,0.5895080126893235,2,7087.097836551634,0.3138221464314113,0.6674945571585912,322066.59629925323,491012.9715000701,2348001.3476218395,26840.026473748014,1,7,0.5760000000000002,50084.28643856644,0.3138221464314113,1.188446395542599,1.8118693551246507,0.8009934685903094,0.19459101490553132,0.7042209751734819,0.37037037037037035,19.121121850608436,0,0,1,0,0,1
APP_0243,58,Business,13,1058256,0.502939029072266,2,23672.93407693462,0.2684371351763802,0.5750180340352661,1276989.2550227332,1515362.9534993954,5646479.149285819,88578.27430358801,2,10,0.8800000000000001,307368.6019168895,0.26843713517638024,1.2066921945377425,1.431943644542904,0.6900216408423193,0.26390573296152586,0.6356675221745405,0.25,19.659246008171674,0,0,1,0,0,1
APP_0244,42,Self-Employed,21,2706441,0.5753440324960032,1,83427.42262670107,0.3699061134236485,0.7443438581068239,6782095.83725153,3464406.7096542995,18795618.147784904,343071.534229272,5,0,0.4536,567367.1393625945,0.36990611342364854,2.505909361132029,1.2800599420620289,0.8187782439175063,0.3091042453358316,0.7531853154691545,0.16666666666666666,20.469893120463453,0,0,0,0,1,0
APP_0245,43,Self-Employed,30,3711183,0.6618395578511802,0,85019.21632483778,0.2749071107240072,0.8958029840710308,9426541.215743717,3034636.897381852,27538178.80945007,473014.1382356805,5,7,0.504,1052327.2548660007,0.27490711072400725,2.5400367526321705,0.8177006893440318,0.8958029840710308,0.3433987204485146,0.8891144151594862,0.14925373134328357,24.428159992901747,0,0,1,0,1,0
APP_0246,47,Business,10,1625951,0.83625547783856,1,25491.553529991797,0.1881352158582279,0.4766246982094295,3824720.031663232,2447602.488020798,9806573.722526869,253233.35155108152,5,5,0.5599999999999999,420460.132829498,0.18813521585822793,2.3522972289221706,1.5053359467910155,0.5242871680303725,0.23978952727983707,1.0367807835546428,0.15384615384615385,41.00915565558084,0,0,0,0,0,1
APP_0247,39,Self-Employed,8,2776017,0.6681890272739244,2,48928.39359071402,0.2115047289294583,0.568456556165523,4606526.969449751,1143737.4596127367,4117090.24146478,335804.39314033656,4,9,0.63,399597.5586207151,0.21150472892945835,1.6594015704693996,0.4120066482347683,0.6821478673986276,0.21972245773362195,0.8150051625771891,0.1694915254237288,19.587346620462842,0,0,1,0,1,0
APP_0248,37,Business,4,3401673,0.711935401851999,3,32944.80364654101,0.1162185911927725,0.7833918163226751,2869015.7331680446,1906752.9088197988,15929104.712250931,383851.9764140529,3,2,0.448,497650.866143022,0.11621859119277254,0.8434131479328097,0.5605338634312583,1.0184093612194776,0.16094379124341002,0.8265169845464603,0.23809523809523808,24.160454828355853,0,0,0,0,0,1
APP_0249,36,Salaried,16,1695149,0.8893098316788085,1,27408.33042480119,0.1940242215272016,0.1464108705801576,2763318.445886632,977911.5621415096,13496573.669181054,192741.03679985288,1,7,1.0,871449.5926330282,0.1940242215272016,1.6301330714212332,0.5768882630031399,0.16105195763817337,0.2833213344056216,1.1412702798900873,0.37037037037037035,22.74995685644285,0,0,1,1,0,0
APP_0250,30,Salaried,20,2119117,0.8900462622107782,3,40388.18637237722,0.228707634580123,0.4819202207524563,1084294.6220535145,2459889.4183771,16054285.5158015,339959.8609459184,2,8,0.8,468292.1106684096,0.22870763458012305,0.5116728439503408,1.1608086851160648,0.6264962869781932,0.3044522437723423,1.161022843802036,0.2631578947368421,14.625498026219024,0,0,1,1,0,0
APP_0251,25,Business,24,2287279,0.5905062845156334,2,36906.71017018657,0.1936276781460586,0.182166578671637,4021816.8940774817,1717762.9191027582,3631245.719218873,108374.61989733337,2,7,0.6400000000000001,718948.9015250318,0.19362767814605863,1.758341196713423,0.751007165764543,0.2185998944059644,0.32188758248682003,0.7805829248816448,0.27027027027027023,25.919314702364982,0,0,1,0,0,1
APP_0252,63,Business,11,3837847,0.8551896175348167,1,64865.96330698606,0.202819851777268,0.8211070209156196,5365798.341223802,2069239.9200019487,36585271.23359016,600401.7758799002,3,0,0.4928,551060.379004361,0.202819851777268,1.398127215916581,0.5391668610035649,0.9032177230071816,0.24849066497880004,1.0676962542790092,0.25,19.103594248235982,0,0,0,0,0,1
APP_0253,33,Salaried,24,391910,0.8769078504397725,1,4472.626973367144,0.1369485945252883,0.6688880720766804,972061.3833350894,343056.99932197883,2650444.128762834,54112.14027845368,4,0,0.5599999999999999,96033.23104274653,0.1369485945252883,2.4803178876147314,0.875346378816511,0.7357768792843485,0.32188758248682003,1.1591735984815448,0.2,49.00618773143526,0,0,0,1,0,0
APP_0254,28,Business,4,365605,0.5192940225891761,0,6856.089096020012,0.2250326695538631,0.4042030103420917,683025.4406720471,385316.0118937622,869461.2943880609,47004.25189708048,5,0,0.448,52486.27891429119,0.22503266955386317,1.868205961822314,1.053913408989927,0.4042030103420917,0.16094379124341002,0.6028711713547191,0.16666666666666666,25.970623524179548,0,0,0,0,0,1
APP_0255,31,Business,17,2464732,0.7491191107202599,1,46346.764153710574,0.2256477255314277,0.8188975400025501,4384664.484786788,3233374.249085726,8735899.763128677,344475.07259261445,3,3,0.3584,391859.1126129872,0.22564772553142773,1.778961966163781,1.311856319099085,0.9007872940028052,0.28903717578961646,0.9656423828128728,0.23255813953488372,27.395075912984407,0,0,0,0,0,1
APP_0256,41,Business,7,3202465,0.7813747000985034,2,39526.979246810464,0.1481120795892306,0.5385110109827203,8889695.59241285,4607601.113795828,17056250.081452046,227310.40499036663,0,10,0.8,603603.5131156006,0.14811207958923067,2.775891568655036,1.4387670478196726,0.6462132131792643,0.20794415416798356,0.9438570011987486,0.5,56.91174721418413,0,0,1,0,0,1
APP_0257,32,Business,22,4344845,0.5596577970667065,0,120880.05693078856,0.3338578667753309,0.1600385709021307,10031989.112956883,7944996.128476304,29540736.38446972,429099.3731490276,2,4,0.5760000000000002,965292.05472784,0.3338578667753309,2.308940621116952,1.8286028911218477,0.1600385709021307,0.313549421592915,0.7351381756269373,0.29411764705882354,24.786257410691196,0,0,0,0,0,1
APP_0258,31,Salaried,28,465442,0.9556746057210128,2,13206.095664044517,0.3404788308071342,0.3501656855702114,1092090.064524755,172677.70044969072,3641541.8957918407,22063.25522603334,1,10,0.7200000000000001,153778.8738142553,0.3404788308071343,2.3463504894804403,0.3709972465950445,0.4201988226842536,0.3367295829986474,1.2774785171878462,0.3333333333333333,15.961918863700152,0,0,1,1,0,0
APP_0259,46,Self-Employed,29,3871815,0.8820356625968427,2,117297.49407071502,0.3635426612192421,0.1743610523499378,9824384.901729371,2048828.8162313076,17837442.5230944,627061.3777753462,2,6,0.81,1492694.5943944182,0.36354266121924217,2.5374107238412402,0.529164956546557,0.20923326281992535,0.34011973816621555,1.1820334012125453,0.2777777777777778,16.870513463829393,0,0,1,0,1,0
APP_0260,55,Self-Employed,21,1599041,0.5452226225510585,0,52564.57536673094,0.3944707511569567,0.7754798779451573,1214124.2707824702,2942568.3128285683,8545392.881145965,180347.19245301723,3,2,0.4536,322428.1868484184,0.39447075115695673,0.7592827643459238,1.8402081702899227,0.7754798779451573,0.3091042453358316,0.7137532498347264,0.23809523809523808,13.179638424454593,0,0,0,0,1,0
APP_0261,47,Business,1,1296016,0.6932318625461995,3,14459.352840035148,0.1338812438121302,0.4290274109881394,796960.1731231459,869501.2311211973,4961332.639272892,168142.12039288055,5,8,0.5599999999999999,367973.1998573605,0.13388124381213024,0.614930813449175,0.6709031610112818,0.5577356342845813,0.06931471805599453,0.7412830336460213,0.14705882352941177,19.20857526936054,0,0,1,0,0,1
APP_0262,61,Business,19,2078921,0.8911582230203194,2,44303.52226167516,0.2557299037049036,0.650593314770342,4252635.683716358,2035526.0870105808,15674789.331629122,211858.4241714712,5,10,0.616,584680.0187374775,0.25572990370490367,2.0455975401260353,0.9791262327960422,0.7807119777244104,0.2995732273553991,1.158125367974819,0.14285714285714285,23.655612653046788,0,0,1,0,0,1
APP_0263,34,Business,29,657733,0.5046579469543657,1,13794.320227294864,0.25167027156542,0.475431149315066,1144183.9912811136,327371.45441859966,5105895.779911434,53766.9718407124,2,4,0.6400000000000001,92667.85958852798,0.25167027156542,1.7395873268957367,0.4977269719150471,0.5229742642465727,0.34011973816621555,0.6763020757359844,0.29411764705882354,17.779726504003943,0,0,0,0,0,1
APP_0264,39,Business,21,3376242,0.6613107973846891,1,34789.12920680874,0.1236491787264375,0.4553511011675673,6524882.500291922,1210165.8370457566,18522419.18282766,274064.2754330253,3,10,0.5599999999999999,391577.5089235936,0.12364917872643752,1.9325873264688733,0.35843575106457315,0.5008862112843241,0.3091042453358316,0.8657247723427206,0.2,37.05682643638297,0,0,1,0,0,1
APP_0265,50,Self-Employed,2,4873553,0.7196395158772758,0,137082.88678670063,0.3375349855516925,0.8705369986240038,10204466.072835868,8783115.354342842,29538571.34353733,601840.7357672531,3,5,0.4536,763417.0231488877,0.3375349855516925,2.093845306049994,1.8021996178851123,0.8705369986240038,0.10986122886681098,0.7986999974326703,0.2222222222222222,23.08528058249795,0,0,0,0,1,0
APP_0266,28,Salaried,28,2206143,0.7995917876664195,3,57910.77950991762,0.3149974204387528,0.3906356377358049,3598949.77615637,828156.6085309454,15288995.196561333,92528.47262445616,2,10,0.7200000000000001,930456.0344784984,0.3149974204387528,1.631331140436667,0.375386640181958,0.5078263290565463,0.3367295829986474,1.0688379968964759,0.25,12.741169612268655,0,0,1,1,0,0
APP_0267,43,Business,17,3336419,0.7808384213039942,0,102612.43815223488,0.3690631356034175,0.4939377137449335,8523204.799718441,5126473.196244906,15624105.908479135,245069.41952785643,1,3,0.7200000000000001,596467.6144896703,0.3690631356034175,2.5545966497968156,1.5365196026772734,0.4939377137449335,0.28903717578961646,1.0065297533457234,0.4347826086956522,22.170278512293685,0,0,0,0,0,1
APP_0268,50,Salaried,15,1099345,0.9150363743408028,0,29970.41691264372,0.3271448025430821,0.1372002895273358,2290046.85460434,1549917.2542523202,2318488.607143911,168349.25307937118,3,10,0.63,301778.6388580928,0.32714480254308215,2.083101168972743,1.4098551903654633,0.1372002895273358,0.2772588722239781,1.1687383275344516,0.2,21.354191368381677,0,0,1,1,0,0
APP_0269,57,Salaried,16,318193,0.8591093042557252,0,7052.426965159032,0.265967898671273,0.4462483038831717,624549.7862652385,593069.6145941045,2555004.9832086386,49459.71388088747,5,9,0.77,66020.04652942525,0.265967898671273,1.9628017783711098,1.8638675728067697,0.4462483038831717,0.2833213344056216,1.1025132987377424,0.14492753623188406,28.775422675407214,0,0,1,1,0,0
APP_0270,33,Salaried,13,1649910,0.8512330358059493,3,31018.22876996325,0.2255994237501191,0.5871949548477544,3681425.7674153065,1067210.9889237538,7557957.172663536,139457.02158266108,2,7,0.8,688895.1485207356,0.22559942375011907,2.2312888384307668,0.6468298203682346,0.7633534413020807,0.26390573296152586,1.0758783140413832,0.27027027027027023,25.51530151058271,0,0,1,1,0,0
APP_0271,33,Self-Employed,20,4497438,0.6195652539821697,2,117518.91954192676,0.3135623069185436,0.8484096619700287,9361229.25476945,2525762.7467432385,29761833.306546323,350751.1581236513,2,10,0.5184000000000001,590022.5325286655,0.31356230691854364,2.08145821126816,0.56160034818562,1.0180915943640343,0.3044522437723423,0.8081932857204224,0.25,16.85826708846345,0,0,1,0,1,0
APP_0272,36,Business,18,2904331,0.7841410908562101,2,65028.95455345659,0.2686840634354276,0.5662450168766867,8296756.267866194,4293247.538175634,20528367.30939526,445524.13387265865,4,4,0.5599999999999999,896145.5631010026,0.26868406343542767,2.856684127210774,1.4782225366790611,0.679494020252024,0.29444389791664405,1.0150266501645218,0.18518518518518517,32.26768724920401,0,0,0,0,0,1
APP_0273,52,Salaried,17,746569,0.7075816423763416,1,7211.825423771264,0.1159194998523313,0.1452838194364453,871578.7491018935,1204930.970287982,7355042.160179312,94881.79595178436,1,0,1.0,355544.4827365634,0.11591949985233134,1.167445673610736,1.6139579466706786,0.15981220138008984,0.28903717578961646,0.9120990419293777,0.5,47.988537283625554,0,0,0,1,0,0
APP_0274,43,Salaried,25,435502,0.8076047312036743,3,4744.939526338371,0.130744001901393,0.7944282989235283,1022877.1352505912,765052.7536812347,3345402.0816829223,48700.22270185462,1,8,0.8,178981.86956787738,0.13074400190139301,2.3487312004321246,1.7567146733682846,1.0327567886005868,0.3258096538021482,1.0707301490861203,0.35714285714285715,62.801288228835645,0,0,1,1,0,0
APP_0275,43,Business,22,594095,0.8705939244675118,3,11137.789638128168,0.2249698712454035,0.7304892240513725,1314656.1358948827,1151653.0294271335,881767.5209516527,79980.28440792936,1,9,0.6400000000000001,208186.090948846,0.22496987124540355,2.212871907514594,1.9384997844235914,0.9496359912667843,0.313549421592915,1.143568145926606,0.3448275862068966,36.90602362846846,0,0,1,0,0,1
APP_0276,53,Salaried,30,1842418,0.926532311562565,1,51103.15167970327,0.3328440235366997,0.8714318585008246,2276204.824628969,956890.404273708,13162104.606108151,119828.54409086924,1,8,0.7200000000000001,328639.2797542794,0.33284402353669973,1.2354443045112289,0.5193666172788738,0.9585750443509071,0.3433987204485146,1.2447023218073543,0.35714285714285715,10.544343883023727,0,0,1,1,0,0
APP_0277,27,Self-Employed,9,4869087,0.6056958381237583,1,111662.698041252,0.2751958173051794,0.3040129185059376,6458390.943371822,7193787.468119243,11652948.696080076,296428.01834936225,2,9,0.7200000000000001,772462.9634696478,0.27519581730517945,1.3264069718556728,1.4774407333693653,0.33441421035653135,0.23025850929940458,0.7451624588989882,0.25641025641025644,20.377109889833108,0,0,1,0,1,0
APP_0278,65,Business,27,2726269,0.6962203764614706,2,27686.22466858053,0.1218642386437165,0.6661452491155803,4944055.211047642,5241464.506307511,15500084.041217651,381538.47465416894,1,6,0.8800000000000001,1000988.4161432696,0.12186423864371651,1.813487667962201,1.9225778917295067,0.7993742989386963,0.3332204510175204,0.9282152443135497,0.3846153846153846,61.31520782917302,0,0,1,0,0,1
APP_0279,50,Salaried,12,1227771,0.9650190216601352,2,20393.272318044885,0.1993199609833907,0.3348594857361631,3530787.8569374504,1611946.7851505151,6474913.969245765,137305.93066244546,5,0,0.7,211326.579798631,0.19931996098339075,2.8757706909003797,1.3129050817705543,0.4018313828833957,0.2564949357461537,1.2125415136146676,0.16666666666666666,42.02966679308125,0,0,0,1,0,0
APP_0280,47,Self-Employed,8,2245370,0.8835587264295734,2,40119.48196585114,0.21441178228542,0.7369652685224275,1759101.6003449678,1486127.3287459968,16875708.005890187,100491.27137545464,4,5,0.504,459143.8263685887,0.21441178228542007,0.7834350687614815,0.6618630019756195,0.884358322226913,0.21972245773362195,1.077696421352668,0.18181818181818182,13.481517249953672,0,0,0,0,1,0
APP_0281,57,Self-Employed,16,567854,0.6185735878297138,1,9279.388676612543,0.1960938271445662,0.1658763584388007,420150.1080452317,1106708.7103116056,4520042.124689939,61508.46570077913,5,1,0.6930000000000001,111883.49273678004,0.19609382714456625,0.7398910777158068,1.9489317858315793,0.18246399428268079,0.2833213344056216,0.7938286821617013,0.1639344262295082,27.423839931127514,0,0,0,0,1,0
APP_0282,65,Salaried,28,2079263,0.9506995233236109,1,45280.50267452965,0.2613262642072483,0.662194293014033,6114197.198387877,3317198.247031803,14178599.262269666,330884.6727543471,5,10,0.77,418672.9326747024,0.26132626420724836,2.9405598033475693,1.5953721328335102,0.7284137223154363,0.3367295829986474,1.2708281773693832,0.14285714285714285,34.714703858344656,0,0,1,1,0,0
APP_0283,54,Business,11,517813,0.5350083591736794,0,6619.274738011586,0.1533976490666302,0.3015264007931006,350096.0777624836,869363.8956294816,4763299.219593118,47960.23565807193,3,10,0.5599999999999999,104907.0272196674,0.15339764906663028,0.676105230580313,1.6789147735369363,0.3015264007931006,0.24849066497880004,0.6679529421139637,0.2,30.70477309719806,0,0,1,0,0,1
APP_0284,45,Salaried,13,796210,0.8604503110183006,0,21682.668000700018,0.3267881790085533,0.5684864106507114,1793228.2055186504,263275.59531810845,7446498.09243943,43738.68914070302,5,4,0.63,222026.8146796643,0.3267881790085533,2.2522050784575054,0.33066100063815884,0.5684864106507114,0.26390573296152586,1.0875280810245582,0.15625,15.807585739067145,0,0,0,1,0,0
APP_0285,43,Self-Employed,13,3514450,0.8288489480636214,0,70932.23315147827,0.2421963032103854,0.5267742110482796,2955489.55813794,3176312.8788294466,28738928.17815317,386175.586518509,5,2,0.63,706791.8787874073,0.24219630321038546,0.8409536508238671,0.9037866177721825,0.5267742110482796,0.26390573296152586,1.0475869372167412,0.16129032258064516,14.407654001890103,0,0,0,0,1,0
APP_0286,48,Salaried,18,892964,0.7369705476800497,0,20226.79385204253,0.2718155784830188,0.4152653606960299,1668783.290263655,315420.19331873074,2581091.0253420854,119965.6745654789,5,5,0.7,177955.53089982842,0.27181557848301874,1.868813625480596,0.35322834214899,0.4152653606960299,0.29444389791664405,0.9539670283887274,0.15384615384615385,16.349629259887358,0,0,0,1,0,0
APP_0287,57,Salaried,6,1071721,0.7662363908072224,2,14137.595479262816,0.1582978646038976,0.24508638781892,2678391.6807754347,1858419.975623756,9283771.911389964,169560.08723163264,4,7,0.77,377845.6881175968,0.15829786460389764,2.4991501340138287,1.734052029981456,0.294103665382704,0.19459101490553132,0.9153391077519513,0.17543859649122806,53.484008449360395,0,0,1,1,0,0
APP_0288,29,Self-Employed,22,765079,0.600275045925982,1,20253.985918632003,0.3176767772002421,0.4897523281069988,1015357.2499022158,329586.28905647126,5278476.513387795,41446.08821356958,4,1,0.4536,194358.7695625956,0.3176767772002421,1.3271273292068084,0.4307872638727128,0.5387275609176987,0.313549421592915,0.7884909393727341,0.19607843137254904,11.067315707320022,0,0,0,0,1,0
APP_0289,45,Self-Employed,15,2954366,0.7465369721037812,2,75837.94466087317,0.308037438804291,0.2219159696433067,5663976.758230973,4886106.501157375,28444429.920906626,185376.43799299045,2,3,0.81,1230652.6093352365,0.308037438804291,1.9171547324302314,1.6538595763549184,0.26629916357196803,0.2772588722239781,0.953520971062779,0.30303030303030304,23.185586288775525,0,0,0,0,1,0
APP_0290,52,Self-Employed,27,3215587,0.5537223329531555,2,97369.51485458376,0.3633657488523885,0.4702787008604882,4491705.580289135,2411205.44752928,19181125.77220291,204633.32221199104,4,1,0.567,978563.099115175,0.36336574885238837,1.3968540052839917,0.7498492336016037,0.5643344410325858,0.3332204510175204,0.7382339384782797,0.19607843137254904,11.815660918319848,0,0,0,0,1,0
APP_0291,33,Business,7,2408172,0.793417846817779,0,63862.23503463121,0.3182276101605593,0.8136841477074044,6318966.705422323,3219551.8291555485,20021016.059589498,274602.0833359672,4,3,0.32256,436955.374819694,0.31822761016055934,2.6239681822653544,1.336927690030259,0.8136841477074044,0.20794415416798356,0.9584044498760849,0.18867924528301888,24.893477158045297,0,0,0,0,0,1
APP_0292,60,Self-Employed,18,4727139,0.6888415803131703,1,82624.71283216277,0.2097455890309028,0.278645318099484,11488659.509108908,7184345.035375859,17107480.31294954,471552.4865623115,4,1,0.6930000000000001,1175114.0274758108,0.20974558903090287,2.4303621089011576,1.5198082889832218,0.3065098499094324,0.29444389791664405,0.8916667802676411,0.19607843137254904,37.66630245847393,0,0,0,0,1,0
APP_0293,57,Salaried,22,1301938,0.95439455203116,1,35495.36728387564,0.3271618213820532,0.2122965541256692,1169213.2908367869,1587639.2564106374,7931813.538844326,196190.4184983339,1,7,0.99,741991.9151309393,0.32716182138205324,0.8980560447861472,1.2194430582797624,0.23352620953823613,0.313549421592915,1.2536444117919592,0.37037037037037035,12.944658971030334,0,0,1,1,0,0
APP_0294,27,Salaried,25,2345319,0.7695249722812947,2,41205.40899246213,0.2108305556342423,0.1342467526709175,2385037.4153559366,4301096.853072822,9970566.201698616,235413.61163849928,3,0,0.5599999999999999,283639.7195028171,0.21083055563424233,1.0169351867937524,1.833906966631329,0.161096103205101,0.3258096538021482,1.020243637092371,0.25,27.043918229488916,0,0,0,1,0,0
APP_0295,45,Salaried,23,2486796,0.890070094532476,2,72627.22530350873,0.350461679865218,0.3106528555073227,4627616.892502785,1275551.450651579,17116810.386000816,217168.8207901282,5,1,0.63,637114.7732003572,0.35046167986521803,1.8608751552209288,0.5129296696036101,0.3727834266087872,0.31780538303479455,1.1729391618531853,0.1639344262295082,13.546729706582848,0,0,0,1,0,0
APP_0296,49,Salaried,17,2002225,0.8058694023279177,2,41055.36814146587,0.2460584688022527,0.4856880717705008,4025528.3250062736,2209068.001217476,4506437.367737559,124873.55639327776,0,8,1.0,915799.2964427732,0.2460584688022527,2.0105274507142172,1.1033065720473354,0.582825686124601,0.28903717578961646,1.0387956184320453,0.5555555555555556,25.309708199997097,0,0,1,1,0,0
APP_0297,38,Salaried,6,960004,0.8086668832645273,0,23866.730874151,0.2983328928731672,0.431690948076085,1272544.7388309746,387850.8854291814,6794010.551625577,97482.94578099184,4,2,0.7,308384.5670673228,0.2983328928731672,1.3255619131076273,0.40400965561516555,0.431690948076085,0.19459101490553132,0.9660261927994646,0.1923076923076923,11.594910316899586,0,0,0,1,0,0
APP_0298,51,Salaried,8,480960,0.7383655344847287,1,5627.921953153566,0.140417214400039,0.510114252800887,1311575.1201744124,223337.2293664559,1200991.8918549493,75497.50586378468,4,6,0.7,148049.15836576582,0.14041721440003907,2.7269941786726806,0.4643571801531435,0.5611256780809757,0.21972245773362195,0.9006010244275127,0.17857142857142858,45.45527231061402,0,0,1,1,0,0
APP_0299,61,Business,1,2577789,0.8789015474490777,1,50430.36210864145,0.234761008485837,0.894220658966383,6878200.95948858,1306991.1231612272,21842307.79986036,301012.3035979166,4,2,0.4928,570741.8127955733,0.23476100848583706,2.668255997480236,0.5070202111814532,0.9836427248630214,0.06931471805599453,0.9398223604094877,0.1923076923076923,27.051137913758378,0,0,0,0,0,1
APP_0300,57,Self-Employed,6,3074534,0.868940777937979,0,43285.37422541474,0.1689441361536339,0.4083695061934781,2371773.266435205,1734736.289240074,26860128.948837213,321939.39722436987,3,2,0.6930000000000001,942183.7319078796,0.16894413615363396,0.7714252847537887,0.5642273883587152,0.4083695061934781,0.19459101490553132,1.0380288458097324,0.23809523809523808,15.811767173711099,0,0,0,0,1,0
APP_0301,36,Self-Employed,29,527462,0.8511010550971873,0,5624.370810203087,0.1279569897403737,0.6275140889306595,1453137.7080549512,617507.556859366,533159.5666132369,83805.02014642398,5,10,0.63,123814.9529646816,0.12795698974037378,2.7549618893018857,1.1707147753949403,0.6275140889306595,0.34011973816621555,1.1405773231098324,0.14285714285714285,61.35931569915905,0,0,1,0,1,0
APP_0302,51,Self-Employed,28,564386,0.7790571228558317,3,7941.187423985332,0.168845876913715,0.741840156806251,1396228.2962025166,500173.3740588399,3556440.4383040187,75820.13557677173,5,9,0.504,68008.35989489617,0.16884587691371505,2.4738889628773864,0.8862256931582994,0.9643922038481264,0.3367295829986474,1.041388702967202,0.14492753623188406,39.80096781105052,0,0,1,0,1,0
APP_0303,33,Self-Employed,16,2150459,0.8640341426701941,0,33149.32555716344,0.1849800004026867,0.8014130505545797,3272174.45978741,1161759.2922496933,15875418.493784688,301805.0435677579,4,8,0.4032,214279.0404070099,0.18498000040268672,1.521616761718038,0.5402378246921673,0.8014130505545797,0.2833213344056216,1.1088334489435308,0.1724137931034483,22.29272982940547,0,0,1,0,1,0
APP_0304,25,Self-Employed,21,1923176,0.7751066947111105,2,35683.49267014301,0.2226535231521795,0.1852665731595669,3010114.635998025,2411021.00322076,6445959.103456794,209010.34078614105,4,5,0.504,431089.7941510096,0.22265352315217957,1.5651789726982996,1.25366633278533,0.2223198877914803,0.3091042453358316,1.0146954646345392,0.18181818181818182,25.320464420021782,0,0,0,0,1,0
APP_0305,50,Salaried,14,2323616,0.7536158793498865,3,34105.511601491075,0.1761332936328089,0.3453224693396756,3162187.5454362533,3415460.6061916137,17710698.45444587,345153.4804652927,5,1,0.7,811843.4880401294,0.1761332936328089,1.360890760537134,1.4698902943479533,0.44891921014157826,0.270805020110221,0.9576988427126144,0.1639344262295082,32.14362255425159,0,0,0,1,0,0
APP_0306,53,Business,6,1041198,0.585783256615232,3,29138.302324858465,0.3358243368680131,0.7406829866801274,2118903.960250794,1491220.439011166,1528973.4139698804,94024.99675223102,5,0,0.4032,219035.45983608643,0.33582433686801316,2.035063417573597,1.432216004075273,0.9628878826841657,0.19459101490553132,0.6997714150346573,0.16666666666666666,20.649363616619553,0,0,0,0,0,1
APP_0307,34,Self-Employed,30,3852210,0.5352562757256044,2,53459.38885064326,0.1665310733858536,0.1640317893566421,2289708.7292379094,3435350.1011218075,37982917.35959517,456149.298526854,4,4,0.504,940939.796355079,0.1665310733858536,0.5943883457126973,0.8917868187668396,0.1968381472279705,0.3433987204485146,0.7190625959218143,0.18518518518518517,17.848622893771413,0,0,0,0,1,0
APP_0308,63,Salaried,25,1035140,0.892087394359041,3,8903.335685146703,0.1032131192126286,0.7804541090541137,2926233.2997207213,1172478.139273809,2849448.977256964,144569.30586626305,4,8,0.616,305674.7863283518,0.10321311921262867,2.8268961683643963,1.1326759078712145,1.014590341770348,0.3258096538021482,1.1827380794764206,0.1724137931034483,76.72613920481412,0,0,1,1,0,0
APP_0309,64,Salaried,22,451251,0.807921999482639,0,14766.954711191194,0.3926937702837098,0.16947425005923,536917.4714524813,414690.9336508943,3170922.012885425,41672.14428028302,1,8,0.99,92093.62482290051,0.3926937702837098,1.1898421753136976,0.9189806419285371,0.16947425005923,0.313549421592915,1.0612454751126117,0.35714285714285715,10.740291681829696,0,0,1,1,0,0
APP_0310,29,Salaried,18,1493253,0.9178416129121888,2,25415.480471608826,0.2042425266577772,0.7524119035989514,1591417.6340428698,2887208.9328466635,7604885.285610748,137620.0262823293,0,4,0.6400000000000001,258047.41645166403,0.20424252665777728,1.0657387824051716,1.933502851055155,0.9028942843187416,0.29444389791664405,1.1880944750881532,0.7142857142857143,29.369413731213452,0,0,0,1,0,0
APP_0311,57,Salaried,18,603608,0.8509507498761679,2,19320.71943929063,0.3841046395532987,0.7423537940578859,1745497.542711172,1072613.5185100334,5021008.208610839,68526.65138070354,5,7,0.5544000000000001,196240.4804526096,0.38410463955329877,2.891773373963188,1.7770034832375208,0.890824552869463,0.29444389791664405,1.101508005604798,0.14925373134328357,24.3099217058682,0,0,1,1,0,0
APP_0312,61,Self-Employed,25,2240723,0.802989314018669,3,56854.313192470414,0.3044784019754539,0.8172190581967026,5949249.971015232,2392075.5294183632,7440047.091968792,200546.5512853124,1,10,0.7128000000000001,767401.3116927419,0.3044784019754539,2.6550581981865817,1.0675462917185048,1.0623847756557134,0.3258096538021482,1.064610984425916,0.3333333333333333,24.45233859448061,0,0,1,0,1,0
APP_0313,45,Self-Employed,12,4532751,0.7142607629588937,2,65905.17317733917,0.1744772828086233,0.1744075441296734,9900637.764976708,7605659.01576952,7634328.410726097,716588.0296889174,3,5,0.63,974956.4719257576,0.1744772828086233,2.1842447919545345,1.6779344410865542,0.2092890529556081,0.2564949357461537,0.8974650314600339,0.2222222222222222,44.271428014813246,0,0,0,0,1,0
APP_0314,61,Self-Employed,6,1795240,0.6995997361454732,1,25501.146566930853,0.170458411579048,0.293645214275971,2088785.8560234543,1099716.5539608772,15285506.926904088,262479.35725561954,2,2,0.99,909216.6010338868,0.17045841157904806,1.1635134333144617,0.6125735578311965,0.3230097357035681,0.19459101490553132,0.8357355588296629,0.3125,20.838948042432264,0,0,0,0,1,0
APP_0315,32,Salaried,22,2366386,0.8841480925827258,0,69887.89337454771,0.3544031787267895,0.3969572283069341,3049188.376138154,4298819.782843112,21129189.020269223,268541.2438467658,2,7,0.7200000000000001,465390.2640107598,0.3544031787267895,1.2885422649297933,1.816618160707134,0.3969572283069341,0.313549421592915,1.1613722156145183,0.27027027027027023,17.52332152771522,0,0,1,1,0,0
APP_0316,57,Self-Employed,13,2063049,0.8000677543183123,1,19984.833265728877,0.1162444513866352,0.7394159342239849,3498518.8893359997,2420745.184893492,11392727.85503164,187492.53799671456,5,2,0.5544000000000001,437918.8571935854,0.11624445138663528,1.6958001915301089,1.173382302065289,0.8133575276463835,0.26390573296152586,1.0112102214405687,0.16129032258064516,49.36463563413178,0,0,0,0,1,0
APP_0317,32,Business,17,4059351,0.6262605061805563,0,35027.461049807614,0.1035459935831347,0.2686019085611582,7925966.236806091,3189777.7744131945,26446683.40419828,300916.6970884338,4,4,0.448,536221.3348120217,0.1035459935831347,1.952520547448617,0.7857851598477674,0.2686019085611582,0.28903717578961646,0.8072730741955599,0.18518518518518517,52.890616286333895,0,0,0,0,0,1
APP_0318,55,Business,11,3269594,0.573565469678551,3,44455.51017451941,0.1631597446331969,0.6605701014530406,4678050.313555284,5681857.807994909,11498069.35693904,209753.67619713504,1,9,0.8,1240888.7781972324,0.16315974463319693,1.4307740696720401,1.7377869570334754,0.8587411318889528,0.24849066497880004,0.716091134647852,0.3448275862068966,38.83998511800601,0,0,1,0,0,1
APP_0319,31,Business,9,2178077,0.7221360189682804,3,28826.661098112763,0.1588189642410958,0.7400299665877099,5110541.935483467,2289979.286962337,2369052.1414989084,205516.26760781728,1,10,0.5120000000000001,453656.4737871708,0.1588189642410958,2.346355034961329,1.0513766441509353,0.9620389565640229,0.23025850929940458,0.8884139822073231,0.3333333333333333,42.78748064310914,0,0,1,0,0,1
APP_0320,45,Self-Employed,10,2305322,0.7248553808286845,0,42172.13339685092,0.2195205705589982,0.6524345407685154,1498668.9559187137,3838067.2580921175,12192513.369436856,277559.4852242266,3,5,0.63,441381.1429173389,0.21952057055899826,0.6500909443100416,1.6648725245723233,0.6524345407685154,0.23978952727983707,0.898668109943841,0.2222222222222222,21.091084657692214,0,0,0,0,1,0
APP_0321,48,Business,18,2361868,0.6376561105842451,3,26840.90698786528,0.1363712467650111,0.7938948671793095,6867819.463755179,1318216.6307366423,14603548.214352967,290056.3695543099,1,4,0.6400000000000001,517031.5966172721,0.13637124676501117,2.907791402294785,0.5581245991463716,1.0320633273331024,0.29444389791664405,0.8254100613150368,0.4166666666666667,50.830597851957286,0,0,0,0,0,1
APP_0322,57,Self-Employed,25,3949121,0.8558529796552883,3,93495.1539290962,0.2840991317179581,0.4710016645891201,11418828.3897581,6961762.337739338,26716695.5703562,622924.4738877608,3,10,0.6930000000000001,1217641.8384943523,0.2840991317179581,2.8914860774734685,1.7628637708845432,0.6123021639658561,0.3258096538021482,1.1346981426623148,0.2,32.76567457431484,0,0,1,0,1,0
APP_0323,50,Salaried,3,979475,0.803087646279226,2,15921.649561285663,0.1950634725086684,0.3330850822355359,1144693.8001200452,1332438.3442687204,3370601.6066400134,95282.31436352048,2,9,1.0,399992.3946261663,0.19506347250866837,1.168680977176595,1.3603597276793389,0.39970209868264306,0.13862943611198905,0.9144192338314197,0.25641025641025644,25.9304386652252,0,0,1,1,0,0
APP_0324,53,Self-Employed,6,1742549,0.8416847378703984,1,46225.719078713424,0.3183317249297214,0.6296180382469118,4968169.854352467,2546307.517473109,2998199.560282671,108962.416326381,0,1,0.81,318309.2258053173,0.3183317249297214,2.8510933433449885,1.4612544711644315,0.692579842071603,0.19459101490553132,1.0054690252430956,0.9090909090909091,27.09342159008163,0,0,0,0,1,0
APP_0325,55,Business,2,421164,0.8083734822184221,0,4603.972558784381,0.1311785212064957,0.5944817373470924,299354.1757705499,790466.3891340579,1898866.695177004,29623.05895406613,5,4,0.5599999999999999,88978.4488317036,0.13117852120649573,0.7107781666299824,1.8768612443942452,0.5944817373470924,0.10986122886681098,0.8971823863582812,0.15625,39.45218145813481,0,0,0,0,0,1
APP_0326,33,Salaried,17,1015581,0.7085713879059738,2,30307.53059893777,0.3581106452240178,0.360161053325183,1716724.7691738124,1985427.119219274,5956644.028898427,76898.2396011177,3,2,0.504,300875.7432398398,0.3581106452240178,1.690386851638434,1.9549667817921703,0.43219326399021957,0.28903717578961646,0.9133748607116453,0.23809523809523808,20.358811903791555,0,0,0,1,0,0
APP_0327,59,Salaried,19,2214881,0.8893142567923179,3,47442.37103987957,0.2570379413063522,0.6116225989686497,2822097.9801861425,1827061.8493044951,12972587.03022354,315078.2010847971,3,4,0.77,590622.9652093063,0.25703794130635227,1.2741533202849915,0.8249029402954358,0.7951093786592446,0.2995732273553991,1.1557289988327606,0.22727272727272727,16.33265696038745,0,0,0,1,0,0
APP_0328,41,Salaried,10,344274,0.7000277039184784,1,5828.715900033113,0.2031654751749982,0.4753583641952209,179295.41233363954,640266.7086414985,3278389.65396798,34874.97357657562,0,6,1.0,178742.21015211235,0.20316547517499828,0.5207927764909333,1.8597591123392951,0.522894200614743,0.23978952727983707,0.8678870161238801,0.625,23.43461049944357,0,0,1,1,0,0
APP_0329,63,Salaried,26,330274,0.864463658720949,1,6151.924643832047,0.2235207607198403,0.5484434869116924,491077.8708611911,163117.40474128842,2521331.75931525,29850.84957010347,3,3,0.77,77613.70462776221,0.22352076071984037,1.4868801990504585,0.49388509159451977,0.6032878356028617,0.3295836866004329,1.1493767782942979,0.23255813953488372,17.723322739829594,0,0,0,1,0,0
APP_0330,52,Business,8,4533639,0.8058153176306458,2,70045.87726862247,0.1854030564020359,0.6943415137049214,11433935.587731771,4276250.612060957,39358053.4834238,292272.6625757953,2,1,0.8,1649363.5605836986,0.18540305640203592,2.5220216227475922,0.9432269777238453,0.8332098164459056,0.21972245773362195,0.9828710396998505,0.3225806451612903,37.38070631324701,0,0,0,0,0,1
APP_0331,64,Self-Employed,9,4327161,0.5751157770176045,0,52519.03848202451,0.1456447915352107,0.8757729741035148,2402990.262826913,8438823.70922531,15313956.220779506,247931.4702463345,3,0,0.5544000000000001,703198.5222246062,0.14564479153521076,0.5553272140386996,1.9501986889846044,0.8757729741035148,0.23025850929940458,0.7075410785082469,0.25,34.40598014680908,0,0,0,0,1,0
APP_0332,34,Salaried,16,1210952,0.8025738561605879,2,33878.15842700822,0.3357176016259097,0.4987166046974864,1729836.0965671914,1761308.6679030836,1556841.1759198103,62599.62333818097,1,0,0.7200000000000001,267321.32383120776,0.3357176016259097,1.4284927037299509,1.454482644979391,0.5984599256369837,0.2833213344056216,1.029960152047071,0.5,17.17500264952949,0,0,0,1,0,0
APP_0333,50,Salaried,18,2271938,0.7544811215822226,2,65351.39105122008,0.3451752171998711,0.7626016379154652,1828691.7350939687,3595710.410456159,7362581.426654759,313686.1009167654,3,3,0.504,566857.6026911872,0.3451752171998712,0.8049038904644267,1.5826622075321417,0.9151219654985582,0.29444389791664405,0.9766334839254136,0.23255813953488372,13.83393696317465,0,0,0,1,0,0
APP_0334,27,Salaried,15,694098,0.8563417360171852,1,13988.83162818802,0.2418476634974546,0.6451538560462826,888635.216082929,542447.1233992948,4624412.854172491,32580.894955308955,4,8,0.5599999999999999,96729.28816101242,0.2418476634974546,1.2802734139601744,0.7815137392692312,0.7096692416509109,0.2772588722239781,1.0937700799836336,0.1724137931034483,17.050296235349865,0,0,1,1,0,0
APP_0335,55,Business,10,1867014,0.6441706624255168,0,55869.97382904561,0.3590972997248801,0.2742305992440823,1460604.536354615,2500372.620115344,7319855.021347958,116850.26605740748,2,9,0.7200000000000001,333185.6054529612,0.35909729972488014,0.782321148290594,1.3392361386231404,0.2742305992440823,0.23978952727983707,0.798636041056071,0.25641025641025644,11.816058146575598,0,0,1,0,0,1
APP_0336,40,Salaried,2,2293429,0.9065219616805292,1,40406.319957855136,0.2114195989909701,0.1715839221997395,2050890.0317457244,836007.147259098,15062791.53138222,362413.991295388,5,0,0.7,359465.26568732254,0.21141959899097015,0.8942461404934378,0.3645227941475834,0.18874231441971348,0.10986122886681098,1.0061135783855044,0.16666666666666666,11.907779038922346,0,0,0,1,0,0
APP_0337,34,Business,18,1100866,0.5503309830660905,1,17891.078618305564,0.1950218677111172,0.5466803538117517,2324605.1026601377,908403.7218583304,9936596.576668533,146762.2487238474,0,6,0.6400000000000001,241850.21952719195,0.19502186771111724,2.111614949194668,0.8251719299699786,0.601348389192927,0.29444389791664405,0.7123725828643688,0.625,30.117513626880676,0,0,1,0,0,1
APP_0338,33,Self-Employed,29,531253,0.6941208532650053,3,11851.698260814635,0.2677074371905206,0.5341872614445554,916533.6076367232,648162.1932947055,3130453.4051034087,43630.09619840294,3,4,0.504,146477.41022129258,0.2677074371905206,1.7252299895468322,1.2200631211394675,0.6944434398779221,0.34011973816621555,0.930205056133209,0.22727272727272727,22.003819853463458,0,0,0,0,1,0
APP_0339,63,Business,6,777778,0.7124549721331164,3,12230.675610612408,0.1887017983632204,0.3106794151163455,1102719.4675714418,156563.36050188076,5243961.713156887,69258.88535768307,1,0,0.8800000000000001,306558.5398757994,0.18870179836322049,1.4177817675113487,0.20129569170364905,0.40388323965124917,0.19459101490553132,0.8510923082349916,0.5,17.160169889833643,0,0,0,0,0,1
APP_0340,48,Business,8,2890177,0.7884014250735694,3,37803.71644497198,0.1569608357341657,0.6465793460461446,6977856.177395969,1379876.6417701785,10254815.487338625,268474.9942474146,2,1,0.8,551451.5956576995,0.1569608357341657,2.4143352387746386,0.4774367250760692,0.8405531498599881,0.21972245773362195,0.9616309238714239,0.3225806451612903,36.84705105352921,0,0,0,0,0,1
APP_0341,29,Salaried,27,844312,0.7535916400108325,0,11301.37705509041,0.1606237086066346,0.4882962297893563,630603.095625989,1036664.7863551076,7199191.533173619,104616.01834480392,4,9,0.5599999999999999,227199.58109716864,0.16062370860663466,0.7468839666213307,1.2278219264384582,0.4882962297893563,0.3332204510175204,1.004703786178275,0.1694915254237288,24.587975339254776,0,0,1,1,0,0
APP_0342,41,Salaried,12,1225778,0.881786087269735,0,10615.83330515391,0.1039258329500504,0.8368281674905902,2622396.853321657,2293585.937930305,10405260.823142704,122791.15842300092,5,0,0.5599999999999999,236388.1437335032,0.10392583295005044,2.1393734047451147,1.8711266949890641,0.8368281674905902,0.2564949357461537,1.1079597530658378,0.16666666666666666,77.18004245704209,0,0,0,1,0,0
APP_0343,51,Self-Employed,26,689056,0.8294571865109602,2,14855.25778149794,0.258706249387532,0.6874402706050164,1781996.1420677763,234474.5077877674,2027961.1056656428,73454.97221713072,0,3,0.9,255914.0054766656,0.25870624938753206,2.5861412455123767,0.34028367474888455,0.8249283247260197,0.3295836866004329,1.1028327439184653,0.7692307692307692,22.623534817495567,0,0,0,0,1,0
APP_0344,37,Salaried,17,1343387,0.8710083006888443,1,29949.36275527129,0.2675270440038912,0.5465132857274091,3177474.233200225,2121624.7325771884,8314320.117522759,169237.52604976075,5,10,0.7,348717.73719593947,0.26752704400389127,2.365270940689634,1.5793101560288945,0.60116461430015,0.28903717578961646,1.1227620800092608,0.14285714285714285,29.4892137832701,0,0,1,1,0,0
APP_0345,31,Salaried,26,1056637,0.8649896399711605,2,26174.621187487388,0.2972595643062363,0.5271203815843676,2113051.3963645743,1986832.5320708763,9639028.10742022,116681.07908971062,2,5,0.8,308485.01717819326,0.29725956430623635,1.9997893281842054,1.8803359451456616,0.632544457901241,0.3295836866004329,1.1500761143840368,0.2857142857142857,26.10597430152032,0,0,0,1,0,0
APP_0346,65,Self-Employed,27,2913302,0.7433653481028156,1,51594.31682026957,0.2125189224609171,0.5401909644970114,6879604.979627534,2470524.905152914,14775193.515953138,470919.8876146581,0,0,0.99,1710838.8211453725,0.21251892246091714,2.361445871257952,0.848015380881527,0.5942100609467126,0.3332204510175204,0.9910698846684319,1.0,30.204004565567175,0,0,0,0,1,0
APP_0347,63,Salaried,17,866590,0.9980236028663618,2,7363.895370819246,0.1019706486918046,0.8875155402534407,898703.2533469191,664525.8362318213,6883937.610594289,138294.89942573977,2,8,0.8800000000000001,308477.9311966978,0.1019706486918046,1.0370570319838899,0.7668284150888209,1.0650186483041288,0.28903717578961646,1.2864895264102327,0.2631578947368421,35.3804838983571,0,0,1,1,0,0
APP_0348,61,Business,5,990937,0.515094520033508,2,12125.116024361823,0.1468321319037859,0.3119905434076958,2699375.1947963205,643853.8149445305,3276230.504900159,78486.6405083992,4,6,0.616,261030.24674417463,0.1468321319037859,2.7240633812203203,0.6497424305929947,0.37438865208923494,0.1791759469228055,0.6073870684152598,0.17857142857142858,45.95459819413444,0,0,1,0,0,1
APP_0349,38,Business,3,2923714,0.817161677725712,1,60053.796878183006,0.2464829195120302,0.8192192774390882,6599172.5751022855,4897593.655428436,5433068.9651441565,356542.5207808415,0,9,0.6400000000000001,659811.5084576979,0.24648291951203027,2.257119737122812,1.675127476705463,0.9011412051829971,0.13862943611198905,0.9304443403211544,0.5263157894736842,31.906853599535935,0,0,1,0,0,1
APP_0350,28,Self-Employed,12,3843209,0.6666086850471677,0,115596.02564539918,0.360935954236366,0.2813741370897212,8193521.579336272,4935229.711096081,4238711.442424159,533606.4870856791,3,0,0.4536,561184.9892626598,0.36093595423636604,2.131947957900877,1.2841429417697765,0.2813741370897212,0.2564949357461537,0.8375904368861691,0.25,18.929069601270918,0,0,0,0,1,0
APP_0351,27,Self-Employed,18,4938832,0.5598320076669205,1,60072.34906851939,0.1459592447814043,0.638908193895689,14783989.87977685,9620214.741220815,38402193.56963415,560920.5517104269,0,3,0.7200000000000001,1325570.0283883216,0.14595924478140432,2.993418257550945,1.9478724405326635,0.702799013285258,0.29444389791664405,0.7246711261828691,0.7692307692307692,67.70781399265154,0,0,0,0,1,0
APP_0352,50,Salaried,5,1709991,0.7247635337915748,0,37683.31698020912,0.2644457215052649,0.3100463812653958,2558689.61788091,1679354.8013425246,12450161.717703314,234133.3042853519,3,8,0.7,334252.6038383384,0.2644457215052649,1.4963175934147666,0.982084000057617,0.3100463812653958,0.1791759469228055,0.854623726253799,0.20833333333333334,18.744123212619574,0,0,1,1,0,0
APP_0353,50,Business,19,1845000,0.7244670439243222,1,26551.783605885357,0.1726945275179535,0.3130056725548023,2906178.184853764,2643014.8061742075,11409782.829453938,102827.20159215314,3,6,0.5599999999999999,357597.8120931139,0.17269452751795356,1.5751643278340184,1.4325283502299226,0.3443062398102825,0.2995732273553991,0.941497974385357,0.2173913043478261,34.83251868246094,0,0,1,0,0,1
APP_0354,37,Self-Employed,12,403061,0.8078725168252553,1,13310.94089924961,0.3962955750891188,0.5929767955636027,1199266.8754136632,401439.9650064808,932024.6638580164,19055.25715282711,1,3,0.81,154798.1524879748,0.39629557508911883,2.9753979556783294,0.9959781894216528,0.6522744751199631,0.2564949357461537,1.0150877261194327,0.4347826086956522,20.04249552474514,0,0,0,0,1,0
APP_0355,34,Business,28,919863,0.5449486963140417,0,13254.803687225402,0.1729144929698279,0.5968019540711027,799538.199690896,1562295.8348654849,3301540.8205067487,77797.95430616807,0,4,0.6400000000000001,223725.18055733785,0.17291449296982792,0.8691926946631139,1.6984005605894408,0.5968019540711027,0.3367295829986474,0.7284490435795256,0.7142857142857143,29.69783748202735,0,0,0,0,0,1
APP_0356,26,Self-Employed,7,4713116,0.5847501254195016,2,103939.92464494788,0.2646400164433412,0.5984335942859863,14048645.593553193,6839334.870875647,33059422.76770473,418253.6985321671,5,8,0.504,516397.13904397655,0.26464001644334123,2.9807553205890103,1.4511280585658506,0.7181203131431836,0.20794415416798356,0.7063454956494821,0.14705882352941177,33.49367520995236,0,0,1,0,1,0
APP_0357,35,Salaried,10,1141780,0.9367565483522268,2,11030.125213602489,0.1159255745968836,0.6238062974523096,594679.4865378742,1027101.0611820286,3929770.88163713,169185.57474978452,5,5,0.7,436158.8600054794,0.11592557459688371,0.520835438121069,0.8995612650265625,0.7485675569427716,0.23978952727983707,1.161380958257899,0.15384615384615385,24.505320902430352,0,0,0,1,0,0
APP_0358,26,Self-Employed,28,3442391,0.5924674480551269,3,72451.45822932692,0.2525620996429293,0.6677510386681778,9499898.112493873,3691592.1331262174,21941654.541915204,181308.15310447,1,8,0.7200000000000001,1454189.5927704107,0.2525620996429293,2.7596801503646367,1.072391873301498,0.8680763502686311,0.3367295829986474,0.7919687647790025,0.35714285714285715,30.34558256431899,0,0,1,0,1,0
APP_0359,60,Business,1,533467,0.5989568558999006,2,8894.268140272734,0.2000708903892327,0.4147198542618198,476126.3000423494,439685.5420358832,2223073.146320436,63920.30291752864,1,8,0.8800000000000001,145694.72116782705,0.20007089038923273,0.8925131264770818,0.8242038252335818,0.4976638251141837,0.06931471805599453,0.6404733814943071,0.35714285714285715,17.161086736514594,0,0,1,0,0,1
APP_0360,28,Business,9,3447822,0.8561608344315046,0,110112.23197724824,0.3832410094624893,0.8592931346904864,3668333.4692507978,2810716.4707550453,15638008.24746576,202815.5473423428,5,6,0.32256,454068.1556605383,0.3832410094624894,1.0639567440693858,0.8152150751271514,0.8592931346904864,0.23025850929940458,1.053299151888237,0.15151515151515152,9.806736611158339,0,0,1,0,0,1
APP_0361,64,Business,22,2107804,0.6669333345900798,1,40037.64899740384,0.2279394991037335,0.3499062115534269,4243899.3925168,2125729.8899171147,4607552.44735153,259735.72332807523,4,8,0.616,614950.9400988963,0.2279394991037336,2.013422212177603,1.0085045335890408,0.3848968327087696,0.313549421592915,0.8760498958918332,0.1724137931034483,26.51516527542589,0,0,1,0,0,1
APP_0362,37,Salaried,10,2496999,0.9728688146216852,3,82963.98618733815,0.3987057400696027,0.8806215272548794,2154612.9622355183,4692994.517738493,23107251.433884624,203140.09012201388,4,8,0.504,729218.7820749576,0.3987057400696027,0.8628809872312797,1.879453903561232,1.1448079854313433,0.23978952727983707,1.2061525677851146,0.1724137931034483,13.756184650433065,0,0,1,1,0,0
APP_0363,32,Salaried,11,910366,0.9181238599780576,2,27617.43726768943,0.3640395700325728,0.4312321243357431,1391157.0568239202,908006.4011433984,8561006.048283216,139680.1212123976,5,4,0.504,119653.53866599732,0.3640395700325728,1.5281294081983732,0.9974080766893737,0.5174785492028917,0.24849066497880004,1.146269068476908,0.15625,13.875071243830838,0,0,0,1,0,0
APP_0364,37,Salaried,5,1074882,0.7078594664389956,2,25231.184706639207,0.2816813533761571,0.5898896171504936,2139984.435016327,661742.8048501001,1327221.766080751,55465.08868542003,3,2,0.7,301666.58401821944,0.2816813533761571,1.9909017315540936,0.6156422796642795,0.7078675405805923,0.1791759469228055,0.8346908566264745,0.23809523809523808,18.507039816282024,0,0,0,1,0,0
APP_0365,63,Self-Employed,23,3336998,0.5735905911091848,3,68807.14102964579,0.2474336791199004,0.2100101778732918,3280768.161125324,860989.5183871817,26298379.64433389,145304.4029707074,2,6,0.99,954820.136793992,0.2474336791199004,0.9831495736962755,0.2580131958086824,0.2730132312352793,0.31780538303479455,0.7558807686217934,0.2777777777777778,10.03228642050398,0,0,1,0,1,0
APP_0366,37,Salaried,3,1042719,0.978130961853338,3,31293.62216255805,0.360138700791581,0.4919543188086909,1368296.6077137191,1067307.2243085585,3358654.797834172,96216.90896438512,0,9,0.9,463717.4105538699,0.36013870079158106,1.312239067010114,1.0235808729950817,0.6395406144512982,0.13862943611198905,1.1137287055387437,0.5263157894736842,12.971779677502518,0,0,1,1,0,0
APP_0367,49,Business,11,3506375,0.7446019498680208,0,74859.56559765848,0.2561947273671247,0.4612876740509296,9002706.363014506,968981.9934935204,34932356.81482371,373444.7100166504,3,0,0.5599999999999999,830747.9416100463,0.2561947273671247,2.567525254148374,0.276348648816376,0.4612876740509296,0.24849066497880004,0.9296285835352365,0.25,22.20087768542953,0,0,0,0,0,1
APP_0368,58,Business,2,1792580,0.6164717448936519,3,54572.00183803049,0.3653192728114594,0.7189416100241005,2177601.932326885,895708.9944520225,6542518.20120357,280620.81488729693,5,8,0.4435200000000001,446394.1676121844,0.3653192728114594,1.2147864710790508,0.49967588305795135,0.9346240930313306,0.10986122886681098,0.6841980883493357,0.14705882352941177,9.386104056009293,0,0,1,0,0,1
APP_0369,54,Business,15,958672,0.7890587165971332,0,12297.478328457177,0.1539314175666819,0.5683581765761522,2622754.074776849,1134619.7451138624,4350070.48254038,78706.28404649188,0,2,0.8,292565.44585826615,0.15393141756668197,2.7358200456223285,1.1835327881839277,0.5683581765761522,0.2772588722239781,1.0078322464793539,0.8333333333333334,50.92336438866902,0,0,0,0,0,1
APP_0370,37,Self-Employed,3,2297842,0.6296299120536966,1,60416.4734010219,0.3155124159155689,0.1988353734683468,1804753.4783934911,2318332.207407373,9803721.069050957,246199.5924423732,3,8,0.567,579557.2303349881,0.31551241591556894,0.7854123470601944,1.0089171524444993,0.2187189108151815,0.13862943611198905,0.7169151517209418,0.20833333333333334,11.374065862339032,0,0,1,0,1,0
APP_0371,35,Self-Employed,18,3392763,0.5175624333866248,1,105649.46186587289,0.3736758336466398,0.5523932628113353,7290456.84243003,1595146.6162687575,29922021.489031468,217221.69263914664,5,0,0.567,707598.4768654843,0.3736758336466398,2.1488258515051095,0.4701615221189212,0.6076325890924689,0.29444389791664405,0.6699555336882059,0.16666666666666666,14.017429749554697,0,0,0,0,1,0
APP_0372,44,Business,25,3943485,0.6155122149778988,1,44451.68376301258,0.1352661935207439,0.2052568254496686,3971599.142484793,5207800.167023691,12926739.003420249,390393.1801883708,3,8,0.5599999999999999,1154927.751087483,0.13526619352074395,1.0071292631986157,1.320608590377215,0.22578250799463548,0.3258096538021482,0.8160520366508414,0.20833333333333334,34.41714138601611,0,0,1,0,0,1
APP_0373,63,Self-Employed,8,2019269,0.7355449308737236,3,39732.743030916026,0.236121545158665,0.4535002891981894,4044679.437869842,427744.6636990357,18051277.00229129,154334.3125221186,5,8,0.6930000000000001,738926.5519113807,0.236121545158665,2.003041416408533,0.21183144182327154,0.5895503759576463,0.21972245773362195,0.8971606708588052,0.14705882352941177,18.760446927818393,0,0,1,0,1,0
APP_0374,38,Salaried,6,921831,0.7165191814004113,2,8528.190098062647,0.1110163155467236,0.7830634297873502,1998060.725451585,1574880.0336500409,3397845.0244438504,144464.5183488131,0,1,0.8,270489.3817838428,0.11101631554672362,2.167491357365488,1.708425984426691,0.9396761157448202,0.19459101490553132,0.8559473761083979,0.9090909090909091,69.82608498047145,0,0,0,1,0,0
APP_0375,36,Salaried,22,1492778,0.8833269268145962,1,48501.34981216633,0.3898879791542988,0.6994678472218888,2090593.2224457597,394857.8088809159,11817738.028654976,122436.75294008448,3,1,0.63,473400.7774573806,0.38988797915429885,1.4004716189853814,0.26451207673271976,0.7694146319440778,0.313549421592915,1.16029357379476,0.24390243902439027,8.540831134776694,0,0,0,1,0,0
APP_0376,60,Salaried,10,2274748,0.7403637367234153,2,37677.89429057144,0.1987625580885695,0.4310063274183643,2330737.3351866296,1310918.538804293,3465945.461908393,257245.6807035796,5,8,0.77,1041958.0874337428,0.1987625580885695,1.0246134231952857,0.5762917645402009,0.5172075929020371,0.23978952727983707,0.9178952071674569,0.14705882352941177,16.108719903092773,0,0,1,1,0,0
APP_0377,55,Business,23,2609101,0.6708214420343774,2,38679.49003737819,0.177898011785875,0.5601141512097378,5369817.815729559,4875860.97766254,17033802.429893624,270606.2559893118,5,10,0.5599999999999999,583118.4439452342,0.17789801178587503,2.0581103666471936,1.8687896626702225,0.6721369814516854,0.31780538303479455,0.8840121073680659,0.14285714285714285,44.14776747526538,0,0,1,0,0,1
APP_0378,36,Business,8,2636790,0.8917030638264282,0,29765.434753477228,0.1354621403455439,0.4719085074988647,6570436.072566348,4027546.628689688,7556980.88387176,312670.9957465147,3,6,0.5599999999999999,322190.0305551626,0.1354621403455439,2.491831383070456,1.5274430761227433,0.4719085074988647,0.21972245773362195,1.0876302525789716,0.2173913043478261,59.3416647476649,0,0,1,0,0,1
APP_0379,47,Business,26,1981219,0.504518907191212,1,50687.03114969522,0.307005118463099,0.3035340177428454,1326604.744298183,1467114.8398080245,11788138.920809845,272508.2370030182,0,10,0.7200000000000001,475463.7777576601,0.307005118463099,0.6695901585327937,0.7405111902359227,0.33388741951712997,0.3295836866004329,0.6708001085829133,0.5,9.186174848340228,0,0,1,0,0,1
APP_0380,50,Business,19,444254,0.8328171079624567,1,7372.930072082869,0.199154449627903,0.3703494842188344,968999.0030042112,821467.1818442321,3631905.041301816,54364.78103822334,3,2,0.5599999999999999,112170.9849044045,0.19915444962790302,2.1811823934150536,1.8490934957124352,0.4073844326407179,0.2995732273553991,1.0823068167915597,0.23809523809523808,40.47387238053271,0,0,0,0,0,1
APP_0381,59,Self-Employed,15,3672489,0.8711159907060404,0,107276.99072926598,0.3505317207896856,0.3394749973114885,8492301.705604805,2820123.0863609994,21384790.633420736,248625.5788635327,5,5,0.6237,1190650.5891414674,0.35053172078968564,2.3124103858731244,0.7679051145860476,0.3394749973114885,0.2772588722239781,1.1126406278654706,0.15384615384615385,17.575102724054585,0,0,0,0,1,0
APP_0382,47,Salaried,5,1476334,0.9522217460673448,2,48606.52912117827,0.3950856306595521,0.6012086780922006,3847347.7183353673,1812594.098386309,6652503.418617372,171351.66539415004,2,5,0.9,643006.0614341832,0.39508563065955216,2.6060144373396312,1.227766954081061,0.7214504137106407,0.1791759469228055,1.1228369790994486,0.2857142857142857,19.407344099154475,0,0,0,1,0,0
APP_0383,42,Self-Employed,3,4369594,0.850819493048317,2,85779.46299429295,0.2355718988838586,0.8605813998140616,4545905.798989236,3251733.602814963,8783239.845189178,610802.2316029517,1,1,0.7200000000000001,1187685.9688527505,0.23557189888385863,1.040349698161714,0.7441729375349204,1.0326976797768739,0.13862943611198905,0.9687681196026937,0.47619047619047616,15.150556107512957,0,0,0,0,1,0
APP_0384,26,Self-Employed,29,4394759,0.5616311108774295,2,138102.01662706435,0.3770910303670286,0.685952853404755,7950426.24118006,7013858.591673001,10062483.814697746,662033.2630141361,4,10,0.4536,1190272.9205379903,0.3770910303670286,1.8090699037603792,1.595959776559534,0.823143424085706,0.34011973816621555,0.7526529372550615,0.16666666666666666,18.059457298709777,0,0,1,0,1,0
APP_0385,38,Business,2,4053461,0.6550352862884921,0,34195.321533057264,0.1012329607702373,0.8458698752166626,8989080.068966025,5146750.956709512,7230089.575540071,405452.1161525432,0,1,0.6400000000000001,1059039.220092702,0.10123296077023738,2.217630826833174,1.2697176454169687,0.8458698752166626,0.10986122886681098,0.7269982677912692,0.9090909090909091,68.89749041648949,0,0,0,0,0,1
APP_0386,44,Salaried,19,1609222,0.8916552556130339,1,26319.377096449025,0.1962641109538574,0.2540365116987668,1917587.3097862515,1246293.555506724,7997898.6820908785,90716.70641854015,1,2,1.0,497981.3986821836,0.1962641109538574,1.191623846670162,0.774469622902697,0.2794401628686435,0.2995732273553991,1.158771298225434,0.45454545454545453,20.035180757373386,0,0,0,1,0,0
APP_0387,25,Business,18,4512253,0.5409501171308082,2,99574.02917627415,0.2648096970881929,0.316841680655222,12896896.918630673,7432606.195706101,27825920.32162483,284615.04440454254,2,9,0.6400000000000001,1608231.2002527115,0.26480969708819296,2.8581945468551235,1.647205109222843,0.38021001678626637,0.29444389791664405,0.7002295781972685,0.25641025641025644,34.02745220902901,0,0,1,0,0,1
APP_0388,59,Self-Employed,2,1291139,0.5115970744810568,0,14178.65106895711,0.1317780756583801,0.143039900577781,2022135.889511824,674193.2612596636,8218218.859080937,149463.79310428954,5,7,0.6930000000000001,399533.42410669895,0.13177807565838018,1.5661643630250686,0.5221693878503118,0.143039900577781,0.10986122886681098,0.5678017577682112,0.14925373134328357,31.69470703592835,0,0,1,0,1,0
APP_0389,44,Self-Employed,27,1862178,0.7851594738912658,0,60847.37481265814,0.3921045666697264,0.7045943484570282,3099108.1494025057,814202.8889092027,15485237.542467495,291668.8376324609,3,1,0.4536,322866.64124498307,0.3921045666697264,1.6642384076079224,0.4372315046731315,0.7045943484570282,0.3332204510175204,1.0467906679019925,0.24390243902439027,10.71892597492313,0,0,0,0,1,0
APP_0390,54,Self-Employed,8,2077323,0.5574886735114344,2,64718.73549189468,0.3738584832030147,0.4136615346870009,4671975.358777032,2902695.596492352,16824256.33746027,315684.8620575076,3,7,0.567,249826.9763119617,0.37385848320301474,2.2490365527060705,1.3973251133754125,0.49639384162440103,0.21972245773362195,0.6799814550140234,0.2127659574468085,19.50664130898651,0,0,1,0,1,0
APP_0391,55,Salaried,12,2307612,0.8383725051114699,1,35513.6122903092,0.1846772106765394,0.3788923537995828,4469142.111077962,2571393.740199632,10733104.567616357,302183.6431142313,0,5,1.0,974873.636381298,0.1846772106765394,1.9366956451422346,1.1143093987202493,0.4167815891795411,0.2564949357461537,1.0534108069413783,0.6666666666666666,33.04148933899911,0,0,0,1,0,0
APP_0392,29,Self-Employed,18,4066937,0.6603265899137734,3,58147.90870324247,0.1715725875367407,0.2949528488394559,3650282.2486516177,4344604.606012019,6484891.332055368,275317.1358354755,5,9,0.504,763443.5311561889,0.1715725875367407,0.897550723960469,1.0682743809436979,0.38343870349129267,0.29444389791664405,0.8547557249459901,0.14492753623188406,22.91537515552364,0,0,1,0,1,0
APP_0393,52,Business,26,3070588,0.7178107520763074,1,38875.08644236846,0.1519256368188834,0.6356841568821334,7211022.93952447,4548879.232288677,26194368.66751318,171820.96710633082,4,7,0.5599999999999999,567704.7200732877,0.1519256368188834,2.348417612367556,1.4814358788247324,0.6992525725703468,0.3295836866004329,0.9543894660270461,0.17543859649122806,50.41747490922825,0,0,1,0,0,1
APP_0394,31,Self-Employed,6,2783990,0.8823533785515836,0,64838.60614084402,0.2794777544783308,0.6484069455508393,5542961.778427776,4665294.38236703,10987501.468067128,340454.98927285464,0,1,0.7200000000000001,575373.3123272968,0.27947775447833084,1.9910135375586033,1.6757583117637023,0.6484069455508393,0.19459101490553132,1.0540514179892608,0.9090909090909091,26.240169677666472,0,0,0,0,1,0
APP_0395,33,Business,29,201546,0.8028310869536559,1,3961.9295627121783,0.2358923260821159,0.3332026028036037,410938.2695618898,202531.0729032195,574598.6040652009,30502.94626458269,2,9,0.6400000000000001,66782.8203217214,0.2358923260821159,2.038930415696118,1.0048875834956759,0.3665228630839641,0.34011973816621555,1.0758897860400316,0.25641025641025644,25.80684204311265,0,0,1,0,0,1
APP_0396,44,Self-Employed,23,3087900,0.896115702656768,0,72938.05764959592,0.2834472268516309,0.5083391034853304,8087493.764764056,5355991.338529758,4822358.073186949,476466.45485246775,0,0,0.9,1337701.3922946027,0.28344722685163093,2.619091863325903,1.734509323012325,0.5083391034853304,0.31780538303479455,1.180906096783096,1.0,30.718954174966047,0,0,0,0,1,0
APP_0397,47,Salaried,28,1483671,0.9597038910489932,1,28377.019231420985,0.2295146503349137,0.5721310996667642,3060866.3269234234,2197602.4660914103,6905440.87088824,142529.48178837253,1,10,1.0,399647.61830779,0.22951465033491375,2.063035758549856,1.4811925730781355,0.6293442096334407,0.3367295829986474,1.2828645820841,0.3333333333333333,30.884549866042637,0,0,1,1,0,0
APP_0398,33,Salaried,18,1913108,0.9529983012180374,2,56116.050058626,0.3519888060180146,0.22341383271498,5727156.838829191,2690057.407339528,4225093.342384754,96870.06332636994,0,2,0.7200000000000001,672927.5105699206,0.3519888060180147,2.993640107526178,1.4061189474611617,0.26809659925797596,0.29444389791664405,1.2336028357366162,0.8333333333333334,24.999426003122164,0,0,0,1,0,0
APP_0399,56,Business,14,1338969,0.5338653777158864,3,39951.02209142097,0.3580458286166831,0.8148659753139521,2997250.3713707207,2509977.490875578,8849562.565434836,131842.87009492217,3,8,0.4435200000000001,313574.79885165644,0.35804582861668316,2.2384762988319524,1.8745598224272393,1.0593257679081378,0.270805020110221,0.6784388020643877,0.20833333333333334,22.974914340714346,0,0,1,0,0,1
APP_0400,49,Self-Employed,8,1758528,0.6699087429182924,0,40062.425897405854,0.2733815502334169,0.7774431093389593,1920092.6161436983,1939853.0733623265,8260756.189093542,193328.0826882382,2,0,0.7200000000000001,748660.2944781305,0.2733815502334169,1.0918749181950462,1.1031118488658278,0.7774431093389593,0.21972245773362195,0.8171027383695406,0.3333333333333333,16.058046091162804,0,0,0,0,1,0
APP_0401,61,Self-Employed,23,3291861,0.5452657478459739,3,106579.8497579083,0.3885213248964338,0.1640504845505206,7655103.174312992,3777524.056374679,28751627.272185773,446012.4126672606,2,7,0.8910000000000001,1193104.7987980882,0.3885213248964338,2.3254636736827563,1.1475344968620118,0.2132656299156768,0.31780538303479455,0.7185541376959174,0.27027027027027023,17.878031129799876,0,0,1,0,1,0
APP_0402,58,Business,3,2257149,0.6889806289394582,0,57410.99970606928,0.3052222057439856,0.5313577699547901,4399343.884778038,2942126.921522682,20612888.35031262,245004.09892790735,0,7,0.7920000000000001,682196.6863893074,0.3052222057439856,1.9490711002144907,1.303470405153883,0.5313577699547901,0.13862943611198905,0.784493625021419,0.588235294117647,21.312613854160677,0,0,1,0,0,1
APP_0403,55,Business,24,2980940,0.6684064428595141,2,46393.99208502939,0.1867625329662296,0.1282609921398827,8367979.376273277,4617373.226163912,22484471.55251428,334252.65562128153,0,10,0.8,928298.6099593733,0.18676253296622966,2.807161290154541,1.5489655028829536,0.15391319056785924,0.32188758248682003,0.8835581768701779,0.5,46.64882965391316,0,0,1,0,0,1
APP_0404,35,Business,2,2647403,0.8235583118718268,0,41044.6072625093,0.1860446963118617,0.1660081334520657,4669993.141421026,4586894.305377121,9267602.646951577,154168.8981170572,2,4,0.8,1150335.4750682504,0.1860446963118617,1.7639902732681898,1.7326014608947413,0.1660081334520657,0.10986122886681098,0.9140354400575421,0.29411764705882354,37.5887279076388,0,0,0,0,0,1
APP_0405,25,Business,4,1664767,0.8640525954716507,1,41306.57228144931,0.2977466921060976,0.3958134639730495,1562381.1866299785,2677860.7406277773,5203666.971135772,106990.93844768852,4,0,0.448,251443.67873595207,0.2977466921060976,0.9384984124685187,1.608549869517943,0.4353948103703545,0.16094379124341002,1.0031164960205665,0.2,17.108826727645788,0,0,0,0,0,1
APP_0406,30,Salaried,20,946553,0.9512842658816612,3,26117.79021458537,0.3311103367429234,0.2903579512874322,1514922.600620546,1275607.3839302915,2742836.78191965,126328.67241370298,2,0,0.7200000000000001,311388.6725126582,0.33111033674292345,1.600462520979328,1.3476343996905524,0.3774653366736619,0.3044522437723423,1.2409048950946584,0.3333333333333333,17.807338482209964,0,0,0,1,0,0
APP_0407,32,Salaried,6,2246219,0.8196234408234773,2,45463.44863808953,0.2428798722017196,0.8586014196421375,6303223.227864891,1393981.8602878803,16064036.500808164,203115.42563272212,2,2,0.6400000000000001,592537.2663296765,0.2428798722017196,2.806148121739194,0.6205903610858426,1.030321703570565,0.19459101490553132,0.9791147980136815,0.3125,28.217558349001596,0,0,0,1,0,0
APP_0408,52,Salaried,10,2182490,0.8146012284125985,2,70663.35478914458,0.3885288168421091,0.6463010487310334,1315046.3365694624,4041713.6273416607,14703036.522860574,351794.7417261517,3,9,0.63,779905.355143458,0.38852881684210916,0.6025440375761,1.8518818539107444,0.7755612584772401,0.23978952727983707,1.00993407189523,0.2040816326530612,12.634459968431516,0,0,1,1,0,0
APP_0409,42,Self-Employed,9,2440494,0.8209265443631315,2,60260.47131520064,0.2963029844705243,0.4129230109519278,5937423.03487171,3778772.17608608,18569282.2461064,281284.5125119407,1,8,0.9,735726.8845365671,0.2963029844705243,2.432877538265495,1.548363641166944,0.49550761314231334,0.23025850929940458,1.0099518667124976,0.35714285714285715,26.872771373171815,0,0,1,0,1,0
APP_0410,36,Self-Employed,18,288734,0.7691207438959962,0,2492.4583179281717,0.1035884233070509,0.1781590075806633,219370.9149074448,289512.41705015104,858910.5805333904,22255.268522199527,1,0,0.9,54435.64763876538,0.103588423307051,0.7597682119440204,1.0026959660107608,0.1781590075806633,0.29444389791664405,0.9955836536972821,0.5,34.02820743261211,0,0,0,0,1,0
APP_0411,30,Salaried,20,1209428,0.9851466877744756,0,31487.71314399575,0.3124225317488507,0.1959816878222606,3194222.7831443534,524689.8449736056,8354186.389292795,186437.94447044728,4,2,0.504,340374.0734956196,0.3124225317488507,2.6411020607629005,0.4338330557698396,0.1959816878222606,0.3044522437723423,1.2850768073123058,0.1923076923076923,19.684464493134637,0,0,0,1,0,0
APP_0412,36,Self-Employed,10,4117107,0.764191138554162,0,100057.41750765302,0.2916341523530567,0.8381563126757584,4903305.2461114535,3987706.812788588,37591341.95133068,567756.1791751356,2,4,0.7200000000000001,784910.8750040237,0.29163415235305673,1.190958905394359,0.968570117995133,0.8381563126757584,0.23978952727983707,0.947436170419505,0.29411764705882354,14.809849984751672,0,0,0,0,1,0
APP_0413,29,Self-Employed,25,723343,0.6531196009772731,2,24038.349778616,0.3987875701339364,0.3065908846593242,1831506.0381803524,376335.88757395954,1175133.1511726794,118696.54583984712,1,9,0.6480000000000001,167360.483459316,0.39878757013393645,2.5320021596674778,0.5202730759459337,0.367909061591189,0.3258096538021482,0.8659122720630755,0.3448275862068966,15.307775187618194,0,0,1,0,1,0
APP_0414,56,Salaried,5,2108808,0.7655159494592986,0,65686.34075002877,0.373782766852338,0.6723202542006745,1598935.7410456191,698553.4177468398,12952511.807017008,153924.44852537283,3,0,0.6930000000000001,816347.487526436,0.373782766852338,0.7582177898820657,0.3312551060821278,0.6723202542006745,0.1791759469228055,0.902677994588179,0.25,5.829444225793251,0,0,0,1,0,0
APP_0415,34,Business,21,207278,0.8731574894125331,3,3107.97718998198,0.1799309443345833,0.6600441594709805,572407.2879301193,255854.1077742149,1168726.0227947962,32989.444262957884,3,7,0.448,50000.0,0.17993094433458331,2.7615438586348735,1.2343524531026684,0.8580574073122746,0.3091042453358316,1.1430541762367237,0.2127659574468085,44.41588773420913,0,0,1,0,0,1
APP_0416,29,Business,8,227744,0.6537695495908121,3,2587.951769958385,0.1363610950870302,0.52824326118852,678450.1619444023,182238.8091282665,848449.4970618676,11060.61528949589,5,1,0.448,50000.0,0.13636109508703026,2.9790034509993775,0.8001914831050061,0.6867162395450761,0.21972245773362195,0.7974174018183083,0.1639344262295082,55.42922534748455,0,0,0,0,0,1
APP_0417,46,Salaried,27,2227867,0.928135924264434,2,54645.45067264384,0.2943377715418945,0.2412946436075894,1332995.1094383816,1986131.43409662,6057633.751890035,286619.43721585546,0,10,1.0,1059433.2630087016,0.2943377715418946,0.5983279564885973,0.8914946152964337,0.2895535723291073,0.3332204510175204,1.237409795553392,0.5,10.123217037219275,0,0,1,1,0,0
APP_0418,56,Salaried,29,2137036,0.920597254908378,1,19715.846531725816,0.1107094865882979,0.1202916843875588,6391786.841957259,1344779.5600201846,9614327.931978893,300807.18526987534,5,4,0.77,657999.1942883849,0.1107094865882979,2.9909588991281657,0.6292732363985373,0.1323208528263147,0.34011973816621555,1.2337105522043523,0.15625,65.40057671822616,0,0,0,1,0,0
APP_0419,53,Salaried,2,1723064,0.716816335926321,0,31826.7663763451,0.221652356799365,0.2693425405448895,3678095.2090337,1967076.312692328,16301577.859273368,259220.6263019473,4,2,0.7,598755.1250093948,0.22165235679936507,2.1346248363576166,1.1416153507312137,0.2693425405448895,0.10986122886681098,0.7955666594629914,0.1923076923076923,29.561970234807042,0,0,0,1,0,0
APP_0420,39,Salaried,2,893873,0.84666841399781,0,17979.204404638713,0.2413658907424931,0.8344152606628662,549288.7429774399,1307141.1120825796,1944030.3994548016,56490.80063142844,0,4,0.8,377783.4020784031,0.2413658907424931,0.614504233797687,1.4623342601047125,0.8344152606628662,0.10986122886681098,0.9396844464023233,0.7142857142857143,17.2090471235484,0,0,0,1,0,0
APP_0421,31,Self-Employed,20,1631846,0.8341408627958372,0,46961.815388750496,0.3453400533291781,0.1850649602066258,2844077.0656188778,2673804.801758132,4871309.522561458,232086.617912034,3,5,0.4536,388317.9508320857,0.3453400533291781,1.742858741338875,1.6385154002020608,0.1850649602066258,0.3044522437723423,1.0880969200962274,0.2222222222222222,19.58286685221427,0,0,0,0,1,0
APP_0422,50,Self-Employed,4,4779213,0.554931760792702,1,131136.97075930348,0.3292683647101817,0.574468202432678,6398215.94205662,1994565.744043382,10854219.868410353,447147.7429231152,5,5,0.567,1141815.5091858853,0.3292683647101817,1.338759319171717,0.41734188119328053,0.6319150226759459,0.16094379124341002,0.6442445822560605,0.15384615384615385,10.6666864392557,0,0,0,0,1,0
APP_0423,53,Salaried,30,470703,0.7400112631171223,3,13073.716645635131,0.3332984912941314,0.112504261014622,808394.1282547483,99520.3782130617,1230754.5266456753,24857.50613770934,5,9,0.63,164511.92975357076,0.33329849129413147,1.7174186870590336,0.21142924139651054,0.14625553931900862,0.3433987204485146,0.9941301839890312,0.14492753623188406,11.574297387103151,0,0,1,1,0,0
APP_0424,51,Business,26,4193082,0.7769433323350323,1,49941.828384452994,0.1429263583715834,0.3167597980683259,6818151.876744708,2644395.533949414,10780164.013766022,537242.249352942,4,2,0.5599999999999999,1143254.3791182428,0.14292635837158346,1.6260478275275103,0.6306567660611965,0.3484357778751585,0.3295836866004329,1.0330111800856376,0.1923076923076923,31.57856422426535,0,0,0,0,0,1
APP_0425,64,Salaried,21,1563323,0.8043560700538438,0,34824.729193745225,0.2673131210408487,0.253522289499687,4637611.45534944,3061337.654728052,10271483.064420488,233729.3719661577,4,8,0.77,346333.96431443014,0.2673131210408487,2.9665088119022363,1.958224662931494,0.253522289499687,0.3091042453358316,1.0529859460691327,0.1724137931034483,36.8461784117299,0,0,1,1,0,0
APP_0426,65,Business,7,2518834,0.5212276077083319,0,71153.67927870278,0.338983891492823,0.648195003532062,7358608.785483878,2654707.743851461,6516007.835824152,315948.6734425881,0,0,0.7920000000000001,913560.722074694,0.33898389149282304,2.9214345945321836,1.0539431117141744,0.648195003532062,0.20794415416798356,0.6296138417222426,1.0,23.454670301526846,0,0,0,0,0,1
APP_0427,43,Salaried,14,1354371,0.8002883887666896,3,12753.123557469791,0.1129952447960252,0.6923335078505073,3808698.964155303,699664.9364877112,10928999.490192384,138551.26099937098,0,1,1.0,755781.9108758278,0.11299524479602523,2.8121533642962695,0.5165976947879947,0.9000335602056595,0.270805020110221,1.0170105019806295,0.9090909090909091,58.918427321312514,0,0,0,1,0,0
APP_0428,53,Business,19,2934453,0.6676265096627217,2,41331.51879762977,0.1690189706809266,0.1881062944300903,3138265.9020171384,1839353.4366775467,13831130.798709365,195613.9986230164,1,1,0.8,911784.0899013132,0.16901897068092664,1.0694551597920083,0.6268130505677026,0.22572755331610836,0.2995732273553991,0.8676295378304038,0.47619047619047616,20.0719268792841,0,0,0,0,0,1
APP_0429,56,Salaried,29,2128150,0.7434823815885897,3,27208.083784210245,0.1534182296410135,0.3987880655312813,3499424.4793751747,1169373.4385158443,8996353.328682581,160416.718679901,2,2,1.0,452950.84538512776,0.1534182296410135,1.6443504825201112,0.5494788612249345,0.5184244851906658,0.34011973816621555,0.9963554145456952,0.3125,28.599330716805067,0,0,0,1,0,0
APP_0430,61,Salaried,9,872528,0.7333327811620787,3,17274.14047283332,0.2375736774911519,0.2369610533734534,1185713.21827086,1566655.5654738997,5612731.671574728,122468.06262043669,5,9,0.77,377733.1246414304,0.23757367749115196,1.3589400205733912,1.7955361495263187,0.30804936938548944,0.23025850929940458,0.9021888941728453,0.14492753623188406,26.555771695011906,0,0,1,1,0,0
APP_0431,61,Business,28,2126882,0.5345897329202179,3,63568.90782996639,0.3586597159407981,0.2731540834401897,3581079.039579408,2197012.211949786,2404513.9309187424,202437.6124210012,1,3,0.7920000000000001,557428.8801468053,0.35865971594079815,1.6837224818205279,1.032973250020352,0.35510030847224666,0.3367295829986474,0.7146019107618012,0.4347826086956522,15.149154538946375,0,0,0,0,0,1
APP_0432,62,Salaried,29,924824,0.9741264162369836,0,17366.00257943702,0.2253315560076774,0.135379356384627,2754295.8165759826,1405970.4771942713,5121626.256212815,87746.25801968522,3,7,0.77,373067.23977349343,0.2253315560076774,2.9781837588297693,1.5202573432288429,0.135379356384627,0.34011973816621555,1.3054460378683004,0.2127659574468085,39.92730695833249,0,0,1,1,0,0
APP_0433,31,Self-Employed,16,2217556,0.5332366095736234,0,56907.65233181934,0.3079479517008058,0.4252944645281665,2317381.9732313952,1874123.6056711352,6988764.256551991,369302.0723856543,0,7,0.6480000000000001,671950.5796149322,0.3079479517008058,1.0450162129981815,0.845130227002671,0.4252944645281665,0.2833213344056216,0.6843139173519518,0.588235294117647,12.275752636518716,0,0,1,0,1,0
APP_0434,35,Business,15,4984700,0.798914678644121,0,163218.28302450074,0.392926233533414,0.4710085139980018,4219846.568706257,7305789.674596636,13281791.192645416,750748.8652378025,5,7,0.504,1209819.8676913998,0.39292623353341405,0.8465597866885183,1.46564280189312,0.4710085139980018,0.2772588722239781,1.020420861448172,0.14925373134328357,11.769143372225418,0,0,1,0,0,1
APP_0435,25,Business,3,3428601,0.8573737761102636,2,74079.52409782632,0.2592760980860461,0.337271984969987,8167681.968182767,4993753.827984572,22328802.209578343,389387.3731111219,1,10,0.6400000000000001,509920.4482259663,0.2592760980860461,2.3822200274055705,1.4564989708585432,0.4047263819639844,0.13862943611198905,0.9762310192296362,0.3333333333333333,29.61105189873813,0,0,1,0,0,1
APP_0436,46,Business,30,659793,0.705894592241413,2,20145.31516260461,0.3663933717866896,0.1887732349810301,932932.2239920378,867258.4499461447,2830604.536159108,41946.40071884149,4,1,0.504,141095.97748427847,0.3663933717866896,1.4139771473659737,1.3144402107117608,0.2265278819772361,0.3433987204485146,0.9482978919886403,0.19607843137254904,14.89337727248074,0,0,0,0,0,1
APP_0437,38,Salaried,11,1300898,0.8618901478802211,3,34822.22294765805,0.3212140193711548,0.7018217121369802,3483581.6833320432,1905969.7366565687,10119115.079490324,177933.45208316873,2,5,0.7200000000000001,523747.6684915351,0.32121401937115485,2.677828456444735,1.465118507874229,0.9123682257780743,0.24849066497880004,1.0760618038656535,0.2857142857142857,25.795555078384616,0,0,0,1,0,0
APP_0438,57,Business,14,2524863,0.521783998797444,2,42831.77057414575,0.2035679745355486,0.4889815241184836,4586935.018086074,1062656.7185523876,18654767.4720825,319282.0636084936,4,4,0.616,592250.734789682,0.20356797453554865,1.8167064977727798,0.4208769816629209,0.5867778289421803,0.270805020110221,0.6630857250849773,0.18518518518518517,21.983649290030698,0,0,0,0,0,1
APP_0439,48,Business,23,750524,0.5753414329645133,3,7892.54947667851,0.1261926250461572,0.4125460022565476,710768.4069407921,1444654.9094295132,1270281.2252818714,46729.45834965163,0,2,0.8,239285.96079814053,0.12619262504615725,0.9470295512745657,1.924861709191862,0.5363098029335118,0.31780538303479455,0.758188037443588,0.8333333333333334,45.51599207031285,0,0,0,0,0,1
APP_0440,38,Business,21,390339,0.6172677767769594,1,7877.414292114531,0.2421714753211295,0.4361039784184697,915061.2214145414,93161.48201742824,1054518.7360557085,17339.343955009314,1,8,0.8,142979.24351856002,0.2421714753211295,2.3442731098213128,0.23866813722796912,0.4797143762603167,0.3091042453358316,0.808067867087728,0.35714285714285715,21.331506888862066,0,0,1,0,0,1
APP_0441,51,Business,11,2937256,0.6944593566458144,3,58109.23531317457,0.2374021276177816,0.5538013287303104,8064837.919008723,2207908.924648826,23801787.74094594,205650.24271645088,2,4,0.8,1193465.610838018,0.23740212761778162,2.745704807142695,0.7516910084271939,0.7199417273494035,0.24849066497880004,0.8670260239794825,0.29411764705882354,29.46389613829165,0,0,0,0,0,1
APP_0442,28,Salaried,12,1492784,0.8367779611562501,1,35526.89939300683,0.2855890689584575,0.228631905983759,2744172.457533664,788346.5731594419,3848746.617181689,194331.45904735345,5,2,0.5599999999999999,221112.74210410804,0.2855890689584575,1.8382917136931158,0.5281049188358409,0.2514950965821349,0.2564949357461537,1.05140727053682,0.16129032258064516,16.572039267183428,0,0,0,1,0,0
APP_0443,32,Salaried,11,830468,0.8322665913263124,2,10751.02937565973,0.1553489749248818,0.5499897939391993,487254.44519112806,639874.5776243567,3400453.486515957,73314.57346805124,4,2,0.5599999999999999,192283.2574929557,0.1553489749248818,0.5867227216354249,0.7704987761411116,0.6599877527270391,0.24849066497880004,1.039077070044627,0.1923076923076923,17.473195409661557,0,0,0,1,0,0
APP_0444,32,Salaried,13,2394706,0.9305554497511324,3,75501.76489289636,0.3783433869187935,0.2248426139610665,7005414.042457416,2833085.809527029,13330565.062727358,293524.2885954149,2,7,0.7200000000000001,962771.208852016,0.37834338691879354,2.9253754082786845,1.1830620583599945,0.2922953981493865,0.26390573296152586,1.1761343677790475,0.27027027027027023,21.718035037416957,0,0,1,1,0,0
APP_0445,61,Business,5,4941505,0.7914175150003457,3,83019.47842673211,0.2016053289677507,0.1898524983623059,8387972.899250773,1344809.0615919123,35094939.28387757,278089.01939183136,0,6,0.8800000000000001,1943828.660995861,0.20160532896775077,1.6974530834737136,0.2721456442099952,0.24680824787099767,0.1791759469228055,0.9332204976618264,0.625,19.53915343179019,0,0,1,0,0,1
APP_0446,39,Self-Employed,12,975787,0.6305465878696251,1,22364.17873433232,0.2750294324601453,0.2777150856332978,2770418.045557824,683313.2935244237,1173811.083849894,106329.75632688055,3,10,0.63,288084.0936648279,0.27502943246014533,2.839162691814734,0.7002689045093076,0.3054865941966276,0.2564949357461537,0.7922785944102011,0.2,25.73856597574838,0,0,1,0,1,0
APP_0447,30,Business,13,1831165,0.6961861441068584,0,56847.614823224205,0.3725340850653493,0.3888518953177809,1592866.060626261,3180454.03359415,7922846.128493794,161637.96098975465,2,5,0.5760000000000002,359187.0427670148,0.37253408506534935,0.8698648459457563,1.7368473259341184,0.3888518953177809,0.26390573296152586,0.8799136587450375,0.2857142857142857,13.994489505155531,0,0,0,0,0,1
APP_0448,53,Business,3,2009382,0.7911413427823928,3,53995.15914288851,0.3224583029581543,0.4324878204088539,3227591.7569558173,994287.6632877908,15174864.9887229,309207.95808384084,5,6,0.504,259083.3768369312,0.32245830295815436,1.606260908555873,0.49482261873938893,0.5622341665315101,0.13862943611198905,0.9008168210171977,0.15151515151515152,13.03166026751633,0,0,1,0,0,1
APP_0449,62,Business,3,1404933,0.5831135162807439,3,46423.05223933285,0.3965147283692491,0.5202408372559448,1880561.624538936,2640817.987889987,8873711.400011899,124530.75737720252,0,6,0.7920000000000001,506862.9338561682,0.3965147283692491,1.338541855404447,1.879675392271366,0.6763130884327283,0.13862943611198905,0.6639502142320226,0.625,16.232523119186084,0,0,1,0,0,1
APP_0450,42,Self-Employed,6,4862504,0.6848479858346194,1,64743.13390742658,0.1597772684380555,0.7658269785748096,5950041.512990641,5266354.954074267,40870284.45917971,386159.54351891874,4,4,0.504,974497.6255084922,0.15977726843805556,1.2236579163720258,1.0830541124643327,0.8424096764322907,0.19459101490553132,0.8181132504541869,0.18518518518518517,28.874095187459705,0,0,0,0,1,0
APP_0451,54,Salaried,1,310262,0.7462071908921234,2,10000.98476090269,0.3868079788399232,0.7673944570813228,521659.9206402633,427188.3766865473,2802962.3613646086,29106.07013889192,3,10,0.504,50000.0,0.38680797883992324,1.6813529231432252,1.376863349964054,0.9208733484975873,0.06931471805599453,0.7979303319401666,0.2,15.81258112761367,0,0,1,1,0,0
APP_0452,32,Self-Employed,16,759728,0.7395565293597148,2,17367.365051201723,0.2743197310279741,0.55245967171233,2029130.7693419496,1010736.7260894964,4014681.131287164,97585.01337338625,0,5,0.7200000000000001,221542.34506917608,0.2743197310279741,2.670864795482001,1.330392885466241,0.662951606054796,0.2833213344056216,0.9490886721262994,0.6666666666666666,29.172219336568315,0,0,0,0,1,0
APP_0453,61,Salaried,28,1388577,0.7488541698045756,0,16644.541116997196,0.1438411362164045,0.4688351743120983,3100980.726287416,1170978.4268732416,2049532.647192574,120545.2821317394,5,5,0.77,234675.3303202716,0.14384113621640454,2.2332076120282967,0.8432938374128633,0.4688351743120983,0.3367295829986474,1.0010155221296686,0.15384615384615385,42.77637858495026,0,0,0,1,0,0
APP_0454,43,Business,21,844468,0.7055465972239221,1,23181.12609901879,0.3294068137433573,0.5790099904097826,775086.3417068955,659269.70670516,3247734.32399531,124382.55927319777,2,4,0.7200000000000001,288307.9546231854,0.32940681374335734,0.9178398017531695,0.7806923491537394,0.636910989450761,0.3091042453358316,0.9236340457080865,0.29411764705882354,10.312671626946031,0,0,0,0,0,1
APP_0455,48,Salaried,18,1774840,0.9469944450491312,0,20866.917210127573,0.1410848338563086,0.325134208041514,4343068.2884023,1671171.7874087268,16485009.249450613,110120.49707316048,1,2,1.0,712337.6375702651,0.14108483385630866,2.447019612135348,0.9415901080709961,0.325134208041514,0.29444389791664405,1.2258311807548066,0.45454545454545453,48.03648454032355,0,0,0,1,0,0
APP_0456,37,Business,20,4609495,0.8384278998735417,0,86506.34550472522,0.2252038772266165,0.8328249280238171,3648019.4618190215,2010744.1469211704,5330487.284949844,392696.2729457468,5,5,0.448,527839.2904441473,0.2252038772266165,0.7914141271048176,0.43621788220210034,0.8328249280238171,0.3044522437723423,1.093689155231374,0.15384615384615385,10.902405628403862,0,0,0,0,0,1
APP_0457,53,Business,17,3069282,0.5688828638490881,2,27784.1282482051,0.108627861167029,0.7516592867290788,3240838.349186819,5347509.898045358,7001750.538052177,214814.35271448104,1,3,0.6400000000000001,495185.2897687988,0.10862786116702902,1.0558946193887753,1.7422673765543075,0.9019911440748944,0.28903717578961646,0.7333111601711375,0.4347826086956522,51.518311524896106,0,0,0,0,0,1
APP_0458,30,Self-Employed,23,1137193,0.5310941190087985,3,31007.482397235053,0.3272002103133071,0.1340135526439606,875119.4298372498,1850780.842136498,6392517.490251929,55807.54325926007,0,4,0.6480000000000001,160137.88500064096,0.3272002103133071,0.7695434546618294,1.6274993269713216,0.17421761843714878,0.31780538303479455,0.6998786889279165,0.7142857142857143,14.651841325761302,0,0,0,0,1,0
APP_0459,44,Business,1,1009530,0.8129483256453083,1,23242.82259473448,0.2762809140261446,0.2600195418881286,2197243.6800934705,255074.3199191688,2332027.2215765947,136227.4100069243,2,9,0.8,273893.2556852812,0.27628091402614463,2.1765016196581284,0.252666409041008,0.2860214960769415,0.06931471805599453,0.8692976096315057,0.25641025641025644,17.584769018603023,0,0,1,0,0,1
APP_0460,35,Business,25,2228554,0.7019636916227202,0,24092.84257957143,0.129731705381542,0.5625069425299408,1192188.98381062,1316176.2737162467,6070419.930834543,171373.0516724187,4,0,0.5599999999999999,735605.3351613877,0.12973170538154208,0.5349607789672676,0.5905965364609728,0.5625069425299408,0.3258096538021482,0.9306702389719966,0.2,17.352077691694046,0,0,0,0,0,1
APP_0461,31,Salaried,30,2414748,0.955389043035558,3,42245.79645628017,0.2099389076936235,0.5715044569082605,3861579.454280578,4645844.573509244,6345080.801215762,207715.3184744966,3,6,0.5599999999999999,386353.3439623103,0.20993890769362356,1.599164572982596,1.9239459245889194,0.7429557939807386,0.3433987204485146,1.2834684179444997,0.2173913043478261,33.56319737276143,0,0,1,1,0,0
APP_0462,39,Self-Employed,4,2836374,0.5494461609897068,0,60489.99496435604,0.2559182743785807,0.4966528163091759,3979790.516029016,2039035.991964855,21270618.58323873,147342.99164027907,3,1,0.63,632411.679206513,0.2559182743785807,1.403126144869829,0.718888267895861,0.4966528163091759,0.16094379124341002,0.6378761092235272,0.24390243902439027,16.583531738156278,0,0,0,0,1,0
APP_0463,54,Business,24,2817303,0.7748186229949565,3,39386.37227995897,0.1677620289189723,0.4258257764016945,8345994.805247636,2733716.422848252,24541424.29340539,432486.9939157264,3,10,0.5599999999999999,547421.3346139231,0.16776202891897235,2.962405820477114,0.9703309948728455,0.5535735093222028,0.32188758248682003,1.0242231164165698,0.2,46.88470735233464,0,0,1,0,0,1
APP_0464,25,Business,16,1082245,0.6585479034127544,0,12244.281219729315,0.1357653531656434,0.4158491694964425,2421623.609121695,2120797.105721608,8303946.227925809,165821.70929575668,1,1,0.6400000000000001,239294.93040362064,0.13576535316564342,2.2375927900999266,1.9596275387935336,0.4158491694964425,0.2833213344056216,0.8451285741776803,0.47619047619047616,61.830507283733155,0,0,0,0,0,1
APP_0465,37,Self-Employed,7,3591422,0.5491048670794655,3,95041.0424493079,0.3175601500997919,0.3228146658230841,8201854.391544059,4480132.027173123,12414666.369133214,504067.7792833352,5,6,0.567,697320.8000261887,0.3175601500997919,2.2837345184008058,1.247453523193076,0.41965906557000937,0.20794415416798356,0.663288014213828,0.15151515151515152,22.23949094673385,0,0,1,0,1,0
APP_0466,63,Self-Employed,16,4490055,0.6115562532763901,3,49544.3895355426,0.1324110004056768,0.3005518882831417,7826994.079501284,5976567.870469178,9929646.295961192,242988.71254002227,0,1,0.99,1774745.5323757762,0.1324110004056768,1.7431844553131943,1.331067853393595,0.3907174547680842,0.2833213344056216,0.7848231870187592,0.9090909090909091,46.43499859208054,0,0,0,0,1,0
APP_0467,26,Salaried,13,1671352,0.7458209953518642,0,45690.78490653521,0.3280514331382154,0.6288644835448846,3008220.138747364,1814983.852683316,8681330.656390155,130970.5407077982,3,7,0.504,338560.1301787003,0.3280514331382154,1.799872282288449,1.0859375240424016,0.6288644835448846,0.26390573296152586,0.9426474317882928,0.2127659574468085,17.59364242810666,0,0,1,1,0,0
APP_0468,59,Self-Employed,26,4734285,0.7186480135252189,0,156710.14760183202,0.3972134696626807,0.8041005367931077,3777179.558336253,4782612.270833144,41074034.59147607,459160.2405953255,0,0,0.7128000000000001,913664.6372410388,0.3972134696626807,0.7978352715006073,1.0102079344258201,0.8041005367931077,0.3295836866004329,0.9555026751909383,1.0,9.103634916821141,0,0,0,0,1,0
APP_0469,44,Business,6,4322829,0.6722724471524008,2,113372.29900264971,0.3147169568890642,0.4899639413595863,3343513.627280001,6116994.29533615,30003490.81192953,550462.2906792277,4,7,0.504,850489.2367661397,0.3147169568890642,0.7734549822072538,1.4150442442521205,0.5879567296315036,0.19459101490553132,0.8030906249368117,0.17543859649122806,13.907729968492335,0,0,1,0,0,1
APP_0470,35,Business,2,3483173,0.6053563937386606,3,82749.13225136667,0.2850819029133494,0.3822110162166998,10256054.380130002,2705969.161070651,4365540.413566589,164776.63009141138,2,5,0.8,1459648.365101858,0.2850819029133494,2.9444573611847593,0.7768690102589366,0.49687432108170976,0.10986122886681098,0.6718615910571709,0.2857142857142857,26.107068413772954,0,0,0,0,0,1
APP_0471,62,Salaried,25,1731333,0.8141720133215562,3,29366.712832654277,0.2035429082630847,0.3858928645368195,2386076.656340868,2406954.557401843,5589652.529379483,212394.77268242108,4,1,0.77,752090.7396888405,0.20354290826308477,1.3781731511736148,1.3902320104808508,0.5016607238978653,0.3258096538021482,1.0794371151172504,0.19607843137254904,27.202177519014576,0,0,0,1,0,0
APP_0472,29,Self-Employed,4,3031945,0.5679116964927673,2,28099.38066299885,0.111213286506182,0.6262142292461903,4718260.053043841,3415691.24848418,14524695.200681604,134063.36277729316,3,9,0.504,319211.8670445572,0.11121328650618206,1.556182599962678,1.126567681301666,0.7514570750954284,0.16094379124341002,0.65931355801779,0.2040816326530612,48.24513986672297,0,0,1,0,1,0
APP_0473,45,Self-Employed,19,3474080,0.6289685475007851,0,99155.44578254416,0.3424979705103307,0.1800453465632435,7600516.622172853,2795736.115729036,19194002.620521218,476920.5011772095,2,2,0.81,1254852.3949421658,0.3424979705103308,2.1877782383171525,0.8047414324739315,0.1800453465632435,0.2995732273553991,0.817390685180633,0.3125,17.474670967142682,0,0,0,0,1,0
APP_0474,48,Self-Employed,7,4368733,0.7541776801566306,0,128191.05767304177,0.3521141466133318,0.5286672187690741,5322815.783993278,1247519.886491875,43539008.19547923,401574.3117177593,1,9,0.81,1759270.0822458602,0.3521141466133319,1.2183888976491073,0.2855564500032103,0.5286672187690741,0.20794415416798356,0.9110045199491732,0.3448275862068966,8.542373898449751,0,0,1,0,1,0
APP_0475,30,Business,28,994683,0.7367458621765317,2,9961.8275777423,0.1201809329534209,0.7409485371772269,1679194.9130669194,574459.7559873211,8117474.420966951,122454.19903969124,2,8,0.5120000000000001,265665.05885834724,0.12018093295342094,1.688170917837059,0.5775304855791454,0.8891382446126722,0.3367295829986474,0.9848299891232142,0.2631578947368421,37.704839656958434,0,0,1,0,0,1
APP_0476,52,Business,18,2828595,0.5800307941863365,3,41339.7834194721,0.1753794378600206,0.5122953859164036,6163227.402483128,3353617.532255194,25253891.660981115,339847.65246587835,4,2,0.5599999999999999,682293.5975969346,0.17537943786002066,2.178900621150475,1.1856124797842018,0.6659840016913247,0.29444389791664405,0.7508173221382481,0.1923076923076923,38.36838733192962,0,0,0,0,0,1
APP_0477,38,Business,27,4119957,0.6071743814264623,3,130599.47146643596,0.380390780194364,0.6812920548126606,2676753.1736293323,2311981.640983888,21268784.31314253,295456.16613145714,5,10,0.504,1051128.1911088272,0.38039078019436406,0.6497041531329896,0.5611664493061185,0.8856796712564589,0.3332204510175204,0.8094973026516721,0.14285714285714285,6.36645610506334,0,0,1,0,0,1
APP_0478,52,Self-Employed,11,740457,0.7535709953414143,3,11111.817763743244,0.1800804275804252,0.329635677612082,667492.9412920754,1063547.1381844992,2314052.8752643573,52925.71493292995,1,3,0.9,140667.20975531096,0.18008042758042522,0.9014607752942784,1.4363388261364256,0.4285263808957066,0.24849066497880004,0.9408263530825386,0.4347826086956522,25.963949917729128,0,0,0,0,1,0
APP_0479,44,Self-Employed,16,4896152,0.8965172423009065,3,119986.98403778988,0.2940766153610996,0.1296029877781301,4398684.45626159,2181603.573039643,16282504.173767297,695786.9685286537,5,8,0.63,834051.0518299493,0.29407661536109964,0.8983962214125685,0.4455751318667482,0.16848388411156912,0.2833213344056216,1.1505197037072472,0.14705882352941177,9.140280342447772,0,0,1,0,1,0
APP_0480,27,Business,16,367006,0.5221309091436386,0,5938.506722342853,0.1941714322602743,0.3383833400438534,241840.1606330645,704342.9627883488,3329096.451242483,46105.3767895304,0,6,0.6400000000000001,135590.1862657041,0.19417143226027433,0.6589542422550707,1.9191592583999957,0.3383833400438534,0.2833213344056216,0.6700617350566346,0.625,26.555023781245747,0,0,1,0,0,1
APP_0481,33,Salaried,4,2398194,0.9798806342198908,2,49749.60131300132,0.2489353304011334,0.172199030149441,4795316.697522364,3817309.931430403,9162762.941211963,349437.10010971094,5,6,0.5599999999999999,701492.1780523108,0.24893533040113347,1.9995532878167337,1.5917435918155092,0.20663883617932918,0.16094379124341002,1.1375863384572371,0.15151515151515152,28.853251756954233,0,0,1,1,0,0
APP_0482,40,Self-Employed,7,1410290,0.5427256052945681,1,45949.251138756925,0.3909770427820399,0.4515803301833603,1601757.7414613802,1778468.345926239,7634220.218038456,124817.41991995572,0,5,0.81,477836.41917174455,0.39097704278203993,1.135764801183714,1.261065699910117,0.4967383632016964,0.20794415416798356,0.655582222232854,0.6666666666666666,12.260722440575648,0,0,0,0,1,0
APP_0483,55,Business,8,2529799,0.8517734163530863,1,44039.45854431731,0.2088994036806117,0.6725369832977013,6459622.705067566,601924.1297197628,24542203.527627803,296981.9798418084,5,10,0.5599999999999999,736077.5420335851,0.2088994036806117,2.553413415479872,0.23793357880201663,0.7397906816274715,0.21972245773362195,1.03892716482635,0.14285714285714285,26.72431749541618,0,0,1,0,0,1
APP_0484,28,Business,30,2210546,0.6011931584856746,3,35512.522900150274,0.1927805505073422,0.8667868894375371,3110542.715980185,3674039.1686051935,4638795.232575357,331661.00120144,3,6,0.3584,160944.7368299961,0.19278055050734222,1.4071377460501546,1.6620505380142252,1.1268229562687984,0.3433987204485146,0.8076421198520564,0.2173913043478261,31.841264857758432,0,0,1,0,0,1
APP_0485,50,Self-Employed,10,957074,0.8745289618453613,1,15092.009838081298,0.1892268707090314,0.7875333898678226,861910.2923360779,947429.1116538722,3689194.119695328,137050.7347782488,5,6,0.504,248768.7876221596,0.18922687070903146,0.9005680776367113,0.9899225260051702,0.866286728854605,0.23978952727983707,1.0842318481987874,0.15151515151515152,19.981206649544323,0,0,1,0,1,0
APP_0486,42,Salaried,27,2362305,0.841327385016401,3,74402.60037105897,0.3779491659428853,0.3661777717911363,3675545.782856744,4378256.299232418,4496789.536506656,145776.8612131504,2,8,0.9,481655.57347844925,0.3779491659428853,1.5559149994842933,1.8533831572266992,0.4760311033284772,0.3332204510175204,1.1216748757049573,0.2631578947368421,18.041040774389206,0,0,1,1,0,0
APP_0487,51,Business,24,4794673,0.7951142082416067,3,123288.23565922928,0.3085630298272168,0.7095803561931778,10085268.584209343,2544683.129738248,23928509.58251248,584010.4334708838,0,6,0.5760000000000001,773368.064825402,0.30856302982721684,2.10343199300752,0.5307313198915229,0.9224544630511312,0.32188758248682003,1.0510515985334195,0.625,17.073745447561038,0,0,1,0,0,1
APP_0488,44,Self-Employed,19,889812,0.5443312798673583,1,18901.81415619734,0.2549097673153071,0.8757316694713076,2292648.181722385,1400290.7964138277,7672531.985672058,113349.44813692594,2,7,0.7200000000000001,250721.66720212263,0.2549097673153071,2.5765534536760404,1.5736928659242937,0.9633048364184384,0.2995732273553991,0.7073983581277178,0.27027027027027023,32.56247387701503,0,0,1,0,1,0
APP_0489,33,Self-Employed,6,2947943,0.8198114671760718,1,30786.27406802367,0.1253196852233181,0.3940796505325392,4373967.536730517,2591760.885825527,25093219.40064782,333015.81617850024,0,0,0.7200000000000001,1208233.1796331056,0.1253196852233181,1.4837354510350156,0.8791760511738276,0.43348761558579313,0.19459101490553132,0.9793394126050564,1.0,37.71014103647268,0,0,0,0,1,0
APP_0490,64,Business,8,946389,0.889651028699949,1,14080.292705219024,0.1785349496482189,0.7814646969363448,590979.6252000596,1242047.8220536944,6060234.686534361,57089.08684870563,2,2,0.7040000000000002,385694.9428205914,0.17853494964821898,0.6244574114873056,1.312407289236978,0.8596111666299794,0.21972245773362195,1.085127339251147,0.3125,21.697317018775713,0,0,0,0,0,1
APP_0491,32,Salaried,23,2125188,0.9320077961385004,3,61661.840245585154,0.3481772355890499,0.4953192241103193,2255270.490727012,1202137.3611419967,20220039.469123024,304631.2909223513,2,4,0.7200000000000001,762890.621434568,0.3481772355890499,1.061209874480287,0.5656616549415848,0.6439149913434151,0.31780538303479455,1.2282048907817111,0.29411764705882354,9.34507695007408,0,0,0,1,0,0
APP_0492,49,Salaried,14,1166568,0.8800248359491674,2,30915.259408726288,0.3180124201115712,0.2514905358453452,1109318.301859944,1897346.2812783332,1468660.1700694582,190946.9848428358,1,9,0.9,399376.4317167702,0.31801242011157127,0.9509246797957289,1.6264343624017916,0.3017886430144142,0.270805020110221,1.1183399793458755,0.3448275862068966,16.209172215935975,0,0,1,1,0,0
APP_0493,40,Self-Employed,19,4043359,0.5342954695532329,3,47159.54275619731,0.1399614808070141,0.3585967837238262,9027037.100549784,5807615.65836821,30001818.96688096,526539.602602491,5,9,0.63,770538.2734367297,0.13996148080701412,2.2325588948569206,1.4363344086855039,0.4661758188409741,0.2995732273553991,0.6943560877286633,0.14492753623188406,52.42718614275421,0,0,1,0,1,0
APP_0494,31,Business,2,637152,0.633145016226365,1,12810.988385609977,0.2412797270154056,0.3834413468643393,1284457.7569761511,896743.5126597898,5237540.153655907,83060.67175195344,0,0,0.6400000000000001,122929.661492916,0.24127972701540562,2.015936161192543,1.4074247787965661,0.4217854815507732,0.10986122886681098,0.7027031057598905,1.0,28.376697722063728,0,0,0,0,0,1
APP_0495,64,Self-Employed,10,3510956,0.7685048084583914,1,114228.17611595977,0.3904173431371732,0.54764831090644,6850637.998012184,2347161.768202376,19428649.179726675,554581.9528350905,3,2,0.6237,516480.5104940296,0.39041734313717325,1.951217274728645,0.6685249738824344,0.602413141997084,0.23978952727983707,0.9527842131909109,0.23809523809523808,13.420214519981672,0,0,0,0,1,0
APP_0496,58,Self-Employed,5,2384443,0.5467368224658656,0,78200.78488263526,0.3935549805936326,0.4993684939842197,6994593.586972551,1682942.6572252803,10122747.101413311,227541.2412713081,2,9,0.8910000000000001,1129905.473159642,0.3935549805936326,2.9334287240133445,0.7058011691725407,0.4993684939842197,0.1791759469228055,0.6446989103487529,0.25641025641025644,18.49413714798641,0,0,1,0,1,0
APP_0497,41,Business,11,3855548,0.8570687239318604,2,103155.43461413065,0.3210607714829558,0.4930198238115036,11085189.170058915,4627484.518319705,35878477.55155971,467478.21925025206,3,0,0.504,535482.6533444149,0.3210607714829559,2.8751267446440596,1.200214474912439,0.5916237885738043,0.24849066497880004,1.0700423010742202,0.25,25.386727881658043,0,0,0,0,0,1
APP_0498,28,Salaried,6,450417,0.8410742594157694,1,11702.916866806072,0.3117888587723662,0.4491438932181837,1345847.959095413,841816.4974024981,615776.5108704397,38840.21514989035,5,8,0.504,89460.12291659243,0.3117888587723662,2.9880043583954716,1.8689714140507534,0.4940582825400021,0.19459101490553132,1.0047397531664022,0.14705882352941177,31.155544117708533,0,0,1,1,0,0
APP_0499,56,Salaried,28,920982,0.7370962702101564,0,12365.72702602554,0.1611201134357745,0.3272931586543021,2382934.228168463,1427417.0829151196,7739146.032904661,103216.83838406374,5,9,0.77,202080.04344463715,0.16112011343577454,2.5873841488416307,1.549885972706437,0.3272931586543021,0.3367295829986474,0.9852983899078808,0.14492753623188406,51.35634568923339,0,0,1,1,0,0
APP_0500,25,Business,25,4988115,0.5722275388730138,0,72264.16495141413,0.1738472307508888,0.4984886209780484,3670070.754504132,3948512.0109882057,17750363.1707527,819714.2770224182,0,6,0.6400000000000001,1115496.782720454,0.1738472307508888,0.7357630596937184,0.7915839973593644,0.4984886209780484,0.3258096538021482,0.7586647952092858,0.625,17.571140483010247,0,0,1,0,0,1
APP_0501,31,Self-Employed,5,442216,0.5324252946979796,3,8704.898675444734,0.2362166545428858,0.8641612247784044,878024.5768828413,93064.20213305455,4301848.337781702,54696.92815631475,3,5,0.4032,103230.74344121983,0.23621665454288587,1.985510648377357,0.21044964934116936,1.1234095922119258,0.1791759469228055,0.6278231010411439,0.2222222222222222,18.592764358364438,0,0,0,0,1,0
APP_0502,61,Salaried,7,504188,0.940467388876477,2,8275.038237900559,0.1969512540060586,0.1444280191886424,341239.5925248116,964723.5741597972,2234822.571532726,46145.29181634998,1,3,1.0,295464.112566111,0.19695125400605865,0.676810222624917,1.9134203395554776,0.17331362302637088,0.20794415416798356,1.136032084578968,0.4347826086956522,26.3032654983828,0,0,0,1,0,0
APP_0503,50,Salaried,1,1173349,0.7488822051625763,3,18136.13934387408,0.1854807666998386,0.7020468530323055,2505288.7274035094,489384.5914006991,6356742.439916271,112302.95654980616,2,10,0.8,414338.1078746464,0.18548076669983865,2.1351607470611977,0.4170835713847279,0.9126609089419973,0.06931471805599453,0.8007907640705717,0.25,27.520312362911383,0,0,1,1,0,0
APP_0504,47,Business,4,3282451,0.705061290263746,3,63907.33084075816,0.2336327244760387,0.4104716210153084,3844401.71688642,4203550.568338622,5947804.970238067,310138.149485886,2,9,0.8,720937.4043704305,0.23363272447603875,1.171198508945425,1.280613349091463,0.5336131073199009,0.16094379124341002,0.8185365273777636,0.25641025641025644,20.98859963676317,0,0,1,0,0,1
APP_0505,65,Self-Employed,3,539219,0.7053365836791541,3,13612.224607136572,0.3029320096021076,0.6180884938611777,1231624.028836003,1011144.3869822448,3098087.293992313,66091.98686749913,0,4,0.8910000000000001,186070.08665962145,0.3029320096021076,2.2840887076234386,1.8752017028002441,0.8035150420195311,0.13862943611198905,0.803116996543752,0.7142857142857143,27.46022393531004,0,0,0,0,1,0
APP_0506,30,Self-Employed,10,1446601,0.8936744932168417,2,42489.2494881632,0.3524613862827126,0.5184736456139791,1791910.567723641,413598.9850490815,2443009.176264987,68429.33325756679,0,8,0.6480000000000001,346804.62976043444,0.3524613862827127,1.238704084763968,0.2859108939155175,0.6221683747367749,0.23978952727983707,1.1079682774873563,0.5555555555555556,8.651245430082813,0,0,1,0,1,0
APP_0507,31,Self-Employed,22,4968740,0.8251299031179558,2,73064.51896080522,0.1764580613052127,0.1654156492271826,8738082.900103534,2012756.4967878608,34553636.10818823,318549.35554253205,1,6,0.7200000000000001,780263.6527794368,0.17645806130521272,1.7586114186098556,0.405083883799084,0.19849877907261912,0.313549421592915,1.0838489069796087,0.3846153846153846,24.5236209261812,0,0,1,0,1,0
APP_0508,51,Business,10,2833572,0.7348833552720984,3,77263.54594811752,0.3272062793454376,0.459958324574294,7139425.992341835,2307666.375053219,26247398.23906264,404966.7933479373,1,2,0.7200000000000001,471867.6966053753,0.3272062793454376,2.519585171063885,0.8144018839306779,0.5979458219465822,0.23978952727983707,0.9111006876386154,0.45454545454545453,20.378502892206495,0,0,0,0,0,1
APP_0509,63,Self-Employed,28,1091966,0.6735195682477235,0,9259.33669628271,0.101754120875002,0.1933426082927262,1014805.9112804004,1156190.8244258454,7890825.935605198,164083.43213103342,5,9,0.6930000000000001,371074.7704622017,0.10175412087500207,0.9293383780084731,1.0588157730422425,0.1933426082927262,0.3367295829986474,0.9003135316052086,0.14492753623188406,39.07761442886477,0,0,1,0,1,0
APP_0510,44,Business,27,3226012,0.776264916878352,3,91777.95000012306,0.3413922204881683,0.1701081044977276,2702704.037561176,1753156.0583597294,26916921.5121512,415093.2929247552,1,0,0.7200000000000001,658939.0505221034,0.3413922204881683,0.8377848679921761,0.5434437498557753,0.22114053584704588,0.3332204510175204,1.0349322625896344,0.5,8.091740437862853,0,0,0,0,0,1
APP_0511,34,Business,8,3855658,0.836835883933482,1,40429.16518378091,0.1258280641606104,0.7157769171203706,3356019.1530099623,3699051.213542745,7896886.413556884,595578.0305143917,5,7,0.3584,809148.212791219,0.12582806416061043,0.8704141168666832,0.9593826043551438,0.7873546088324077,0.21972245773362195,1.0207075210710346,0.14925373134328357,29.08407966741384,0,0,1,0,0,1
APP_0512,55,Salaried,28,2185407,0.8755678808151848,1,34319.890508330674,0.1884494220527197,0.7635606100191982,3232945.750462019,1750358.2487662446,4204661.210616285,322610.5635555396,3,6,0.5599999999999999,660189.6934326846,0.18844942205271975,1.4793334836312042,0.800930100785,0.8399166710211181,0.3367295829986474,1.1703974882090913,0.2173913043478261,24.20027145297679,0,0,1,1,0,0
APP_0513,62,Business,24,4849843,0.8996105470978455,0,99522.3971260346,0.2462489539377697,0.4888807684979184,9591040.733266056,6308149.701019513,34472738.62541037,697178.614051047,3,3,0.616,1451078.5399221112,0.24624895393776977,1.977598188903446,1.3006915277503857,0.4888807684979184,0.32188758248682003,1.1891840112828165,0.23255813953488372,26.62581638809558,0,0,0,0,0,1
APP_0514,58,Salaried,14,1624771,0.865976705544093,2,49807.78270438504,0.3678631588406122,0.4337099664756095,2735050.02341413,1772007.4890775017,15355191.256232396,138125.32607200532,5,6,0.6930000000000001,234564.41903730985,0.36786315884061227,1.6833449288632858,1.0906198406283112,0.5204519597707313,0.270805020110221,1.100487544703944,0.15151515151515152,15.081503558194042,0,0,1,1,0,0
APP_0515,43,Business,7,4136274,0.6375389559212645,1,86961.9840428522,0.2522907835685514,0.5701269680802236,9151238.239335531,7689846.570103308,35907342.550279155,542127.2125788283,3,2,0.5599999999999999,1281545.248401386,0.25229078356855145,2.2124352108529393,1.8591240740104036,0.627139664888246,0.20794415416798356,0.7701114548594513,0.23809523809523808,32.27671837451038,0,0,0,0,0,1
APP_0516,49,Self-Employed,27,3222042,0.8183890654812003,1,76940.40651716456,0.2865527135294868,0.3259657722157093,7646343.07296293,4513119.43054851,6965632.671990431,214595.0680256268,4,7,0.63,487906.5345237256,0.28655271352948686,2.37313575458139,1.4007016142398236,0.35856234943728027,0.3332204510175204,1.091093038988653,0.17543859649122806,26.33956818861447,0,0,1,0,1,0
APP_0517,51,Self-Employed,10,2168964,0.5837731765414194,0,72258.74047745627,0.3997783668744503,0.3870294027382499,2498689.9538540407,3076610.679381969,5579514.904883369,323391.17819405906,4,0,0.567,642850.0546074989,0.39977836687445034,1.1520200214729432,1.4184701449087993,0.3870294027382499,0.23978952727983707,0.7237558705829352,0.2,12.859576102020549,0,0,0,0,1,0
APP_0518,46,Self-Employed,4,2101615,0.548275213128273,1,43067.27347027968,0.2459095893602568,0.8949302574415458,5174626.947547472,3330792.917738373,16667601.80624407,233898.10743888863,1,8,0.7200000000000001,668387.9073759054,0.24590958936025684,2.4622145100541593,1.5848730227650512,0.9844232831857004,0.16094379124341002,0.6365167045739258,0.35714285714285715,32.915247781494514,0,0,1,0,1,0
APP_0519,31,Business,2,3872756,0.8195947541509141,0,126638.45217639409,0.3923979269844857,0.7253219164047988,7838998.858314116,6758336.188057157,7423346.552222406,433654.8538234148,4,1,0.32256,333308.6738545643,0.3923979269844858,2.024139620031346,1.7450973384476474,0.7253219164047988,0.10986122886681098,0.9096364410147254,0.19607843137254904,19.211299037408104,0,0,0,0,0,1
APP_0520,32,Salaried,30,1816821,0.7471097642071901,2,47305.326667851215,0.312449008468206,0.7095717519873179,3172128.5894531803,3210117.1924334653,4339770.5420323815,158306.48153683075,1,1,0.5760000000000001,564515.915471788,0.31244900846820606,1.7459775010599174,1.7668868823254824,0.8514861023847815,0.3433987204485146,1.0036663012705307,0.47619047619047616,22.486001159724335,0,0,0,1,0,0
APP_0521,53,Self-Employed,25,255260,0.5981264258468549,3,4305.300691971789,0.2023960209341905,0.5040181825832235,182021.98884373804,222174.58826314955,1989396.100511818,22143.062824052096,5,3,0.63,50000.0,0.2023960209341905,0.7130846542495418,0.8703854433250393,0.6552236373581906,0.3258096538021482,0.793001789581935,0.15873015873015872,15.647245338775209,0,0,0,0,1,0
APP_0522,58,Self-Employed,26,2114129,0.5551977330498954,3,39467.76269281994,0.2240228256240935,0.4274474555138663,3481722.3906590245,3666539.977346174,17233250.911208443,183693.4191264053,0,7,0.99,540480.0072057651,0.22402282562409356,1.6468826597899298,1.7343028629502617,0.5556816921680262,0.3295836866004329,0.7381818487006829,0.588235294117647,30.186080488188846,0,0,1,0,1,0
APP_0523,25,Business,26,4539835,0.8774571361231243,0,76228.02460082388,0.2014910883787376,0.4213206945773656,11036028.38177826,4455076.743687404,20608110.639809918,210209.7204828425,5,2,0.448,1140996.7068431724,0.20149108837873766,2.43093160473415,0.9813301020163517,0.4213206945773656,0.3295836866004329,1.1666526938804413,0.16129032258064516,33.87010050128431,0,0,0,0,0,1
APP_0524,28,Business,23,4560216,0.8890644588939083,3,83832.29207080624,0.2206008454094443,0.6446965259360694,8591565.831403019,3410044.893355133,35041965.28724085,708295.1355576812,0,4,0.6400000000000001,1634624.845987206,0.22060084540944438,1.8840260705639862,0.7477814413517108,0.8381054837168903,0.31780538303479455,1.171613929795309,0.7142857142857143,23.860357443607725,0,0,0,0,0,1
APP_0525,64,Salaried,23,1994239,0.8338567152110026,1,60869.81256124133,0.3662739274153679,0.5994877445002887,4079153.365981583,1985980.601736224,8190849.13766881,285466.4412607553,5,6,0.6930000000000001,705045.195945222,0.36627392741536796,2.045468655452823,0.995858872349916,0.6594365189503176,0.31780538303479455,1.0988608679847707,0.15151515151515152,16.60684695339378,0,0,1,1,0,0
APP_0526,44,Salaried,2,1702965,0.8169980616683483,1,36349.91718231734,0.2561409108160227,0.5326321797605029,1761438.4988348458,1909038.9082872388,6488759.384356703,143483.7871874481,5,2,0.7,249583.2940318046,0.2561409108160227,1.0343362892571755,1.1210088923067936,0.5858953977365533,0.10986122886681098,0.9067544727050357,0.16129032258064516,16.829370792017528,0,0,0,1,0,0
APP_0527,59,Business,9,2224504,0.8328915946905546,2,58940.60144965548,0.3179527739198786,0.8895637601928388,1726448.1555155022,684929.9636392943,9691740.854746932,267030.256991596,2,1,0.6336000000000002,308799.904540866,0.31795277391987864,0.776104765608649,0.3079023295257254,1.0674765122314065,0.23025850929940458,1.0246719716920056,0.3225806451612903,6.818667324522446,0,0,0,0,0,1
APP_0528,32,Self-Employed,10,243733,0.6812588642209181,1,6938.596500222481,0.3416162686327653,0.8912000631188978,466503.27206495934,441110.4246813143,1620751.1269096124,26403.04718120876,4,3,0.36288,50000.0,0.3416162686327653,1.9139930664495959,1.809810016211651,0.9803200694307876,0.23978952727983707,0.8446176052276508,0.18867924528301888,21.80108750420376,0,0,0,0,1,0
APP_0529,43,Business,26,1374165,0.7857403915454916,1,15066.353814494949,0.1315680764492905,0.5131614600561204,1348589.2551100005,2200572.877217681,6992832.050699503,82430.41894418314,3,6,0.5599999999999999,179130.8789404353,0.13156807644929058,0.9813881557964295,1.6013891179135555,0.5644776060617325,0.3295836866004329,1.0447076065019223,0.2173913043478261,39.2614583022417,0,0,1,0,0,1
APP_0530,28,Self-Employed,29,1291050,0.6905012286149991,3,13278.643732429911,0.1234218076675256,0.6414579542056059,1945462.9357471415,1557191.1936298092,10340564.889873227,194520.5872705595,4,7,0.504,295793.1984356041,0.12342180766752561,1.5068842691972746,1.2061432118274344,0.8338953404672877,0.34011973816621555,0.9253543256949827,0.17543859649122806,43.96350259806725,0,0,1,0,1,0
APP_0531,53,Business,30,4306568,0.7926867841877714,3,124583.10832681708,0.3471435490910175,0.2154769450770967,3521954.137877741,6374026.500187071,9321422.99220321,558700.7661772012,4,1,0.504,1037044.3740838468,0.3471435490910175,0.8178099446886107,1.4800710217944013,0.2801200286002257,0.3433987204485146,1.0648944115943,0.19607843137254904,13.238793994587704,0,0,0,0,0,1
APP_0532,54,Self-Employed,2,1515666,0.8776278244227966,2,47555.183598556345,0.3765092066343615,0.1950128471946728,3987405.769823656,604152.1876307906,6557185.936006603,118018.07357514671,4,2,0.567,212350.7692267335,0.3765092066343615,2.6307944955047193,0.3986050934907761,0.23401541663360734,0.10986122886681098,0.9740450957015909,0.1923076923076923,16.092034593658315,0,0,0,0,1,0
APP_0533,44,Self-Employed,10,2666093,0.6943702162145906,1,31691.39019379356,0.1426419417197834,0.5716993953094301,1657317.0368255628,4824709.250673525,23998875.74739025,182932.2345800055,5,7,0.63,337329.04295923107,0.14264194171978348,0.621627616450575,1.8096552710927658,0.6288693348403732,0.23978952727983707,0.8608729221178856,0.14925373134328357,34.089312837868334,0,0,1,0,1,0
APP_0534,60,Self-Employed,3,574823,0.6670300617253078,2,12920.545317080165,0.2697291928210283,0.8202298303712799,1410255.441889069,606673.7051371814,4299849.325228787,67472.94242781246,1,8,0.7920000000000001,206953.87608824,0.26972919282102836,2.4533733721320634,1.0554095871897635,0.9842757964455359,0.13862943611198905,0.7595000630520324,0.35714285714285715,26.017079743014595,0,0,1,0,1,0
APP_0535,53,Business,15,1449756,0.846538221025062,2,15318.423232744575,0.126794494241055,0.599816344168796,2985009.4537959755,1300464.7939024258,13195968.714926183,121839.52670699538,0,10,0.8,644871.4940410646,0.12679449424105496,2.058973685086301,0.8970232190123205,0.7197796130025552,0.2772588722239781,1.0812484534809634,0.5,46.62658141100097,0,0,1,0,0,1
APP_0536,42,Business,3,1589277,0.7828834504628304,2,35535.34723744457,0.2683133065219812,0.1990252890820156,3017054.942136004,868330.2866642973,10438906.117136892,180817.78883233425,0,9,0.8,519631.9350927984,0.26831330652198127,1.8983820580905684,0.5463681200094743,0.23883034689841873,0.13862943611198905,0.8914141417419009,0.5263157894736842,18.223100522222957,0,0,1,0,0,1
APP_0537,55,Business,29,356565,0.5481132705755662,1,11550.121789649187,0.3887130298144525,0.3199700223610224,361739.6477974886,603822.5004062164,3048722.375603043,40687.90331555687,0,8,0.7200000000000001,113663.71851923606,0.3887130298144525,1.0145124950499589,1.6934429918982972,0.35196702459712464,0.34011973816621555,0.7345374126491558,0.5555555555555556,13.932928815074023,0,0,1,0,0,1
APP_0538,50,Business,2,4322774,0.8447897342856192,0,72762.00059875638,0.2019869665138812,0.2444064045842673,2421368.789311837,4972154.77485494,19184898.31911773,229300.6922416949,0,8,0.8,924251.9529744554,0.20198696651388126,0.5601423505628185,1.1502231610662368,0.2444064045842673,0.10986122886681098,0.9375993726283041,0.5555555555555556,16.9354047060409,0,0,1,0,0,1
APP_0539,34,Salaried,9,675929,0.7462682112458219,3,17100.021931994423,0.3035825703349509,0.1471309877304757,1962092.336428274,355960.5095322476,5015194.193883452,53344.11983697664,0,5,0.7200000000000001,125066.2226152766,0.30358257033495095,2.9028083370121327,0.5266241121955821,0.1912702840496184,0.23025850929940458,0.9181028171048179,0.6666666666666666,22.59307868316635,0,0,0,1,0,0
APP_0540,45,Self-Employed,13,1214738,0.5207512474136337,1,32963.95251195944,0.3256401216916843,0.5688232614784904,2104471.150207042,1888069.656194429,5424337.366968995,68088.29777316668,0,5,0.81,379730.5301572677,0.3256401216916843,1.7324486022558299,1.554301961570667,0.6257055876263394,0.26390573296152586,0.6581804870529576,0.6666666666666666,20.186398081120903,0,0,0,0,1,0
APP_0541,51,Salaried,16,421242,0.8222481369231819,1,13132.940006832425,0.3741205294865874,0.1148982660124286,794120.4300190359,528705.4069982715,806082.266432182,57726.56298019372,5,2,0.63,85412.05413936867,0.3741205294865875,1.8851881579211853,1.2551108555136274,0.12638809261367148,0.2833213344056216,1.055208576288794,0.16129032258064516,16.78763267946992,0,0,0,1,0,0
APP_0542,51,Self-Employed,3,4397931,0.5813827627387094,1,77693.69003787464,0.2119915661374622,0.8882469723712701,10797180.771922056,5134866.497930109,21170637.58747949,684332.3927004358,3,0,0.504,444199.0062801964,0.21199156613746228,2.455059156662998,1.1675641336642408,0.9770716696083972,0.13862943611198905,0.661979527302407,0.25,34.17705106228812,0,0,0,0,1,0
APP_0543,54,Business,10,1604099,0.5002171726828069,3,24327.61596612583,0.1819908818554902,0.3007111659019453,3529008.9660763605,3206008.988470431,13766294.292285578,109497.2951777601,4,4,0.5599999999999999,196002.5783322208,0.1819908818554902,2.199994492906211,1.9986353638213297,0.3909245156725289,0.23978952727983707,0.6201640120576738,0.18518518518518517,46.141101289475166,0,0,0,0,0,1
APP_0544,59,Business,3,2721937,0.5358860415080335,0,79196.8965358382,0.3491494323454431,0.6800590250282232,8157789.813518488,4847505.033537731,7887225.0667758435,285175.15615315165,2,10,0.7920000000000001,1246389.6563087285,0.3491494323454431,2.9970531329411694,1.7809027297610969,0.6800590250282232,0.13862943611198905,0.6101756212625782,0.25,27.369117174877886,0,0,1,0,0,1
APP_0545,65,Self-Employed,25,3997674,0.6092052556452998,2,67457.06470185028,0.2024889414249894,0.467839473241524,7990487.500913206,913765.572517154,28889613.08958792,489603.4425725564,0,9,0.99,1545922.3799970574,0.20248894142498947,1.9987841682221226,0.22857430909002435,0.5614073678898287,0.3258096538021482,0.8076902090815441,0.5263157894736842,21.999803659769295,0,0,1,0,1,0
APP_0546,25,Business,6,3665862,0.7223162618138438,3,100426.15887818,0.3287395724493066,0.5305051629611777,9048311.85795778,5016274.269870297,6223563.415831854,166925.41743746813,5,7,0.4032000000000001,693067.2130783414,0.3287395724493066,2.468263087360566,1.3683750970086428,0.689656711849531,0.19459101490553132,0.8628725162829692,0.14925373134328357,23.34150498392364,0,0,1,0,0,1
APP_0547,47,Self-Employed,27,3202834,0.6547004138743479,0,36680.23203282171,0.1374291594237667,0.3963845129981508,3146711.2017857805,694547.1879130986,24624348.66595881,437088.48669039056,5,5,0.63,558128.8713483692,0.13742915942376674,0.9824771442371913,0.21685394494784888,0.3963845129981508,0.3332204510175204,0.8728599810669154,0.15384615384615385,17.453808117778973,0,0,0,0,1,0
APP_0548,64,Business,10,2055121,0.593703177512047,3,66823.79241071435,0.3901889518566411,0.1294368343398353,3559664.168170637,3015449.9841465484,13264249.66175396,87463.05550232691,5,6,0.5544000000000001,278434.9900529413,0.39018895185664115,1.7320946884249817,1.4672858601252912,0.1682678846417859,0.23978952727983707,0.7360669817921981,0.15151515151515152,16.39913448767126,0,0,1,0,0,1
APP_0549,42,Business,17,4344067,0.5681908385508811,1,107860.11610358785,0.2979515263560746,0.5525656382571194,9582833.710344514,5287826.071662711,6899445.407458209,250641.65815406505,0,2,0.8,1055955.084488914,0.29795152635607464,2.2059590034740517,1.2172524207528823,0.6078222020828313,0.28903717578961646,0.7324191138351618,0.8333333333333334,22.978311043360367,0,0,0,0,0,1
APP_0550,61,Salaried,29,2493956,0.9186696599027202,2,32744.699630029867,0.1575554643146705,0.6423829735703319,7431685.575190837,3609688.237967568,14456150.253407748,182761.58654128405,4,7,0.77,385570.9076509136,0.15755546431467052,2.979878384057632,1.447374467700139,0.7708595682843983,0.34011973816621555,1.2311273440900796,0.17543859649122806,56.19929300472424,0,0,1,1,0,0
APP_0551,52,Business,22,635056,0.8415439246259908,2,12159.441125117026,0.2297644514836554,0.8960851812772507,752597.8740530303,904518.04390466,3301834.3080361728,55155.02451586888,0,3,0.6400000000000001,88922.41437571535,0.22976445148365549,1.1850889906607138,1.424312255776908,1.0753022175327007,0.313549421592915,1.1054095354375018,0.7692307692307692,22.713707273583562,0,0,0,0,0,1
APP_0552,51,Business,15,2852829,0.5020637136455145,1,47645.03641096071,0.2004117445986172,0.8040787671316839,7186796.254551992,5655666.05320573,8645931.999618296,364763.53552541294,0,3,0.6400000000000001,508946.0210935685,0.2004117445986172,2.5191822764533,1.9824763605549895,0.8844866438448524,0.2772588722239781,0.6412653326754522,0.7692307692307692,44.924100092279225,0,0,0,0,0,1
APP_0553,46,Self-Employed,3,1011397,0.5111491008995963,3,28860.02141912971,0.3424177222490837,0.5740246164633089,2089286.041222492,810882.0475229556,3290767.488302435,55775.25582139523,1,5,0.81,436656.16554294754,0.3424177222490837,2.065742770862967,0.8017445647188548,0.7462320014023016,0.13862943611198905,0.5820094125264575,0.4,16.74847503071664,0,0,0,0,1,0
APP_0554,46,Business,26,2185949,0.8774190308836425,3,59973.25431682444,0.3292295711390766,0.6002790060428154,4256777.560355505,773743.8818207276,3379876.1064199563,100192.15511531738,2,1,0.7200000000000001,807494.1883615267,0.3292295711390766,1.9473361731474546,0.3539624583285006,0.78036270785566,0.3295836866004329,1.1666020297756525,0.3225806451612903,13.97990237337348,0,0,0,0,0,1
APP_0555,28,Self-Employed,2,2728922,0.7442954558914459,3,27229.428803213475,0.1197370777319988,0.6420515659796593,5179890.001758774,1994433.1524297849,12097582.361883638,146394.24349905015,3,3,0.504,750726.118108585,0.11973707773199882,1.8981451290138647,0.7308501864215191,0.834667035773557,0.10986122886681098,0.8260646693156635,0.23255813953488372,43.91280237053597,0,0,0,0,1,0
APP_0556,64,Salaried,15,1910277,0.8392627279352352,3,57942.11606917963,0.3639814502452553,0.5953844434099074,2577042.3520020843,3605939.601831698,15370780.716697805,188021.4246626933,2,9,0.99,523841.12891261926,0.3639814502452553,1.3490411872215833,1.8876527340441716,0.7739997764328796,0.2772588722239781,1.0719557653821778,0.25641025641025644,17.784938870290393,0,0,1,1,0,0
APP_0557,31,Salaried,20,583302,0.8778659495474765,1,18048.870624187923,0.3713109975454483,0.2007853009543641,1033754.0629046296,489801.13162717526,3110512.586740274,69572.19549193257,1,3,0.7200000000000001,107123.26023710192,0.3713109975454483,1.7722450169974209,0.8397041869000539,0.2208638310498005,0.3044522437723423,1.1451342076185436,0.4347826086956522,14.06879527492462,0,0,0,1,0,0
APP_0558,27,Salaried,5,1607225,0.8753566885795775,2,25897.27965166155,0.1933564720682783,0.8081775280305368,3919602.547918663,747900.1551631062,6072208.122323647,135857.45330198068,2,0,0.6400000000000001,418724.2715819186,0.1933564720682783,2.4387391609256097,0.4653363126899508,0.9698130336366441,0.1791759469228055,1.0321995521510348,0.3333333333333333,30.038564962956805,0,0,0,1,0,0
APP_0559,34,Salaried,8,2426964,0.9457551363896765,0,45832.87983975585,0.2266183421250048,0.2563257037193225,2429220.490913201,4454207.983291649,19579226.912818383,204740.2778604954,5,7,0.5599999999999999,649530.9799353542,0.2266183421250048,1.0009297587080819,1.8353003931214675,0.2563257037193225,0.21972245773362195,1.1535587793714128,0.14925373134328357,25.03089666294583,0,0,1,1,0,0
APP_0560,54,Business,23,2977849,0.8408034729314171,2,70681.96111461805,0.2848309411845317,0.4349562306917849,2697037.739737604,3030687.2651201696,24128684.041329045,139782.27308156277,1,0,0.8,1085144.423104546,0.2848309411845317,0.9056999665656666,1.017743769116624,0.5219474768301419,0.31780538303479455,1.1080153427033714,0.5,13.505862303324415,0,0,0,0,0,1
APP_0561,39,Self-Employed,20,1987935,0.5956076159499473,2,56686.19715496781,0.3421813921781214,0.4007294428665421,2983455.9054077994,3353550.490101276,2108261.716480419,85288.72941529633,2,0,0.81,679317.3080011809,0.3421813921781214,1.5007814165995363,1.686951781673584,0.4808753314398505,0.3044522437723423,0.7769416910338042,0.3333333333333333,18.631832537601905,0,0,0,0,1,0
APP_0562,34,Self-Employed,15,1830774,0.7525338309576701,2,17265.945341524643,0.1131714477583228,0.1237484586186579,1820819.1405436564,940036.3515942002,16419186.893326972,240785.6866034209,2,8,0.7200000000000001,393319.28810178494,0.11317144775832283,0.9945624858904794,0.5134638964690346,0.14849815034238947,0.2772588722239781,0.9611805122393836,0.2631578947368421,26.65029761888172,0,0,1,0,1,0
APP_0563,37,Salaried,6,1398020,0.973194685059466,0,40709.610872172816,0.349433720881013,0.209794827574031,2987810.587727141,2506678.86139344,5655619.328700275,94990.34084846322,3,3,0.63,306375.3069700529,0.34943372088101304,2.137172993038112,1.793020744619848,0.209794827574031,0.19459101490553132,1.1625696265258565,0.23255813953488372,22.494644922928,0,0,0,1,0,0
APP_0564,48,Business,6,4620181,0.8908407384128059,3,139959.27814808546,0.3635163509345251,0.1523020155340035,3978348.294711134,8609614.155361036,37673339.57357634,303207.8246728599,3,5,0.504,761863.4319145879,0.36351635093452517,0.8610806145281178,1.8634798410194398,0.19799262019420455,0.19459101490553132,1.0641903418197467,0.2222222222222222,14.990029738927985,0,0,0,0,0,1
APP_0565,52,Business,8,587513,0.8052329499007106,1,17445.739779878775,0.3563306298899689,0.3353461968278156,511968.9907448629,378892.4018340797,3915851.85561426,45048.046899083005,1,8,0.7200000000000001,248456.12246057703,0.35633062988996894,0.8714172975659481,0.6449089668383162,0.3688808165105972,0.21972245773362195,0.9821607127009891,0.35714285714285715,8.510782611489164,0,0,1,0,0,1
APP_0566,56,Salaried,24,641448,0.9353995668977512,0,8030.397755512838,0.1502300623996864,0.410492675014186,1735793.707046372,995556.3440236872,2802098.1240355605,68332.30881210725,1,5,1.0,311098.91198041366,0.15023006239968642,2.706055217330745,1.5520452850795188,0.410492675014186,0.32188758248682003,1.2364930721456866,0.4,56.68772859964082,0,0,0,1,0,0
APP_0567,58,Business,16,4350616,0.6895032622466548,3,105658.94421233494,0.2914316801455286,0.7324995850562014,9242201.314286992,2492725.791371487,39390310.31301101,427129.0148689787,1,6,0.7040000000000002,880373.2223238602,0.29143168014552867,2.1243431537710964,0.5729592755075343,0.9522494605730618,0.2833213344056216,0.8848542465834063,0.3846153846153846,18.51070156773424,0,0,1,0,0,1
APP_0568,52,Self-Employed,19,1518767,0.8741995627952563,2,22320.656993053388,0.1763587725547372,0.1678071328063625,3613233.0803956906,1110349.943962541,8610477.103591217,106980.222074096,0,7,0.9,553460.4917770503,0.17635877255473725,2.3790568799530742,0.7310864299543912,0.201368559367635,0.2995732273553991,1.1360863471745102,0.588235294117647,35.27063910520421,0,0,1,0,1,0
APP_0569,46,Self-Employed,15,4122101,0.6730022651223921,2,117257.0581889326,0.341351339588038,0.3536163405955997,6001479.44751854,2156758.742789068,12795469.760691112,504281.4437640749,2,1,0.81,1061126.796767803,0.34135133958803804,1.4559273165598174,0.5232183158028073,0.42433960871471965,0.2772588722239781,0.8595981141544093,0.3225806451612903,11.595944722239373,0,0,0,0,1,0
APP_0570,57,Business,18,855645,0.8143493183744697,1,9235.456566755498,0.1295227329103377,0.1570789418234639,509710.6895952757,479633.4085241616,2369979.986385552,70866.08322063598,2,10,0.8800000000000001,405231.5714427857,0.12952273291033778,0.5957034629960739,0.5605518743452735,0.17278683600581032,0.29444389791664405,1.0541295059424105,0.25,17.854091113747053,0,0,1,0,0,1
APP_0571,37,Business,20,1356496,0.899362039133904,2,11593.53763123598,0.1025601635204466,0.3395793216338471,3466894.684316944,2183457.819493141,6286409.783128412,125321.88670876458,4,10,0.5599999999999999,155540.6080738899,0.10256016352044663,2.555772139628089,1.6096308573656988,0.40749518596061646,0.3044522437723423,1.1731748299118903,0.16666666666666666,81.22847807596102,0,0,1,0,0,1
APP_0572,57,Salaried,28,1967258,0.7682735477989755,1,39727.37782596185,0.242331475541867,0.5126602803886153,4849166.286377228,3076237.4114294127,14759536.418947812,195430.968145656,0,5,1.0,1059015.6389402703,0.242331475541867,2.4649366206045307,1.563718338636525,0.5639263084274769,0.3367295829986474,1.026973979178216,0.6666666666666666,33.24912663724557,0,0,0,1,0,0
APP_0573,52,Business,14,1958124,0.67547232046715,0,34660.434760847274,0.2124100501960893,0.5620067588910473,1607353.698816935,3716592.198364401,2128736.1006783023,279946.80019309587,2,5,0.8,454592.2030214368,0.21241005019608936,0.8208641019756333,1.898037202120193,0.5620067588910473,0.270805020110221,0.8583936157951542,0.2857142857142857,25.600495848344593,0,0,0,0,0,1
APP_0574,52,Business,25,3583702,0.8051366322596174,2,59078.478542434576,0.1978238543576488,0.1185918722604359,8828071.893170858,6665182.363697554,8540754.420938935,576067.0514013923,2,9,0.8,1295682.363008567,0.19782385435764885,2.46339452699216,1.8598595429244826,0.14231024671252307,0.3258096538021482,1.0674579196795508,0.25641025641025644,43.70811683914078,0,0,1,0,0,1
APP_0575,63,Business,19,3478988,0.8920688461700634,1,111503.82745525612,0.3846078024595294,0.1509673984914456,5100490.740832253,3668939.973581439,13775304.391582062,563279.2417290465,5,4,0.5544000000000001,457686.0471108208,0.3846078024595294,1.466084603003015,1.0545997783210057,0.1660641383405902,0.2995732273553991,1.1593087894404364,0.15625,13.107817185218238,0,0,0,0,0,1
APP_0576,31,Business,18,1690119,0.5128236616446817,3,15218.33168794082,0.1080515515506836,0.2591989878981771,4695764.560966302,1511996.3545349285,4821961.338613385,131921.99811564162,4,1,0.448,289138.34625713766,0.1080515515506836,2.778363275583732,0.8946094059264043,0.3369586842676302,0.29444389791664405,0.6638214595232279,0.19607843137254904,67.98556112888875,0,0,0,0,0,1
APP_0577,48,Business,1,1641378,0.6307088281503539,3,29726.93977153684,0.217331581913759,0.891676098768377,1350598.322293739,1564469.207505345,12619381.51067229,148201.2980821345,1,2,0.6400000000000001,575852.7871575808,0.2173315819137591,0.8228441725755671,0.9531437654856743,1.15917892839889,0.06931471805599453,0.6744262327490224,0.45454545454545453,16.343578990429325,0,0,0,0,0,1
APP_0578,44,Self-Employed,27,4182743,0.5635124999395295,2,96289.38805715916,0.2762475860185314,0.5019800169275525,9252603.221664645,2910326.4771916484,4462944.028659119,248886.4476276785,0,6,0.9,1663667.188407981,0.2762475860185314,2.2120898227944306,0.6957937595476577,0.6023760203130629,0.3332204510175204,0.75128638932339,0.625,21.05273478948714,0,0,1,0,1,0
APP_0579,40,Business,11,4975039,0.8516957565872628,3,99006.85653812467,0.2388086361649619,0.1312678321438474,3620617.924571349,6782661.949006262,46118923.95034467,422949.9390886749,5,4,0.5599999999999999,993038.8904768708,0.23880863616496195,0.7277566918714303,1.3633384480013648,0.17064818178700164,0.24849066497880004,1.0633342015012541,0.15625,17.512726285395548,0,0,0,0,0,1
APP_0580,36,Self-Employed,8,1706410,0.8599858481220499,3,33751.14675748401,0.237348445619639,0.8286664763634207,1635783.0505753118,2087805.396599284,7750449.134674068,272816.71295969386,1,2,0.7200000000000001,380269.3181407903,0.237348445619639,0.9586107972734055,1.2235074786242954,1.077266419272447,0.21972245773362195,1.04894405228756,0.45454545454545453,18.387466327836318,0,0,0,0,1,0
APP_0581,65,Business,10,759888,0.7792175970272355,1,23595.848487607254,0.3726209413114657,0.429022526695667,1827266.1979082415,317796.6543332349,3281643.646320976,103414.12672264024,4,5,0.5544000000000001,153362.80283238876,0.37262094131146567,2.4046519985948476,0.4182151242462506,0.4719247793652337,0.23978952727983707,0.9660658162665269,0.18181818181818182,15.151414265155461,0,0,0,0,0,1
APP_0582,35,Self-Employed,7,4445177,0.5178540660803541,0,45177.31460752423,0.1219586476062237,0.6555885712839488,10554363.126545267,3938782.535263884,34288392.583492234,660723.5959596211,3,0,0.63,572120.1289177054,0.12195864760622374,2.374340352824031,0.8860800222946992,0.6555885712839488,0.20794415416798356,0.6255387918338845,0.25,53.46763741831367,0,0,0,0,1,0
APP_0583,32,Business,30,1344882,0.6308441450306641,3,27505.94931544899,0.2454277711988025,0.1545897369536675,2516370.180529748,855517.7643108795,12843846.10388285,79615.18090844521,2,2,0.6400000000000001,230876.98025567245,0.2454277711988025,1.8710713508915637,0.6361284962627796,0.20096665803976776,0.3433987204485146,0.8474752172366314,0.3125,20.4312644401065,0,0,0,0,0,1
APP_0584,26,Business,4,1686768,0.6176578614835482,3,21159.9440017172,0.1505360120778947,0.6371137247299494,890658.2792549022,1166997.3171727308,8376358.1813213155,107799.985461671,5,0,0.448,420966.0772350319,0.15053601207789474,0.5280265449990171,0.6918540766559069,0.8282478421489343,0.16094379124341002,0.7170660594020074,0.16666666666666666,16.207160065110504,0,0,0,0,0,1
APP_0585,59,Salaried,15,500303,0.9509503423455145,0,9054.880463812477,0.2171855167083741,0.3466594007252853,315710.2747926251,104262.30416231725,3978252.989721976,68819.652688486,1,5,1.0,281922.0181819363,0.21718551670837416,0.6310381404721241,0.2083983189433548,0.3466594007252853,0.2772588722239781,1.2146097618052378,0.4,7.730132949358978,0,0,0,1,0,0
APP_0586,37,Salaried,1,2068665,0.7083832509576319,0,34673.40997880689,0.2011349927347747,0.2537214558122129,4493913.31337103,1235038.7918223434,18495053.586030204,292265.5160137656,5,2,0.7,708979.5281369876,0.20113499273477473,2.1723736387336903,0.5970221335123587,0.2537214558122129,0.06931471805599453,0.7574846362733489,0.16129032258064516,27.537682375317893,0,0,0,1,0,0
APP_0587,27,Self-Employed,17,1103317,0.8262497345421954,2,24697.404894650877,0.2686162351670558,0.2516380287687382,1122954.1541994635,1296468.9436557137,10426686.632273274,62632.17470155983,1,1,0.7200000000000001,272181.66398882365,0.2686162351670558,1.017798288433391,1.1750647761755812,0.3019656345224858,0.28903717578961646,1.065066624311192,0.47619047619047616,16.32710743075677,0,0,0,0,1,0
APP_0588,36,Salaried,13,1626407,0.7035944135245382,1,32207.301337266774,0.2376327795239453,0.1528130272505384,4127352.933254813,2228016.562596993,7027411.322979147,81455.4641403507,1,6,1.0,521448.3650954836,0.2376327795239453,2.5377122290145167,1.3699009919392828,0.16809432997559226,0.26390573296152586,0.8892770129333665,0.3846153846153846,32.88782994317537,0,0,1,1,0,0
APP_0589,63,Self-Employed,4,4697816,0.8165039092020132,1,68737.67873929105,0.1755820459701897,0.1757956540576645,6158299.942751244,6274276.503113086,21126496.514373977,738665.0536725725,5,2,0.6930000000000001,1083519.7987736498,0.1755820459701897,1.3108857270593919,1.335573062698302,0.19337521946343098,0.16094379124341002,0.9479151439140502,0.16129032258064516,30.144981796225448,0,0,0,0,1,0
APP_0590,65,Business,11,4244402,0.5270053933116949,0,99941.51790733192,0.2825599966468735,0.5680295315319989,6179545.83337105,5742953.993075478,13122966.449429477,488531.66802804975,0,3,0.8800000000000001,778708.1670379633,0.2825599966468734,1.4559284990844528,1.3530655185525495,0.5680295315319989,0.24849066497880004,0.6579613139431321,0.7692307692307692,19.882460723182373,0,0,0,0,0,1
APP_0591,32,Self-Employed,8,3794500,0.8028982974396519,0,37305.28049173224,0.1179769049679237,0.3996189027948765,4711011.48600194,1794825.2652860878,10774361.215449492,176083.79568951236,5,9,0.504,1138698.9337731742,0.11797690496792382,1.2415368259327817,0.4730070537056497,0.3996189027948765,0.21972245773362195,0.9793130846632327,0.14492753623188406,29.065754523812785,0,0,1,0,1,0
APP_0592,53,Business,29,2957250,0.5537068047467661,2,72226.05565637715,0.2930806214816217,0.708395105836436,5329503.160097463,5795090.7046016175,20205167.615100697,229847.9822078409,0,3,0.6400000000000001,1019705.1064277444,0.29308062148162173,1.802182148988913,1.9596215080232031,0.8500741270037231,0.34011973816621555,0.7420334181980881,0.7692307692307692,25.67077712606808,0,0,0,0,0,1
APP_0593,46,Self-Employed,8,1926521,0.7157247008504688,1,54654.68510155813,0.3404355422124635,0.657022438761605,2034618.3560125364,3411619.0313357064,10968160.572740473,124472.23448550592,5,0,0.567,246700.85560820912,0.3404355422124635,1.0561101363611072,1.7708704090615708,0.7227246826377656,0.21972245773362195,0.8729854911819951,0.16666666666666666,16.608022341324034,0,0,0,0,1,0
APP_0594,56,Salaried,7,518552,0.8903100877821726,1,16484.869974960395,0.3814823579882533,0.2004487996802293,484425.8655557223,616000.7708651084,4229879.396144301,34853.60831680933,4,1,0.6930000000000001,133140.13275426623,0.3814823579882533,0.9341895616172,1.1879247806683002,0.22049367964825226,0.20794415416798356,1.0754448659332596,0.19607843137254904,11.125622445433478,0,0,0,1,0,0
APP_0595,54,Self-Employed,6,1857054,0.5979699832916759,1,43602.91147756533,0.2817553704581471,0.3424805658182673,3604643.1646614927,3606225.157707245,5223166.872951116,277573.59678938583,3,1,0.63,679041.6829230218,0.28175537045814714,1.9410545760443652,1.9419064592129498,0.3767286224000941,0.19459101490553132,0.7143295692234468,0.24390243902439027,27.56264080392464,0,0,0,0,1,0
APP_0596,48,Self-Employed,13,1607323,0.6882853938382151,3,33698.56693849377,0.2515877662809063,0.6879424836244016,3858878.997770731,2692727.0923266285,13086867.923371088,70952.1416578555,3,6,0.63,548448.5632736966,0.25158776628090634,2.4008111610240945,1.675286854183402,0.894325228711722,0.26390573296152586,0.8699278551858018,0.2173913043478261,32.40299061804455,0,0,1,0,1,0
APP_0597,44,Business,18,1481768,0.7211408547361142,1,21879.23268041021,0.1771875166456034,0.4709209877601104,2421220.417436206,1296938.7689112506,9563668.826141609,75065.0671868073,1,7,0.8,329884.5868336719,0.17718751664560345,1.6340077646677522,0.8752643928815109,0.5180130865361214,0.29444389791664405,0.933476378951556,0.37037037037037035,28.323351498493118,0,0,1,0,0,1
APP_0598,37,Salaried,1,2400087,0.919110592585829,2,49489.0169728113,0.2474361153048767,0.8405528570164451,6841957.92356839,4672697.569806479,10460308.96276701,246874.2831731129,5,9,0.5599999999999999,307106.72196437675,0.2474361153048767,2.85071246316004,1.9468867461081532,1.008663428419734,0.06931471805599453,0.9828184841731937,0.14492753623188406,38.77848796128135,0,0,1,1,0,0
APP_0599,27,Salaried,13,980997,0.7582684601015244,3,31647.704116734814,0.3871290629847164,0.7170163030212282,2333736.4490600424,811717.7646432541,7241873.074712962,118739.02810277791,2,0,0.5760000000000001,260129.816439477,0.38712906298471633,2.378943512630561,0.8274416380919147,0.9321211939275967,0.26390573296152586,0.9583798538462248,0.3333333333333333,16.564941552058375,0,0,0,1,0,0
APP_0600,52,Business,8,2233003,0.6910902232960092,2,53831.340896386646,0.2892858141062236,0.6411404790178303,5010140.946842348,3040457.7037046035,7484973.103101284,220175.24119531244,5,2,0.5599999999999999,377289.34743134776,0.28928581410622367,2.243678556115844,1.361600366727946,0.7693685748213964,0.21972245773362195,0.8429382656742859,0.16129032258064516,24.925376544872385,0,0,0,0,0,1
APP_0601,63,Business,22,1554151,0.5049349549911339,0,37988.52956296769,0.2933192172160956,0.8335062824746831,2322161.609336261,1950597.4693666876,14156700.613932606,165491.8998220507,1,6,0.7040000000000002,291396.9837405984,0.29331921721609566,1.4941673037795304,1.2550887715329382,0.8335062824746831,0.313549421592915,0.6632570180706485,0.3846153846153846,18.745829894173095,0,0,1,0,0,1
APP_0602,52,Self-Employed,23,2735201,0.7002587287654979,3,62869.49106860691,0.2758239313393359,0.6871467495656549,6512939.260698297,5097804.890884282,24137496.82860997,151327.52711522128,4,5,0.63,905858.805374339,0.2758239313393359,2.381155630134055,1.8637770646048617,0.8932907744353514,0.31780538303479455,0.9228047222842751,0.18181818181818182,30.78001734023966,0,0,0,0,1,0
APP_0603,42,Business,7,3538416,0.7796035984399925,0,116799.46993406575,0.3961076479443879,0.7531115024788574,1783172.1604560744,1152514.0738189125,25713139.602552988,379625.7375496044,5,4,0.4032,703667.2811527593,0.3961076479443878,0.5039464439613868,0.3257146909291933,0.7531115024788574,0.20794415416798356,0.9417176093039131,0.15625,4.189069002813406,0,0,0,0,0,1
APP_0604,35,Salaried,12,1081818,0.9112141589842708,1,22171.984124155333,0.2459413778379209,0.502091002157231,839053.3077850889,1320646.4611176604,3151509.31314061,72248.42826557145,5,2,0.7,396562.04086077993,0.24594137783792097,0.7755956249434646,1.2207658414979787,0.5523001023729541,0.2564949357461537,1.1449359761439268,0.16129032258064516,16.23444972124272,0,0,0,1,0,0
APP_0605,37,Self-Employed,29,3629199,0.6762921799029034,0,109029.7868174306,0.3605085975746073,0.2329009060848343,4474127.203158519,3193373.4560256097,12669024.98874453,306433.7997129533,4,3,0.567,804909.4000041393,0.3605085975746073,1.2328139634003314,0.8799113677771899,0.2329009060848343,0.34011973816621555,0.906312499055338,0.18867924528301888,11.72080413832734,0,0,0,0,1,0
APP_0606,31,Salaried,2,1416023,0.9255396089446852,0,35352.982879122625,0.2995966834927621,0.7313657342649629,856195.9859802774,821184.3702186471,11506714.522606298,125494.88555235024,4,4,0.448,363404.46934896766,0.2995966834927621,0.604648360923712,0.5799230451896947,0.7313657342649629,0.10986122886681098,1.027220527748256,0.18518518518518517,7.907773826488468,0,0,0,1,0,0
APP_0607,55,Self-Employed,20,3802518,0.634620080503181,2,126697.85292094616,0.3998335405779417,0.7534777536368192,10846597.482628573,5312653.472444126,16753594.989331916,185646.00014910568,2,5,0.6480000000000001,1287476.4589714296,0.39983354057794174,2.8524776168393084,1.397140913585189,0.9041733043641831,0.3044522437723423,0.8278315879553589,0.2857142857142857,21.256938696447833,0,0,0,0,1,0
APP_0608,25,Self-Employed,28,3570612,0.7900880749089156,1,32047.47104415896,0.1077041281802412,0.1983156315625028,6521984.712715173,6826694.112690889,27718509.82018493,259704.434996579,3,9,0.504,853857.85403719,0.10770412818024123,1.826573347290373,1.9119114909967505,0.21814719471875307,0.3367295829986474,1.056134102905199,0.2040816326530612,69.4213843322853,0,0,1,0,1,0
APP_0609,55,Business,14,1776512,0.5012516438549203,2,15542.865037104171,0.1049890912334113,0.3881644897069602,1091463.5839568248,2937647.458217076,6981206.808247414,172685.7362853559,4,7,0.5599999999999999,358210.5550260604,0.10498909123341134,0.6143857086002373,1.6536040613387786,0.4657973876483522,0.270805020110221,0.6369931053493333,0.17543859649122806,43.20429376604146,0,0,1,0,0,1
APP_0610,64,Salaried,12,2094810,0.9817254258650916,3,69139.45526110103,0.3960614390485115,0.7856800001829847,5787974.494877302,3187672.2458208045,7635093.854134558,138364.89456500224,1,8,0.7920000000000001,913318.1670150476,0.39606143904851154,2.7630069051022774,1.521699937378953,1.02138400023788,0.2564949357461537,1.2335330258927235,0.35714285714285715,21.636576652221976,0,0,1,1,0,0
APP_0611,57,Salaried,5,2388449,0.9390462281266374,2,69604.62526967842,0.3497062333071131,0.8970437917038598,7089033.7160822665,2484573.280279855,21657684.504986346,384655.1002950359,3,10,0.5544000000000001,551202.7141424991,0.34970623330711315,2.9680490209681123,1.0402454815990858,1.0764525500446318,0.1791759469228055,1.1073007252555165,0.2,22.92378070966268,0,0,1,1,0,0
APP_0612,40,Salaried,6,675104,0.7316409031336607,0,8330.25359091671,0.1480705833338278,0.8431738872915554,1861006.064185312,1066229.4739611333,2014094.6844048288,49870.09079268122,3,10,0.5599999999999999,94226.94994830996,0.14807058333382786,2.756621297141347,1.579355882887871,0.8431738872915554,0.19459101490553132,0.8740116490208394,0.2,58.5663550774792,0,0,1,1,0,0
APP_0613,33,Business,21,4326849,0.5361767017708434,2,130375.95858750172,0.3615821821029623,0.8454239641187912,10452989.88822477,5543658.269189922,29404741.673258368,384193.7170787823,5,6,0.32256,644195.6825472558,0.3615821821029624,2.415843466740986,1.2812229567498015,1.0145087569425493,0.3091042453358316,0.7019111965383753,0.15151515151515152,20.449383882738054,0,0,1,0,0,1
APP_0614,60,Self-Employed,26,2157628,0.5894203342768369,0,33675.70957007189,0.1872929507963665,0.1891060178824628,2914080.8010094534,2731472.6357491426,5811371.107432968,343963.93408118625,4,5,0.6930000000000001,375254.92433827446,0.18729295079636651,1.3505946349460858,1.265960877291703,0.1891060178824628,0.3295836866004329,0.7836836610050564,0.18181818181818182,27.94077941654759,0,0,0,0,1,0
APP_0615,45,Self-Employed,19,214080,0.6243195654806045,1,6317.778729240261,0.3541355789932882,0.8838795985203891,278112.92777888133,183475.747539452,1522905.0777153096,30236.087499111774,4,10,0.4536,50000.0,0.3541355789932882,1.2991074728086758,0.8570429163838378,0.9722675583724281,0.2995732273553991,0.8113489926127496,0.16666666666666666,12.176976938165135,0,0,1,0,1,0
APP_0616,39,Salaried,13,338539,0.8614878829993948,3,5494.992041069553,0.1947778675214218,0.7529183682375544,420485.3716233165,201101.51940850413,2410339.552666944,20344.445826014657,2,2,0.8,135097.0950715474,0.19477786752142187,1.2420588813203692,0.5940276287473648,0.9787938787088208,0.26390573296152586,1.0888394741998235,0.3125,18.853132888579335,0,0,0,1,0,0
APP_0617,27,Business,11,2791169,0.7009511977146122,0,42341.04817046453,0.1820357628096236,0.7781354111821787,5400716.305774326,3728830.769155053,8209792.568841084,218000.2208928972,3,0,0.3584,592667.4223310081,0.18203576280962364,1.9349298827030275,1.3359387300285481,0.7781354111821787,0.24849066497880004,0.8751310269524026,0.25,35.936549634505724,0,0,0,0,0,1
APP_0618,46,Salaried,27,1183375,0.9544209846839116,1,30582.573911814197,0.3101222240978306,0.1420530433843007,3152013.6738567585,618001.5214979878,6375482.353801164,107264.24552778828,5,2,0.63,444650.7068765137,0.3101222240978307,2.663579739183909,0.52223641829343,0.15625834772273078,0.3332204510175204,1.2724535756608706,0.16129032258064516,20.545552107689943,0,0,0,1,0,0
APP_0619,60,Self-Employed,11,3743662,0.7711594744724679,2,102112.82836955423,0.3273142555162968,0.412850475739379,6812008.877725727,2656022.490324022,27206639.9562713,247280.81269639404,4,6,0.6237,557877.8363841225,0.32731425551629684,1.8196110860771424,0.7094717659671257,0.4954205708872548,0.24849066497880004,0.9627854050888335,0.17857142857142858,15.453545389002137,0,0,1,0,1,0
APP_0620,45,Business,28,654019,0.83992388824992,2,12931.032038521347,0.2372597500412926,0.2309555743763292,551928.2028829261,950106.4468307276,2367374.891983994,39090.4062399304,1,3,0.8,258535.0494101692,0.23725975004129263,0.8439023986809651,1.4527199467151988,0.277146689251595,0.3367295829986474,1.1227511088909181,0.4347826086956522,19.35956136678438,0,0,0,0,0,1
APP_0621,25,Self-Employed,24,1055200,0.7713271224066593,1,18726.87514259048,0.2129667377853352,0.8861604358381693,2319976.6105048303,530555.8825866842,1590169.0706561955,90868.1769864624,3,2,0.4032,245924.6928705334,0.21296673778533529,2.198613163859771,0.5028012533990562,0.9747764794219863,0.32188758248682003,1.0196077451446544,0.23809523809523808,25.36935528384512,0,0,0,0,1,0
APP_0622,32,Business,21,3039424,0.7373569561058921,1,72969.41846999298,0.2880917639789367,0.4231951966583789,1778008.541788639,1925595.945363476,16405695.416691914,388027.0920591168,1,10,0.6400000000000001,968881.0182266572,0.2880917639789367,0.5849820695594425,0.6335397579816031,0.4655147163242168,0.3091042453358316,0.9652771215661299,0.3333333333333333,8.459261804028078,0,0,1,0,0,1
APP_0623,30,Self-Employed,28,3405294,0.6100864161024496,3,59648.5249621901,0.2101969167849475,0.1960003084935405,2406155.12035105,3679737.519045353,23902200.894655123,358867.6876296326,0,9,0.7200000000000001,1052299.8305925396,0.21019691678494756,0.7065924764061635,1.080593193728751,0.2548004010416027,0.3367295829986474,0.8155205605897667,0.5263157894736842,17.0048704564338,0,0,1,0,1,0
APP_0624,61,Self-Employed,9,993170,0.8177374857451887,1,17809.852470434787,0.2151879634354818,0.899963352946023,2241428.22710083,732019.9458598235,2112599.6533790124,81758.04093321593,5,8,0.5544000000000001,150843.824408532,0.2151879634354818,2.256842461110213,0.7370540248495459,0.9899596882406254,0.23025850929940458,1.006028500211119,0.14705882352941177,27.825873140505802,0,0,1,0,1,0
APP_0625,26,Self-Employed,18,4699790,0.8133898222809919,3,46676.55139622829,0.1191794988190407,0.7697151516957375,8682648.016862476,7866930.022933021,32265496.267660584,638490.8805206973,1,10,0.5760000000000001,1513367.9551283307,0.11917949881904076,1.8474544643191453,1.673889689312293,1.0006296972044588,0.29444389791664405,1.0528874920791333,0.3333333333333333,59.09311900997606,0,0,1,0,1,0
APP_0626,36,Business,23,1709425,0.5021296011052184,3,48455.63050533315,0.3401538915506663,0.1984362425753066,1405215.686404386,976447.1849177178,4189616.668145242,191419.1770466552,0,1,0.7200000000000001,728590.0794334771,0.34015389155066633,0.8220399762518894,0.5712138203885622,0.25796711534789857,0.31780538303479455,0.6617090913175709,0.9090909090909091,8.191902731372542,0,0,0,0,0,1
APP_0627,57,Self-Employed,12,4766985,0.5686412794084886,0,69320.35395516653,0.1745011254413425,0.1369330104959881,13654964.10297562,8715550.77130034,17354549.50394037,516881.6402593053,1,9,0.99,1869684.731828945,0.17450112544134255,2.864486484219191,1.8283151239830502,0.1369330104959881,0.2564949357461537,0.7144948878329795,0.3448275862068966,53.78534489486369,0,0,1,0,1,0
APP_0628,45,Business,30,3153772,0.7424688534087225,1,80520.81699680294,0.3063790927060153,0.6300935972914892,1929600.3333563288,839285.3001926015,7174850.156628063,468894.3475126186,1,2,0.7200000000000001,1001062.6870178136,0.3063790927060153,0.6118388816174184,0.2661211083720071,0.6931029570206382,0.3433987204485146,0.9974317076421536,0.45454545454545453,5.731200404277377,0,0,0,0,0,1
APP_0629,38,Business,12,2526963,0.5513968459639085,3,25755.627704770694,0.1223078978430821,0.3039738968650963,3675355.947905348,4615719.989912871,11625380.159149176,131587.62124706825,2,10,0.8,748258.7018250893,0.12230789784308212,1.454455782655048,1.8265878803579123,0.3951660659246252,0.2564949357461537,0.692827344540053,0.25,53.652196152082595,0,0,1,0,0,1
APP_0630,34,Business,7,791883,0.7518272809167948,2,26304.22710095753,0.3986077807093855,0.6574423470829202,777287.4488399108,688824.2319914814,5476553.925912823,114213.43768034104,4,2,0.4032000000000001,117457.6569003354,0.3986077807093855,0.9815685509600671,0.8698560671102693,0.7889308164995041,0.20794415416798356,0.9081653689274528,0.1923076923076923,9.289455488176541,0,0,0,0,0,1
APP_0631,34,Self-Employed,26,3837528,0.6515767604884799,1,39416.970289524856,0.123257379092556,0.1996969791142354,2973989.5327960383,4555390.61904001,6115615.989407389,466984.3798710712,2,5,0.7200000000000001,1412534.3214689144,0.12325737909255602,0.7749753312017628,1.187063812704431,0.21966667702565895,0.3295836866004329,0.8663258313134404,0.2857142857142857,31.83645731153939,0,0,0,0,1,0
APP_0632,34,Salaried,9,341369,0.72938405657669,1,6076.0753457664505,0.213589705419055,0.1840021835728502,960642.9699786876,176254.43708628303,2579024.611845133,27304.52264899447,3,1,0.5599999999999999,78681.1394425423,0.21358970541905506,2.814089650726011,0.5163164701138153,0.20240240193013523,0.23025850929940458,0.8973309421507912,0.24390243902439027,31.18508089428461,0,0,0,1,0,0
APP_0633,61,Self-Employed,18,2473765,0.7429867777200524,0,31174.43290900532,0.1512242249801674,0.8572082445137078,3646102.8329366874,2031730.8970923775,18977919.238319177,402399.1944090951,4,8,0.5544000000000001,600487.3096489625,0.1512242249801674,1.473908327159891,0.8213111985545828,0.8572082445137078,0.29444389791664405,0.9617547006524717,0.1724137931034483,30.35518318596752,0,0,1,0,1,0
APP_0634,50,Self-Employed,19,1270153,0.6036244124457164,1,31464.746691577293,0.2972688804411181,0.2141361139941255,2437299.052929072,865311.8342565541,11769205.682266315,154407.23277293105,2,3,0.9,538744.89701295,0.2972688804411181,1.9189019377422027,0.6812658272322737,0.23554972539353805,0.2995732273553991,0.7844541257925862,0.30303030303030304,17.49370980989386,0,0,0,0,1,0
APP_0635,51,Business,15,1735992,0.6755840032882877,2,49119.99051189873,0.3395406696245056,0.501783396523116,2065062.192386268,1683872.5706705533,16448685.794931604,263593.25168308074,1,4,0.7200000000000001,567778.6672975062,0.3395406696245056,1.1895574359710575,0.9699771488984703,0.6021400758277392,0.2772588722239781,0.8628956621325587,0.4166666666666667,12.72032942184943,0,0,0,0,0,1
APP_0636,30,Self-Employed,14,2823427,0.8380982431475538,0,28942.000503030373,0.1230079637392305,0.2920293923906502,2072632.644172498,3488541.8565479387,4972806.226115398,218527.67269898145,3,0,0.504,832269.2915075625,0.12300796373923054,0.7340840206502587,1.2355700560163017,0.2920293923906502,0.270805020110221,1.0650594547374679,0.25,32.02482208131025,0,0,0,0,1,0
APP_0637,52,Business,17,1344444,0.691862379007951,0,24832.041509699106,0.2216414355052268,0.5930292856108189,3733811.406868429,2074007.974162942,9985778.026533924,174092.90175408663,5,5,0.5599999999999999,224127.7947912383,0.22164143550522689,2.7772160141057785,1.5426510692620459,0.5930292856108189,0.28903717578961646,0.8918363270714943,0.15384615384615385,38.98068132901937,0,0,0,0,0,1
APP_0638,58,Business,20,555307,0.7429494185705543,1,13991.730377722735,0.3023566505242557,0.8055444524509338,1004434.3258173371,336029.2822546287,930750.821502742,81403.99885778458,4,5,0.4435200000000001,143092.7354924184,0.30235665052425564,1.808791039582316,0.6051234402855155,0.8860988976960272,0.3044522437723423,0.9691420360637166,0.18181818181818182,15.967331796289908,0,0,0,0,0,1
APP_0639,52,Self-Employed,13,1630123,0.6493134795717251,0,27357.21034327573,0.2013875788019117,0.6432505384073568,4204602.3605686445,2822392.828506855,14215088.986849174,127026.94207085443,3,4,0.63,314152.73777645914,0.20138757880191172,2.579316015152626,1.7313986910845713,0.6432505384073568,0.26390573296152586,0.8206710293199001,0.22727272727272727,42.810134884011795,0,0,0,0,1,0
APP_0640,25,Business,21,4971792,0.6574485904498791,2,156915.01815625207,0.3787327019865322,0.8673079528985836,8893653.554909004,8989756.364980059,46827963.79419629,761819.7591292466,3,0,0.32256,548943.1222865408,0.3787327019865322,1.7888225321793438,1.8081521441323487,1.0407695434783004,0.3091042453358316,0.8606687408479953,0.25,18.99479320082374,0,0,0,0,0,1
APP_0641,64,Self-Employed,11,2702746,0.6415570977543713,0,46153.106419589945,0.2049165097404933,0.6779468726286751,4068092.795545578,583670.7539118535,13181925.631488822,179353.47020374011,4,8,0.6930000000000001,1047765.3264697832,0.2049165097404933,1.505170221524915,0.21595471935278177,0.6779468726286751,0.24849066497880004,0.8009780475972241,0.1724137931034483,16.798304275798305,0,0,1,0,1,0
APP_0642,51,Salaried,30,2344354,0.702073135574826,2,32787.464923748186,0.1678285698682785,0.4162870608229009,2926251.6895035906,2276402.068799159,6188246.754928432,335499.6767331093,0,7,1.0,1084291.5240340084,0.16782856986827852,1.2482123815360608,0.9710146457400031,0.49954447298748106,0.3433987204485146,0.9431641519924978,0.588235294117647,26.446355695193503,0,0,1,1,0,0
APP_0643,53,Salaried,5,1783683,0.9241273263855878,0,30883.136927478943,0.2077710238477057,0.7964112562490667,1776836.4128814489,965366.2045272122,2429923.4223766923,162288.25029347278,5,5,0.5599999999999999,559761.6589088237,0.20777102384770574,0.9961615448941594,0.5412207239331273,0.7964112562490667,0.1791759469228055,1.089708715167966,0.15384615384615385,14.798813042902209,0,0,0,1,0,0
APP_0644,35,Business,7,4220617,0.8838795413531151,2,47706.22899228739,0.1356376918131753,0.4912542673952798,7339311.050367009,6023350.854124078,9061267.50108536,572116.8951160529,3,8,0.5599999999999999,1159077.5766927586,0.13563769181317534,1.738918989893423,1.4271256676746735,0.5895051208743357,0.20794415416798356,1.0676771249661738,0.20833333333333334,46.68384746518605,0,0,1,0,0,1
APP_0645,49,Salaried,4,752479,0.9378138870473628,1,9196.710337918654,0.14666259663728,0.5000007451394137,1819842.152197349,470832.7947279021,5346207.431482351,63535.03118665665,4,0,0.7,196857.52424514177,0.14666259663728004,2.4184623786143518,0.6257088832085708,0.5500008196533551,0.16094379124341002,1.0887492095094844,0.2,41.51257827995017,0,0,0,1,0,0
APP_0646,43,Self-Employed,16,893023,0.8043599588541744,1,21230.42726362159,0.2852839480768794,0.6833988577797403,863687.7200029114,630518.8034903966,1817462.4766594053,66626.66718307331,5,3,0.63,262473.0987353781,0.2852839480768794,0.9671505885099392,0.7060499040790624,0.7517387435577144,0.2833213344056216,1.03225229573919,0.15873015873015872,11.730071066866344,0,0,0,0,1,0
APP_0647,52,Salaried,16,732285,0.9103434862132148,1,9556.361894131767,0.1566006988120488,0.7838975345563662,1517492.0699086809,342494.8057813739,1526192.297679477,67243.57986519593,2,3,0.8,334882.32694483217,0.15660069881204886,2.07226977189029,0.4677069799072409,0.8622872880120029,0.2833213344056216,1.1682632174946084,0.30303030303030304,32.438894220337986,0,0,0,1,0,0
APP_0648,52,Salaried,20,1137365,0.7272806291230397,0,20293.03643659481,0.2141057947441127,0.5199769455578681,2559522.958853535,2234039.4183626017,3407519.5242003514,107965.67921725869,0,8,1.0,421768.0747367108,0.2141057947441127,2.2503971538191654,1.9642238141340744,0.5199769455578681,0.3044522437723423,0.9487028485117098,0.5555555555555556,39.36951798049482,0,0,1,1,0,0
APP_0649,28,Self-Employed,4,2458599,0.6454304584281323,2,64225.91607248388,0.3134756797956098,0.2975749094476752,6731067.729581361,1296057.6500672577,2470457.690645812,305408.4249302393,2,3,0.6480000000000001,500458.0508331767,0.31347567979560986,2.7377655850268225,0.5271529232978854,0.3570898913372102,0.16094379124341002,0.749308483391528,0.30303030303030304,20.83044216031991,0,0,0,0,1,0
APP_0650,42,Business,4,3814714,0.5739360012181491,3,66463.24474688499,0.2090743728003252,0.3434853560419595,2831349.595504811,856749.8601290487,22758255.81238031,569969.5811512048,2,5,0.8,1515255.7959347316,0.20907437280032523,0.7422180523899855,0.22459085009493468,0.44653096285454735,0.16094379124341002,0.6663074371852804,0.2857142857142857,9.24846875813195,0,0,0,0,0,1
APP_0651,48,Business,25,4636416,0.7418855231153735,1,114007.34557336212,0.2950745029954916,0.2680266415138674,6769739.454714983,8331402.351383008,10081277.585928775,623552.0341429319,0,0,0.8,1612080.2943947923,0.29507450299549165,1.4601233915841423,1.7969488396604205,0.29482930566525417,0.3258096538021482,0.9835989885624189,1.0,22.076270217724144,0,0,0,0,0,1
APP_0652,37,Salaried,23,2169694,0.9776501918553652,0,69167.20508610604,0.3825454008875318,0.5952082952433704,2720125.932363073,2285897.030990761,17029694.141908664,235110.9947453885,1,0,0.9,490393.1532806296,0.38254540088753186,1.2536910423142955,1.0535573361915371,0.5952082952433704,0.31780538303479455,1.2883526855519998,0.5,12.062612035867408,0,0,0,1,0,0
APP_0653,51,Business,23,2318337,0.8566346611889462,2,71187.22461065133,0.3684739083782108,0.4587857760778941,5316676.290054247,4264647.038061388,3731077.000840337,218021.48122550224,4,0,0.504,311709.9653672684,0.3684739083782108,2.2933146863696896,1.8395285232739622,0.5505429312934729,0.31780538303479455,1.1288777678089805,0.2,22.43221631530881,0,0,0,0,0,1
APP_0654,42,Business,5,2629813,0.5181780903214304,0,74142.56205497355,0.3383171140532359,0.6550426673304492,6184762.634848684,2407564.5855708416,18835374.24883544,395651.7673796194,0,2,0.7200000000000001,710235.0267603107,0.3383171140532359,2.3517879920924734,0.9154888904917732,0.6550426673304492,0.1791759469228055,0.6110231403294237,0.8333333333333334,19.314877946553565,0,0,0,0,0,1
APP_0655,57,Self-Employed,18,3473628,0.660339583776052,2,46916.37679079138,0.1620773788930468,0.1028804371357146,6703216.071407045,4396928.600902571,3750656.512882509,547947.7252332765,4,7,0.6930000000000001,966565.7678628176,0.16207737889304685,1.9297449443080967,1.2658029590107436,0.12345652456285751,0.29444389791664405,0.8547725447717269,0.17543859649122806,39.432373908607545,0,0,1,0,1,0
APP_0656,58,Self-Employed,10,2048315,0.6185454747326812,2,45343.76700631616,0.2656452762762533,0.2368872775073615,1257729.244919304,1287960.387718071,2768945.1512355977,123275.99726936338,2,2,0.99,624924.9353100398,0.26564527627625334,0.614031164600808,0.6287901947298492,0.28426473300883376,0.23978952727983707,0.7668662017199133,0.3125,9.356999505146149,0,0,0,0,1,0
APP_0657,28,Business,8,1961376,0.7138379696493888,0,48150.74292713394,0.2945936501341952,0.6061463034460516,5747903.7092683725,1538133.3599965407,18668083.437005702,298452.7106620883,2,2,0.6400000000000001,456090.0938197445,0.2945936501341952,2.9305465699939086,0.784211369975232,0.6061463034460516,0.21972245773362195,0.8706842027643311,0.3125,25.219538427097596,0,0,0,0,0,1
APP_0658,64,Self-Employed,11,680360,0.750382121848828,0,19683.922416208286,0.3471795358258855,0.2754236741690437,1981935.394257787,352510.4571521745,6629728.793681251,74050.55487523407,4,1,0.6237,207519.86619490612,0.3471795358258855,2.913068661087934,0.5181234304664802,0.2754236741690437,0.24849066497880004,0.9368450742952463,0.19607843137254904,19.76609642842081,0,0,0,0,1,0
APP_0659,49,Business,9,4821097,0.5824636036659688,3,66768.86338029656,0.1661917112564959,0.3150348019833482,9421192.497040596,7973705.5192758385,37489232.4831712,294674.3739889771,1,6,0.8,1340095.273712324,0.16619171125649593,1.9541594987698019,1.653919329828012,0.4095452425783527,0.23025850929940458,0.7165808047672539,0.3846153846153846,43.42068327377892,0,0,1,0,0,1
APP_0660,55,Salaried,16,1061322,0.8378170337938398,1,13855.379739299518,0.1566579764403208,0.4924147066077892,2466193.9108201624,1449357.9743515907,1262363.700040376,65835.39326726508,1,6,1.0,504071.4135470656,0.15665797644032087,2.323699980609242,1.3656156890666458,0.5416561772685682,0.2833213344056216,1.0751884737960702,0.3846153846153846,47.100259476175985,0,0,1,1,0,0
APP_0661,37,Salaried,5,602194,0.8279185091970573,3,18705.114995441083,0.3727393164749117,0.8763083720356483,451997.4803683846,691439.9878266988,4541073.668969161,85912.46317086896,4,1,0.504,106576.06899547168,0.37273931647491176,0.750584496637935,1.1482013899618708,1.1392008836463428,0.1791759469228055,0.9762615920573576,0.19607843137254904,10.18827798772126,0,0,0,1,0,0
APP_0662,26,Salaried,27,356841,0.9290337268200156,0,4152.847574175511,0.1396537138112104,0.7160941009735796,417197.51170932926,674242.8995938647,2282617.180678652,50213.49542479789,0,1,0.6400000000000001,95221.8657940615,0.13965371381121042,1.1691411909206881,1.8894771049118926,0.7160941009735796,0.3332204510175204,1.238606764281469,0.9090909090909091,43.80289234509504,0,0,0,1,0,0
APP_0663,46,Business,3,1897196,0.5556920393718047,3,54487.38639487892,0.3446394767533491,0.3459079941019792,3220055.6738916715,1212034.944043447,11177781.6662471,142477.04190146638,4,1,0.504,199348.8441914584,0.3446394767533492,1.6972709587684516,0.6388559453232281,0.44968039233257295,0.13862943611198905,0.6327273134418392,0.19607843137254904,13.556931586009767,0,0,0,0,0,1
APP_0664,27,Salaried,18,1544611,0.7307698268701338,3,18348.75688441047,0.1425505079356069,0.829733569766955,864985.5191046096,1496486.7593535234,3593365.408515969,190894.21245351943,1,10,0.6400000000000001,349845.76436218224,0.1425505079356069,0.560002174725293,0.9688437796658986,1.0786536406970415,0.29444389791664405,0.9459405431736471,0.3333333333333333,21.44988434670193,0,0,1,1,0,0
APP_0665,32,Self-Employed,6,1123884,0.5898089829139002,2,19405.015910518367,0.2071923712111039,0.5925574143750952,894473.9051851494,2092644.2405821057,10428365.02314481,172645.41597492696,4,2,0.504,153633.21628676352,0.20719237121110398,0.7958774261268506,1.8619752933417557,0.7110688972501142,0.19459101490553132,0.7045805114995153,0.1923076923076923,25.655893640606834,0,0,0,0,1,0
APP_0666,58,Self-Employed,20,1721403,0.7717733246840375,1,52780.40583442868,0.3679352656020375,0.6497285741660819,3549353.409255601,1233574.5982511106,15283682.267126797,130057.72286104556,3,10,0.6237,373245.24730046064,0.36793526560203754,2.0618956800096204,0.7166099967591033,0.7147014315826902,0.3044522437723423,1.006741445067733,0.2,15.103231119867608,0,0,1,0,1,0
APP_0667,41,Business,26,840633,0.8155424505537116,1,23351.04826184709,0.3333352118488866,0.2172712702766418,730888.7462034017,844038.9985501319,6869364.247858843,137619.24876919828,0,1,0.7200000000000001,260948.244476918,0.3333352118488866,0.8694504572190263,1.0040517069281505,0.238998397304306,0.3295836866004329,1.084331937986355,0.9090909090909091,11.240949635986887,0,0,0,0,0,1
APP_0668,42,Salaried,3,1654984,0.9984315048028582,1,45548.004060593295,0.3302606241070122,0.3820870060879933,2872251.527800889,1764741.5293399028,16145427.761292286,193442.07018631985,5,5,0.63,266173.9926077588,0.33026062410701224,1.7355161909727763,1.0663193900000862,0.42029570669679267,0.13862943611198905,1.1368435013101232,0.15384615384615385,16.967421342151898,0,0,0,1,0,0
APP_0669,40,Self-Employed,14,4808191,0.6988409177623607,3,104074.22767447736,0.259742329723118,0.7571233584291608,7027498.745864174,5989732.234408202,23062809.55675401,547658.8286158908,5,3,0.504,1166196.0121695609,0.25974232972311795,1.461568133600386,1.2457350871477864,0.9842603659579091,0.270805020110221,0.8880905465508421,0.15873015873015872,20.84606866839243,0,0,0,0,1,0
APP_0670,40,Self-Employed,1,1905233,0.8975621248799417,0,33138.27845288623,0.2087195326947595,0.4791410801268564,1588929.453889405,758818.7969333128,17532444.37992453,165324.6572541135,1,4,0.9,658714.9123823183,0.2087195326947595,0.8339816987682896,0.3982813634517735,0.4791410801268564,0.06931471805599453,0.9597763905037342,0.4166666666666667,11.807836538443942,0,0,0,0,1,0
APP_0671,60,Self-Employed,8,1967793,0.8311287230985975,0,53146.58104475447,0.3240986082057684,0.1937886474254845,4406777.659422736,900339.7634875284,14950767.147826724,253219.5062700933,3,5,0.6237,272013.3648835319,0.3240986082057684,2.239451842456364,0.4575378423886702,0.1937886474254845,0.21972245773362195,1.0137463688308281,0.2222222222222222,16.643019232793065,0,0,0,0,1,0
APP_0672,31,Business,19,818830,0.6907306278867638,1,7441.507873092196,0.1090557191078811,0.3921953746156543,571120.1942208939,277352.07821402553,5013408.182592695,117404.31543147672,1,2,0.6400000000000001,203282.5497333861,0.10905571910788119,0.6974832312212472,0.338717533815353,0.43141491207721977,0.2995732273553991,0.8976550313160228,0.45454545454545453,19.003143961878045,0,0,0,0,0,1
APP_0673,33,Business,17,2712452,0.688073800240524,2,52710.19612268562,0.233192090946578,0.6158777218773783,1445800.7915249935,1085740.284877718,4177195.5781838577,330847.1334926922,4,2,0.448,487673.2091663011,0.23319209094657803,0.5330235489973624,0.40027999937979286,0.739053266252854,0.28903717578961646,0.8869527081968738,0.1923076923076923,8.00459007497785,0,0,0,0,0,1
APP_0674,25,Self-Employed,27,3753588,0.7719614176399766,3,83281.7254057601,0.2662467763827892,0.7636145845535657,10502072.184567332,4141597.8460230953,27717151.93933544,355184.9512314986,1,4,0.5760000000000001,1273995.4861290683,0.26624677638278926,2.7978755752009365,1.1033703874860787,0.9926989599196354,0.3332204510175204,1.029194749394094,0.4166666666666667,29.305488807707498,0,0,0,0,1,0
APP_0675,58,Self-Employed,5,1977246,0.6601609695525281,0,27297.845735050312,0.1656719238883799,0.246955018177658,4676165.719642802,2386001.508425457,16955708.77452428,284202.46143160365,3,7,0.6930000000000001,445703.2281086258,0.16567192388837995,2.364989343583349,1.206729718216882,0.246955018177658,0.1791759469228055,0.7784459363935797,0.2127659574468085,43.117976516125275,0,0,1,0,1,0
APP_0676,50,Self-Employed,6,658619,0.8213357042416278,3,8694.823316763059,0.1584191767944087,0.1867207056546214,457425.017187718,846814.3083858952,5676955.584226155,29751.647334976384,2,2,0.9,246958.71069490467,0.15841917679440876,0.6945214413609659,1.2857423007624973,0.24273691735100783,0.19459101490553132,0.9811602525081556,0.3125,25.000303400053454,0,0,0,0,1,0
APP_0677,29,Salaried,20,346040,0.9269564321108617,2,4507.83836229902,0.1563231428377882,0.2613807358645734,976872.571173761,218906.0377673597,610883.1646627234,39078.99397344852,0,9,0.8,164603.63985340524,0.15632314283778825,2.823004771626867,0.6326032764055014,0.31365688303748807,0.3044522437723423,1.2091703977462183,0.5263157894736842,44.21108717879537,0,0,1,1,0,0
APP_0678,55,Salaried,2,1619445,0.7279632805515285,2,13838.645953876568,0.1025436192316002,0.3853193149070705,1953059.495278208,1484456.970649089,4459875.997071247,219672.77576363372,5,5,0.7,668309.6605955029,0.10254361923160021,1.2060054495695798,0.9166454993217361,0.4623831778884846,0.10986122886681098,0.8079382211228345,0.15384615384615385,41.39996159287485,0,0,0,1,0,0
APP_0679,31,Self-Employed,14,4424321,0.5404011532729182,1,39489.127103095925,0.1071055932056356,0.7368554376489623,7487643.810863913,7803892.71577947,5913877.427913356,273509.49801399023,5,7,0.4032,412971.7020569607,0.10710559320563563,1.6923825850031933,1.7638622323695479,0.8105409814138587,0.270805020110221,0.6867444984525773,0.14925373134328357,64.53901638427006,0,0,1,0,1,0
APP_0680,65,Salaried,23,1271275,0.9653206204227668,1,35028.68110976128,0.3306477145520327,0.2288376211727656,3698353.055215661,1435703.533197729,9608913.981239282,156482.55048895575,2,7,0.99,647078.1308404917,0.3306477145520327,2.9091683980379233,1.1293414353288855,0.2517213832900422,0.31780538303479455,1.2721047099476095,0.27027027027027023,24.427870846397667,0,0,1,1,0,0
APP_0681,46,Self-Employed,12,3814663,0.5160051610788104,3,54592.01995616593,0.1717331883508428,0.8976075983666613,7694910.017074645,7341044.947560626,23277484.668270737,633109.0617954214,0,0,0.7200000000000001,705999.8461969278,0.17173318835084284,2.0171926110051253,1.9244281729632804,1.1668898778766597,0.2564949357461537,0.6483578717144036,1.0,45.90400751095193,0,0,0,0,1,0
APP_0682,44,Business,28,931215,0.6995649042550146,3,15063.613984780124,0.1941156100549942,0.8472447770572197,841521.5002452455,655772.0141635484,3976245.579302074,49187.07602049314,1,7,0.6400000000000001,180687.08214210783,0.19411561005499428,0.9036812124431474,0.704211180193133,1.1014182101743857,0.3367295829986474,0.9351291027452944,0.37037037037037035,16.56633788679595,0,0,1,0,0,1
APP_0683,55,Self-Employed,25,3908145,0.7601168332223915,1,124392.621066704,0.3819488408952196,0.8773445163293686,6724539.879048816,3338532.0801295983,13989695.93377592,362659.5217639152,4,10,0.4536,446008.8419409933,0.38194884089521963,1.7206474885268628,0.8542497988507587,0.9650789679623055,0.3258096538021482,1.007770235503764,0.16666666666666666,13.482943324778908,0,0,1,0,1,0
APP_0684,48,Business,28,2831048,0.6494732382401542,3,59400.74927908892,0.2517827289926088,0.3102619461858785,7612238.336236848,4044435.330069383,18643933.174469788,345812.55518057675,5,3,0.5599999999999999,760824.1807114893,0.2517827289926088,2.6888411415973335,1.4286000555516485,0.40334053004164205,0.3367295829986474,0.8681700909215425,0.15873015873015872,32.706303673989105,0,0,0,0,0,1
APP_0685,60,Salaried,5,741651,0.7871981800552197,1,16751.431205981546,0.2710401178880343,0.7830633525429885,784391.0309336813,1315307.6602597437,5208136.649725289,63250.89855227115,3,10,0.616,189159.95808157691,0.27104011788803434,1.0576282253157905,1.7734859930880478,0.8613696877972875,0.1791759469228055,0.9282451593825228,0.2,20.89073927848099,0,0,1,1,0,0
APP_0686,54,Salaried,3,1056121,0.9195334369875824,3,29084.251760176736,0.3304649951304073,0.2595767998786,1395982.4200586292,814388.3708422947,10527355.07908276,108203.33901772568,5,7,0.63,163498.3681583736,0.3304649951304073,1.3218015928654285,0.7711127520826635,0.33744983984218,0.13862943611198905,1.0470078388432902,0.14925373134328357,12.66648132654529,0,0,1,1,0,0
APP_0687,54,Salaried,18,953225,0.9845601040198674,1,23200.29818373144,0.2920649145844656,0.3561492953789625,551257.772027345,1221976.6312417812,4215698.011720615,151299.80403971652,2,6,1.0,563760.4564872858,0.29206491458446565,0.5783081350440296,1.281939344060197,0.3917642249168588,0.29444389791664405,1.2744578187806936,0.2777777777777778,12.738589171183994,0,0,1,1,0,0
APP_0688,38,Salaried,7,396228,0.9857935028343268,3,5974.934424908031,0.180954433050911,0.6085498343474007,280917.01762105006,128641.87443245732,1840723.263551704,31285.674346032058,5,7,0.7,152136.0817994162,0.18095443305091102,0.7089782085593397,0.3246662891881879,0.791114784651621,0.20794415416798356,1.1907834989655046,0.14925373134328357,11.424362258720842,0,0,1,1,0,0
APP_0689,58,Salaried,22,1388200,0.7552234869388098,0,14776.507262745014,0.1277323780096096,0.8213133897097963,1881077.452780015,2159646.188222574,3443845.910104624,118449.829528546,3,7,0.616,333671.99513034854,0.12773237800960968,1.3550478697450044,1.555716891098238,0.8213133897097963,0.313549421592915,0.992023374441858,0.2127659574468085,45.57598952122001,0,0,1,1,0,0
APP_0690,35,Business,14,3175375,0.8650391271498843,3,91796.04508459156,0.3469047092123288,0.548726754087641,8682898.530086173,1769979.3005056998,23829643.426470697,361922.37323890405,1,5,0.7200000000000001,1064544.8706604347,0.34690470921232885,2.734448224252623,0.5574079598490571,0.7133447803139333,0.270805020110221,1.0992960653738368,0.4,18.978446222745532,0,0,0,0,0,1
APP_0691,45,Salaried,5,2223755,0.9801458198148456,3,66581.15280305814,0.3592904045799549,0.1908855008603144,6504350.643057791,2071418.7733570696,12644771.906188462,93678.5214930576,3,2,0.63,635642.2416707497,0.3592904045799549,2.9249403117959445,0.9314959486800792,0.2481511511184087,0.1791759469228055,1.1557643752026001,0.23809523809523808,21.46695938058557,0,0,0,1,0,0
APP_0692,65,Business,4,506066,0.5874491087964402,1,9533.137734832058,0.2260528326700167,0.5368689821623825,463178.2071303316,445136.57902889786,2091454.3758118271,81331.77817698046,5,9,0.616,181443.7588301836,0.22605283267001675,0.9152525700804472,0.8796018286723428,0.5905558803786208,0.16094379124341002,0.6819953955287017,0.14492753623188406,15.879954942859307,0,0,1,0,0,1
APP_0693,48,Self-Employed,1,2732893,0.8586619654505414,0,70553.08166630554,0.3097951438258529,0.6191293418350706,4481927.337120536,2565356.4367325422,11395893.21793457,299183.58057085885,4,5,0.567,380185.272468434,0.3097951438258529,1.639993712567794,0.9386962595068824,0.6191293418350706,0.06931471805599453,0.9181798774911518,0.18181818181818182,16.647710743485714,0,0,0,0,1,0
APP_0694,36,Self-Employed,14,3329969,0.5707580642484235,1,72934.33068590825,0.2628288636413429,0.4052506583036657,8700306.647085167,4793128.011788238,16441532.281042447,256649.74172221776,4,1,0.63,1254837.3189459322,0.2628288636413429,2.6127290215269774,1.4393911810555107,0.44577572413403227,0.270805020110221,0.7253222133152886,0.19607843137254904,30.834666683428075,0,0,0,0,1,0
APP_0695,31,Salaried,21,368897,0.8848781114797966,3,4030.279364555817,0.1311025906273832,0.6999549433691904,759767.0649226226,435490.5572243916,2472246.7497945544,38581.77766520871,0,10,0.8,93245.88329207544,0.13110259062738328,2.0595642277454753,1.1805207340379336,0.9099414263799476,0.3091042453358316,1.158397692342955,0.5,49.42823702076649,0,0,1,1,0,0
APP_0696,51,Salaried,8,2206855,0.8654763736898001,0,29179.785569332667,0.1586680714555292,0.4756593939694852,1789983.184880326,4285070.179212562,20361026.546509013,205863.17922404667,5,6,0.7,313659.0604505185,0.15866807145552925,0.8111014021674854,1.9417089836951507,0.4756593939694852,0.21972245773362195,1.0556409696273055,0.15151515151515152,34.6989833633187,0,0,1,1,0,0
APP_0697,48,Salaried,17,1489523,0.7802827422610085,2,23859.55252823509,0.1922190059091542,0.8221384513088358,4130960.084358632,2103119.281594138,1545257.9955340133,231321.50389663223,0,0,0.8,250834.15606129676,0.1922190059091542,2.7733442748843973,1.4119414615243524,0.9865661415706029,0.28903717578961646,1.0058134624015076,1.0,43.54705422196162,0,0,0,1,0,0
APP_0698,48,Business,27,2863139,0.6340359752488456,3,41169.39394764881,0.1725493339204927,0.8787922584495687,2810603.286631369,3893817.058662425,24213420.77750473,406087.9443664477,4,6,0.448,322657.4046258994,0.17254933392049274,0.981651008432133,1.3599818446336083,1.1424299359844392,0.3332204510175204,0.8453097288825994,0.17857142857142858,27.14160408344107,0,0,1,0,0,1
APP_0699,65,Self-Employed,24,1657246,0.6612476077800136,2,35241.767544378854,0.2551831234062693,0.4499212696014018,1241185.7903397724,2721379.4894642816,9178347.760572528,199858.56478791108,3,10,0.6930000000000001,650799.9049752371,0.25518312340626936,0.7489448098470428,1.6421095537200159,0.5399055235216821,0.32188758248682003,0.8740950016735151,0.2,18.739909847097003,0,0,1,0,1,0
APP_0700,60,Salaried,11,1154642,0.7279763275979431,0,22248.6342446662,0.2312263116498399,0.6031153009535803,2289909.660899966,288744.7907451453,8507613.81481452,180979.70236814863,0,9,1.0,407544.6799198053,0.23122631164983984,1.9832204795079047,0.2500730016274701,0.6031153009535803,0.24849066497880004,0.9088716493315808,0.5263157894736842,19.31694940078781,0,0,1,1,0,0
APP_0701,33,Self-Employed,21,3204139,0.5746220685235318,1,50485.6828973594,0.1890767519038071,0.5283337762383031,3566642.61172628,5139605.939319171,25871608.21477406,442061.0071665197,5,0,0.504,500591.955872504,0.18907675190380718,1.113136044262212,1.604052114879901,0.5811671538621335,0.3091042453358316,0.7522401893678127,0.16666666666666666,28.74164202402295,0,0,0,0,1,0
APP_0702,34,Business,1,1067543,0.544372607645773,0,11753.914961809607,0.1321229960214392,0.3259704307436625,2921344.1995277,391787.0574112161,5816193.602046677,92706.8554500921,1,6,0.6400000000000001,164158.17975197238,0.13212299602143923,2.736511971440682,0.3669988538271677,0.3259704307436625,0.06931471805599453,0.5821056414621463,0.3846153846153846,46.9791167127977,0,0,1,0,0,1
APP_0703,26,Self-Employed,3,4281202,0.8836868692209803,0,58184.67182534535,0.1630887918636271,0.4359256945565603,11663209.260169148,5738494.205060849,21653920.553117614,264598.0724661949,2,0,0.7200000000000001,1730666.460333262,0.16308879186362715,2.7242838016447597,1.340393236539843,0.4359256945565603,0.13862943611198905,1.0061918816006539,0.3333333333333333,49.84618491236891,0,0,0,0,1,0
APP_0704,61,Business,20,463825,0.5468828558204051,2,15388.23982436464,0.3981218733194107,0.487128794162965,943889.6686599904,549015.2688277258,1125004.9471678224,62328.23313110099,0,3,0.7920000000000001,162531.65169448286,0.39812187331941074,2.035012491047249,1.1836689890103504,0.584554552995558,0.3044522437723423,0.7133825683555538,0.7692307692307692,16.169327513815205,0,0,0,0,0,1
APP_0705,59,Salaried,17,2446412,0.9282882924802884,1,73405.05634569269,0.3600622773875832,0.1918307655964635,2550126.324294554,1931617.2184475127,7285047.98196815,324479.00926784804,1,4,0.99,749511.9586354924,0.36006227738758323,1.0423944635223152,0.7895715106235224,0.21101384215610988,0.28903717578961646,1.1965981188573565,0.4166666666666667,10.175828400784386,0,0,0,1,0,0
APP_0706,37,Salaried,12,1534471,0.8401131244268889,3,29515.370264816705,0.2308185968830955,0.8570765399929413,4305526.522269467,997663.4304638596,4267191.97882734,226213.462393778,5,4,0.5599999999999999,502476.6015790766,0.2308185968830955,2.805870246012774,0.6501676672050887,1.1141995019908237,0.2564949357461537,1.0555978862962643,0.15625,29.945922554656796,0,0,0,1,0,0
APP_0707,31,Business,26,2813765,0.5662612461867914,1,90539.60027133142,0.3861286224172868,0.4902654316036204,7617265.162261053,2708888.04132552,21732714.522453614,404206.3226975149,4,1,0.4032000000000001,502495.21646597167,0.3861286224172868,2.7071433336689643,0.962727179180038,0.5392919747639825,0.3295836866004329,0.7528917152839895,0.19607843137254904,19.00853912291949,0,0,0,0,0,1
APP_0708,52,Salaried,19,1780234,0.8121881460351378,0,34836.36293486266,0.2348210152251624,0.8115597488508225,5154211.092082395,1166969.3594960975,8346225.467421264,208557.8464481365,5,8,0.5599999999999999,339855.12172183546,0.23482101522516247,2.8952435983597633,0.6555145893720138,0.8115597488508225,0.2995732273553991,1.055497970162682,0.14705882352941177,30.242252247543234,0,0,1,1,0,0
APP_0709,26,Salaried,6,1653422,0.8288160401379235,1,28566.083026836022,0.2073233550309795,0.1581122649621019,3542269.019662672,1437709.475779414,13253220.608776674,94170.01726291768,2,0,0.8,643804.2318787238,0.20732335503097957,2.1423865290667914,0.8695357118626788,0.1739234914583121,0.19459101490553132,0.9900961945583457,0.3333333333333333,29.055310632797827,0,0,0,1,0,0
APP_0710,38,Self-Employed,19,2897451,0.8594975895662569,0,52076.19225458548,0.2156772649666985,0.5814415288697193,5268017.641315445,1116261.3925734267,10148137.317995546,340898.7671159608,5,1,0.63,784151.6402386557,0.2156772649666986,1.8181559036944699,0.38525634862278146,0.5814415288697193,0.2995732273553991,1.1169800563768066,0.1639344262295082,20.43249438143113,0,0,0,0,1,0
APP_0711,51,Business,25,3850768,0.6271133178871705,2,51165.51504525814,0.1594451238150669,0.1397277939482044,6680449.630672522,1094485.763947033,13361160.152219996,217853.52040015787,3,2,0.5599999999999999,950063.299162073,0.15944512381506692,1.734835656334664,0.28422531919529637,0.16767335273784525,0.3258096538021482,0.831432890882706,0.23809523809523808,25.326092478961936,0,0,0,0,0,1
APP_0712,62,Self-Employed,8,378414,0.6140147656733879,0,11777.913212217192,0.3734929430375364,0.3274926551047447,985430.6066564716,350055.43606252334,3429363.905181084,59191.8876039894,0,5,0.8910000000000001,154392.1731509318,0.3734929430375364,2.6041071595038017,0.9250594218568111,0.3274926551047447,0.21972245773362195,0.7489275990718786,0.6666666666666666,18.89817008406463,0,0,0,0,1,0
APP_0713,29,Self-Employed,4,3681933,0.7893014678388783,2,59879.55207724637,0.1951568985440409,0.3766595745107194,2575210.297533611,5870121.1828924,20045796.01299246,175078.7236835933,2,7,0.7200000000000001,1053330.882338104,0.195156898544041,0.6994180224174669,1.594304182855147,0.45199148941286327,0.16094379124341002,0.9163346385068558,0.27027027027027023,23.506442481765408,0,0,1,0,1,0
APP_0714,32,Self-Employed,20,1061875,0.5117152727365921,0,30762.249651403345,0.3476369589799554,0.2109875387259464,3168476.7046470367,1858811.9610204129,7983473.827010116,74288.05685533556,0,3,0.6480000000000001,336921.0137431084,0.3476369589799554,2.98385092844924,1.7504997867172811,0.2109875387259464,0.3044522437723423,0.6675081356938236,0.7692307692307692,27.23732671611307,0,0,0,0,1,0
APP_0715,48,Business,1,640326,0.6038750764230469,0,7109.810601844604,0.1332410791099147,0.8577158886449938,440291.6397429432,507645.42857393424,4171567.456428893,91712.20089318404,2,2,0.6400000000000001,233567.71442093173,0.1332410791099147,0.6876054380783276,0.7927921536435101,0.8577158886449938,0.06931471805599453,0.6457325070863525,0.3125,22.221338968601593,0,0,0,0,0,1
APP_0716,62,Self-Employed,4,1259386,0.6277330722269263,1,34203.92129907873,0.3259104480984739,0.8102387300142866,3670594.671090709,1188771.033023828,6323399.350895114,71738.82070609048,4,3,0.49896,270929.877046483,0.3259104480984739,2.914590658535754,0.943929051953752,0.8912626030157154,0.16094379124341002,0.7287628127600011,0.18867924528301888,23.678404500389952,0,0,0,0,1,0
APP_0717,56,Self-Employed,11,4249234,0.5903322073572855,2,116804.571218648,0.3298605947857369,0.6691051011252062,5874669.022216243,7240591.794622193,13518454.92360804,520779.53570454527,1,1,0.8910000000000001,871014.2106227465,0.32986059478573687,1.3825242437145713,1.7039757741329833,0.8029261213502473,0.24849066497880004,0.7370242501219003,0.47619047619047616,18.713966242936117,0,0,0,0,1,0
APP_0718,56,Salaried,7,355063,0.9011496861639666,3,10224.436556300763,0.3455534332656717,0.2503339438894126,270322.5263992333,204370.9338716609,2242119.1298616817,38212.67768280882,2,4,0.99,169922.8177812399,0.3455534332656716,0.7613367948764961,0.5755906244009117,0.3254341270562364,0.20794415416798356,1.0885384954320765,0.29411764705882354,7.737891107853868,0,0,0,1,0,0
APP_0719,34,Business,4,1291026,0.5875139323374546,2,23203.257916571547,0.2156727246382788,0.4619455150834249,2648146.2463119067,729994.267901026,5941100.448180477,64869.641774878495,3,2,0.448,274444.844577304,0.21567272463827883,2.051195131865591,0.5654373094740354,0.5543346181001099,0.16094379124341002,0.6820706520161688,0.23809523809523808,24.26484337069678,0,0,0,0,0,1
APP_0720,61,Business,4,1435555,0.6843816485291607,0,38701.10307556086,0.3235077979643624,0.2924499691521401,3926594.830944649,770395.7284271491,1804889.202178707,178586.42223728992,3,5,0.5544000000000001,243720.9741936072,0.32350779796436246,2.7352451358148233,0.5366535788786561,0.2924499691521401,0.16094379124341002,0.7945286257008587,0.2222222222222222,20.2276342968024,0,0,0,0,0,1
APP_0721,60,Salaried,12,2109731,0.7636198076992184,3,44068.25761160005,0.250657117584754,0.5063414593561858,1335233.3070765163,1457106.728288218,3966957.323974021,258957.63452998915,5,6,0.77,450914.7917962017,0.250657117584754,0.6328926801931224,0.6906599601030737,0.6582438971630415,0.2564949357461537,0.9594844212095197,0.15151515151515152,10.560662733613913,0,0,1,1,0,0
APP_0722,37,Self-Employed,6,2514632,0.711825101397777,3,53558.631065028654,0.2555855380748928,0.1873476486275227,1570836.8571095662,1629732.096325583,5028623.134122763,140983.23267761176,0,9,0.9,693596.2794042728,0.2555855380748928,0.6246786237944821,0.6480996409516713,0.24355194321577953,0.19459101490553132,0.8503398703140033,0.5263157894736842,9.959704874797714,0,0,1,0,1,0
APP_0723,29,Business,4,2510721,0.5905860062915095,3,45521.97177598154,0.2175724269290687,0.1810434175723093,5862058.837208246,4476991.667812702,8572612.179465955,169171.97583966923,1,5,0.6400000000000001,730735.8023948249,0.21757242692906878,2.334810931683865,1.783149807490638,0.2353564428440021,0.16094379124341002,0.6856371571993694,0.4,37.85370046469177,0,0,0,0,0,1
APP_0724,63,Self-Employed,24,226062,0.5376970266851151,3,6060.858330457694,0.3217272251218353,0.782051151434587,501821.4250639453,114482.0090622196,1612496.2589430918,14128.275571438904,2,7,0.7128000000000001,50000.0,0.3217272251218353,2.219839800868546,0.5064186332166379,1.0166664968649632,0.32188758248682003,0.7107750227151379,0.27027027027027023,16.947639001037437,0,0,1,0,1,0
APP_0725,25,Business,16,3789674,0.6336216599369849,1,123894.31396814126,0.3923112562235419,0.8050060217200342,3512318.2976349457,5943987.530765052,4121667.918806322,324716.7853267953,3,9,0.32256,244971.57290402244,0.3923112562235419,0.9268127806336233,1.5684693540302022,0.8855066238920377,0.2833213344056216,0.8131401941386365,0.2040816326530612,12.72093061353302,0,0,1,0,0,1
APP_0726,40,Self-Employed,4,578968,0.8275705755275214,2,16915.887022333955,0.350607709351825,0.5202153474280028,531644.2231965304,268553.9171165445,1068306.4788470855,46168.037646352095,5,5,0.567,125087.99837848442,0.35060770935182506,0.9182618438264816,0.46384932693438063,0.6242584169136033,0.16094379124341002,0.9607629214744114,0.15384615384615385,7.884088877087139,0,0,0,0,1,0
APP_0727,47,Business,9,4281001,0.6014147381910364,3,37126.38045325354,0.1040683161342505,0.3821011024781109,9740959.184254725,7724939.37000493,34122731.61168392,636953.8142025128,4,7,0.5599999999999999,587603.6862514026,0.1040683161342505,2.2753928775664205,1.8044703493423453,0.4967314332215442,0.23025850929940458,0.7398955992775961,0.17543859649122806,78.40740349148437,0,0,1,0,0,1
APP_0728,58,Business,21,373873,0.5591601549942417,3,11118.972341383116,0.3568796572541943,0.6274935304766122,319318.5041249197,409801.45376661536,1196135.7190819026,50208.60916948856,3,5,0.5544000000000001,58560.01058848295,0.35687965725419435,0.8540828145517855,1.0960980166169136,0.8157415896195959,0.3091042453358316,0.7319989327256035,0.2222222222222222,10.929066936307024,0,0,0,0,0,1
APP_0729,30,Salaried,30,1884516,0.8916201258628033,2,57029.09924882789,0.3631432107692026,0.6430412205750728,5178750.70660457,1900882.6902322008,18138005.035476584,202642.05551223856,2,10,0.7200000000000001,460702.68198388617,0.36314321076920264,2.7480534559561023,1.008684824237205,0.7716494646900874,0.3433987204485146,1.1978013362102335,0.25,20.690119868885116,0,0,1,1,0,0
APP_0730,46,Self-Employed,19,3700518,0.8781066000281087,2,59454.06074349687,0.19279698921123,0.1328799818725397,6661651.53058235,3026631.4601776544,24095208.26781032,354691.3922050797,3,9,0.63,1369097.5372041329,0.19279698921123,1.8001943324103138,0.8178939975910546,0.15945597824704763,0.2995732273553991,1.1411638281606058,0.2040816326530612,27.159016753451155,0,0,1,0,1,0
APP_0731,47,Self-Employed,4,269918,0.6995708075977356,1,5396.003654985266,0.2398952417394289,0.220182201404489,787264.0739147014,357055.9627276724,1883726.11188208,21491.50995025421,2,1,0.9,126300.73864991796,0.23989524173942894,2.9166786724660874,1.3228312403310354,0.2422004215449379,0.16094379124341002,0.8121623856157293,0.3225806451612903,35.34467696864136,0,0,0,0,1,0
APP_0732,25,Self-Employed,2,2023056,0.6132069195075946,0,19549.124720354503,0.1159579846747959,0.3446572006052151,3187945.9505024967,2808924.174513111,2034739.9633927308,147876.99697281868,2,4,0.7200000000000001,748845.9729798826,0.11595798467479596,1.5758070713329224,1.3884559668704726,0.3446572006052151,0.10986122886681098,0.6805745852343307,0.29411764705882354,51.12650149132321,0,0,0,0,1,0
APP_0733,57,Business,25,4903904,0.5620148061325707,0,128302.1193554155,0.3139591297596743,0.2141154050583497,11439007.494469335,4794504.820579221,45431426.80410648,382587.48560747394,0,7,0.7920000000000001,2226145.5277447742,0.3139591297596743,2.3326328358934707,0.9776914108798257,0.2141154050583497,0.3258096538021482,0.745124655550305,0.588235294117647,21.087612577517614,0,0,1,0,0,1
APP_0734,40,Business,21,3440022,0.6690253150436687,0,105468.23425520718,0.367910092162924,0.8361553031326691,6854577.456063055,1761097.0560424258,16932980.032525025,519987.5930980443,4,2,0.4032,656514.5779457645,0.367910092162924,1.992596982246932,0.5119435445594318,0.8361553031326691,0.3091042453358316,0.8758238801608089,0.1923076923076923,13.614959633655616,0,0,0,0,0,1
APP_0735,37,Self-Employed,5,3692280,0.7217135077700709,2,58922.27465521012,0.1914988288706494,0.3378673170010154,10404094.11147492,3803335.989589151,9785832.646841584,514952.6300437258,3,1,0.63,594197.4704329947,0.19149882887064945,2.8177966219991224,1.0300778894312324,0.4054407804012185,0.1791759469228055,0.851027208931753,0.24390243902439027,40.186924736019726,0,0,0,0,1,0
APP_0736,53,Business,11,4426307,0.8739519258891442,2,88715.60891784205,0.2405136622954767,0.4421353367957625,6866371.420829675,4153936.5178991808,5528707.286603289,493667.36796562345,3,1,0.5599999999999999,1245172.593194896,0.24051366229547672,1.5512641623885726,0.9384655239456234,0.530562404154915,0.24849066497880004,1.0911208211128407,0.24390243902439027,20.70343665779372,0,0,0,0,0,1
APP_0737,64,Self-Employed,26,2235459,0.73212896738114,2,25741.768314900917,0.1381824581791976,0.5346156412357831,4278526.576489415,1627453.8005462082,17432146.301474027,202865.8520145215,3,10,0.6930000000000001,313523.4129144089,0.13818245817919764,1.9139365009554705,0.7280177361992362,0.6415387694829396,0.3295836866004329,0.9734267315175842,0.2,38.238634222711106,0,0,1,0,1,0
APP_0738,58,Self-Employed,27,655889,0.5338636370143078,2,19073.705054063856,0.3489682867814009,0.6199039525213773,874764.8237917247,246167.15217349736,2371164.8736937265,66802.39579533471,2,0,0.8910000000000001,145267.7200135947,0.3489682867814009,1.3337086363572568,0.3753183117471056,0.7438847430256528,0.3332204510175204,0.7117579189220693,0.3333333333333333,9.79474074201432,0,0,0,0,1,0
APP_0739,62,Business,17,644766,0.7806290662439599,1,14432.80621393291,0.2686147758523168,0.8738227694946804,542252.6390735972,1167731.9720761564,4356692.343608926,39339.49710830214,5,4,0.4928,154948.41091991824,0.26861477585231686,0.8410068754766802,1.811094214143048,0.9612050464441485,0.28903717578961646,1.0062598868903994,0.15625,19.74650189070642,0,0,0,0,0,1
APP_0740,25,Self-Employed,20,1883592,0.5458835454796018,0,22902.379385694727,0.1459066255475372,0.8039192504944469,3389630.0431680446,1214862.130531998,3639972.267544899,84288.32094159431,4,7,0.4032,270586.1593924384,0.14590662554753722,1.7995564024311235,0.6449709547141833,0.8039192504944469,0.3044522437723423,0.712079015739268,0.17543859649122806,33.50810626963428,0,0,1,0,1,0
APP_0741,32,Self-Employed,13,4257733,0.8930785065413831,1,125076.66937290216,0.3525162410312779,0.5373753980414362,10875170.376966344,6073131.591542448,37186294.87665558,505867.5652914444,3,2,0.4536,877738.5281608345,0.35251624103127793,2.5542161467067905,1.4263768046381602,0.5911129378455798,0.26390573296152586,1.1287670444023719,0.23809523809523808,22.583884020207524,0,0,0,0,1,0
APP_0742,36,Salaried,27,1309493,0.751232647549022,1,26500.593925860303,0.2428475196968014,0.3320289509859623,2840079.257127678,2522560.888395209,7119290.772296648,163855.71209921723,3,6,0.7,439128.9928742818,0.24284751969680146,2.16883882321454,1.9263645459694774,0.36523184608455855,0.3332204510175204,1.001558729184393,0.2173913043478261,33.7265406234903,0,0,1,1,0,0
APP_0743,31,Self-Employed,14,3763757,0.5592666120170673,2,74373.30743243122,0.2371246839764561,0.5513672673072183,1985566.6555704623,2803889.160293706,25616058.216227487,577056.5447502278,4,7,0.504,411734.5794894836,0.23712468397645614,0.5275491099904862,0.7449708257716177,0.661640720768662,0.270805020110221,0.7107188181313243,0.17543859649122806,10.732918348462203,0,0,1,0,1,0
APP_0744,47,Salaried,15,2222459,0.7830712117458583,1,38397.47949059449,0.2073242988451683,0.7846716574491391,3907114.154898852,1839976.800118406,16348456.300731275,201120.77690043495,0,2,0.8,822074.6031640323,0.2073242988451683,1.7580140533071036,0.8279013471647423,0.8631388231940531,0.2772588722239781,1.0001846527855789,0.8333333333333334,24.945608545412536,0,0,0,1,0,0
APP_0745,47,Business,24,4924025,0.6357164307221226,1,75297.38739792735,0.1835020433030149,0.7100860694554088,6191098.318887195,4476291.842149629,45524778.73767195,602249.7048081869,3,7,0.448,975778.5245900784,0.18350204330301495,1.2573247127882565,0.909071713110642,0.7810946764009497,0.32188758248682003,0.8403456557544166,0.2127659574468085,23.611687225973295,0,0,1,0,0,1
APP_0746,36,Business,23,4452858,0.8101591994133743,2,51514.59130509738,0.1388265908459619,0.3592612897685295,12859793.754823385,3680605.054947719,29198615.40730881,410279.2034927844,0,0,0.8,1926528.9199873768,0.13882659084596197,2.8879864920065685,0.8265713963813172,0.43111354772223537,0.31780538303479455,1.067632154102104,1.0,53.51363691570375,0,0,0,0,0,1
APP_0747,35,Salaried,4,745520,0.849830171318875,3,12245.030209217388,0.1970978142915128,0.2852276562531494,1811135.1970245368,1380019.3088390636,6083774.494041991,40888.523639652856,1,6,1.0,374493.74376925617,0.19709781429151285,2.429358296255683,1.8510828801897516,0.3707959531290942,0.16094379124341002,0.9866050610039713,0.3846153846153846,43.43468943916902,0,0,1,1,0,0
APP_0748,51,Salaried,2,1350605,0.7343421348275652,0,26163.305061780906,0.2324585357979356,0.3994576907547312,2806874.7698623454,341739.55347047973,3466469.748458104,74451.145059048,3,6,0.7,239463.1574845456,0.23245853579793566,2.078235138965386,0.2530270163893068,0.3994576907547312,0.10986122886681098,0.8150178641683989,0.2173913043478261,20.057445060921665,0,0,1,1,0,0
APP_0749,65,Business,18,1875493,0.5782871790304629,3,36143.00948820417,0.2312544562194846,0.3288714660733731,1881085.4489069665,922294.7776847454,15612615.873766745,267727.9271741892,1,1,0.8800000000000001,714379.0293464075,0.23125445621948468,1.0029818553878722,0.49176124767447565,0.427532905895385,0.29444389791664405,0.7485603101394125,0.47619047619047616,12.92725880831183,0,0,0,0,0,1
APP_0750,65,Business,4,1907414,0.5132956767380501,1,58492.01120150185,0.3679873034475065,0.3876488016509155,2899399.794983422,2258083.5124138934,3142819.424852235,123657.09875128104,5,10,0.5544000000000001,434897.1493990864,0.3679873034475065,1.520068425094616,1.1838455167121,0.4264136818160071,0.16094379124341002,0.5959074289811237,0.14285714285714285,14.695691489760486,0,0,1,0,0,1
APP_0751,37,Salaried,19,2286979,0.8502550855698572,2,54419.36266309139,0.285543659105351,0.5469578495825624,1931774.2057789736,733842.2130916776,11086372.527091669,202812.60247150852,0,9,1.0,528881.0975157568,0.28554365910535107,0.8446838409005827,0.3208784221856334,0.6563494194990749,0.2995732273553991,1.1049687456293602,0.5263157894736842,8.16381121358526,0,0,1,1,0,0
APP_0752,58,Self-Employed,4,1189247,0.6994848973470137,0,27793.38378477722,0.280446875558506,0.3647358359249978,1260664.923932735,2251377.212277652,11060544.108417362,86921.34678663571,5,5,0.6930000000000001,187230.91053952687,0.280446875558506,1.060053062091168,1.8931115338341422,0.3647358359249978,0.16094379124341002,0.8120626486435495,0.15384615384615385,21.06042073062233,0,0,0,0,1,0
APP_0753,35,Self-Employed,3,4683071,0.7301423497241688,2,85764.94187183537,0.2197658977329245,0.1453185590859747,10507850.220891971,1871233.6350992536,24533711.50268236,732154.0542780653,2,10,0.9,893492.9068991353,0.2197658977329245,2.2437947707587544,0.3995740476920494,0.17438227090316966,0.13862943611198905,0.831361571947913,0.25,24.05622387931378,0,0,1,0,1,0
APP_0754,46,Self-Employed,9,1882010,0.6338164981842876,0,22236.981442476157,0.1417865884398668,0.537669878105893,4393894.256394426,3507151.365987157,13117657.025190149,285031.2408978829,1,7,0.9,388161.3342000087,0.14178658843986688,2.334681673526935,1.8635136720778087,0.537669878105893,0.23025850929940458,0.7797581402255704,0.37037037037037035,59.21851131054246,0,0,1,0,1,0
APP_0755,61,Business,23,496638,0.6383382290037156,0,15932.657535791528,0.3849723348384504,0.5785181029992663,1008712.316940242,171374.01989154713,2961366.608508653,79457.98334989793,2,0,0.7920000000000001,95039.92218793977,0.3849723348384504,2.0310816267386747,0.34506827889035296,0.5785181029992663,0.31780538303479455,0.8412055543779938,0.3333333333333333,12.34452292072444,0,0,0,0,0,1
APP_0756,56,Business,8,3138174,0.6726062252449768,2,87466.80690775724,0.3344625514369461,0.8011598406521419,3355925.122838934,5887979.391332779,3882499.8396009374,437444.154119306,1,8,0.6336000000000002,881345.879934643,0.3344625514369461,1.06938784236914,1.8762437619242207,0.9613918087825701,0.21972245773362195,0.8203929181427372,0.35714285714285715,17.614119079329452,0,0,1,0,0,1
APP_0757,49,Business,22,351790,0.7209983840053479,0,6336.249080146806,0.2161374369986687,0.401782248589042,286038.15673691634,514460.5166085989,2091709.6794331544,19740.54338767575,0,9,0.8,166893.06616275385,0.21613743699866872,0.8130934840015814,1.4624080178760024,0.401782248589042,0.313549421592915,0.947067010279651,0.5263157894736842,21.05606074982373,0,0,1,0,0,1
APP_0758,48,Self-Employed,7,3078346,0.674609932059254,0,43982.14103243981,0.1714510624826701,0.1735926484383194,1616513.751814806,2904474.463489245,23928357.701739263,439075.4046889094,4,9,0.63,423384.9020295521,0.17145106248267014,0.5251241256878876,0.9435178707946557,0.1735926484383194,0.20794415416798356,0.8148911237746365,0.1694915254237288,17.13190895659792,0,0,1,0,1,0
APP_0759,25,Business,8,677174,0.5306446702976662,1,13067.582699903576,0.2315667648179683,0.3260767820103134,870381.7020823826,869727.6308593365,6103926.104685033,112700.55723046848,1,9,0.6400000000000001,155642.73845731758,0.23156676481796837,1.2853147080106186,1.2843488244665868,0.3586844602113448,0.21972245773362195,0.6472392214387168,0.3448275862068966,22.19371622259511,0,0,1,0,0,1
APP_0760,32,Business,3,840704,0.6000795422147814,1,17408.091710538454,0.2484787755577009,0.6881749022807171,1170592.706061603,1552932.922203642,2507471.645479817,109971.14429842526,2,8,0.6400000000000001,170601.50195200226,0.24847877555770098,1.3923957850344508,1.8471815552247188,0.7569923925087889,0.13862943611198905,0.6832682307743572,0.2631578947368421,26.075284160492693,0,0,1,0,0,1
APP_0761,40,Business,29,2444248,0.6275435796313634,0,23668.31745252492,0.116199260234763,0.8203403020550838,5533176.646739422,3224865.540344414,8598997.943871342,164036.00954211236,1,8,0.6400000000000001,457116.41031189554,0.11619926023476301,2.263754188093607,1.3193692049024541,0.8203403020550838,0.34011973816621555,0.8409835376234723,0.35714285714285715,61.67205171111938,0,0,1,0,0,1
APP_0762,60,Salaried,4,1861916,0.9174732271202944,1,17185.531661150428,0.1107603027922877,0.2880841952463504,2980356.8849465223,2933533.4978949265,17832323.05020461,82534.77590926098,0,4,1.0,579403.9282222561,0.1107603027922877,1.60069352481343,1.5755455659089488,0.3168926147709855,0.16094379124341002,1.0651348466573607,0.7142857142857143,57.35338403107981,0,0,0,1,0,0
APP_0763,49,Self-Employed,27,908781,0.5238880165788307,3,18827.46207490249,0.2486072496001016,0.790218248263527,1328327.1322234962,254411.41449005055,2591453.623245174,58816.321112242455,3,8,0.504,101179.62855437424,0.24860724960010155,1.4616581247005562,0.2799479902089178,1.0272837227425853,0.3332204510175204,0.6984582177459029,0.20833333333333334,14.010903686122939,0,0,1,0,1,0
APP_0764,44,Salaried,18,1758797,0.9811671667381944,2,55227.63354506464,0.3768096048269218,0.8259596661480232,4442033.913530023,2222636.66754869,13745473.340290211,148239.703516081,4,6,0.504,484255.99060112826,0.37680960482692183,2.52560921671462,1.2637255280448454,0.9911515993776278,0.29444389791664405,1.270065851820418,0.17857142857142858,20.11272906113952,0,0,1,1,0,0
APP_0765,28,Salaried,18,1927853,0.9857420780985736,2,57442.6659000821,0.3575542278384219,0.8503808589861475,3197838.3906355016,2372578.9895170066,11788295.733971572,205375.67285845263,1,6,0.5760000000000001,429667.1562367696,0.35755422783842195,1.6587563422291542,1.2306845955148067,1.020457030783377,0.29444389791664405,1.2759878179143704,0.3846153846153846,16.162252955094093,0,0,1,1,0,0
APP_0766,40,Salaried,30,363683,0.784210039227282,2,3808.3992800710967,0.125661060211374,0.2999460921963405,675363.473630199,293695.2018465644,1655270.7463779058,43136.46711556951,2,4,1.0,168636.88942150597,0.12566106021137408,1.8570113907721806,0.8075582357343193,0.3599353106356086,0.3433987204485146,1.0535067632608102,0.29411764705882354,42.40883567311044,0,0,0,1,0,0
APP_0767,63,Salaried,4,1587211,0.870532322661824,2,46399.46014947645,0.350799938882554,0.7780741344617866,2554650.56963797,366772.7747092733,1713928.0819411883,73475.38907958823,2,7,0.7920000000000001,572089.5932351733,0.350799938882554,1.6095217142761549,0.23108003580448555,0.9336889613541439,0.16094379124341002,1.0106390950709494,0.27027027027027023,10.493740426202663,0,0,1,1,0,0
APP_0768,60,Salaried,14,545722,0.8738710968319348,0,8319.245447101717,0.1829337013446784,0.5882628175702564,701288.9707544877,172054.2925563332,1428828.5433431908,74989.71760076996,2,4,1.0,298849.4542205798,0.18293370134467843,1.2850663355233758,0.3152782782375151,0.5882628175702564,0.270805020110221,1.1105197767832478,0.29411764705882354,17.49644381540794,0,0,0,1,0,0
APP_0769,33,Salaried,21,1031886,0.7440705356104057,0,14601.33619101342,0.1698017361337987,0.6236806633383141,991269.6599406204,1147554.7808825667,5121023.126622707,83926.87025315255,4,3,0.5599999999999999,129627.66811037176,0.16980173613379876,0.9606387332909065,1.1120945345537847,0.6236806633383141,0.3091042453358316,0.9740658969968883,0.18867924528301888,24.413569790728626,0,0,0,1,0,0
APP_0770,41,Self-Employed,1,3163989,0.7161765418002585,0,73872.19599348404,0.2801736516535956,0.379783720428726,2194852.3884551683,3160391.0108126663,17716185.801967107,225557.62944097293,2,9,0.9,992509.7170242728,0.28017365165359565,0.6936978568683925,0.9988628313223169,0.379783720428726,0.06931471805599453,0.7658181168734606,0.25641025641025644,12.082225992352608,0,0,1,0,1,0
APP_0771,51,Salaried,21,2088767,0.9627559414872924,1,18695.92339147691,0.1074083804932397,0.5855733918438223,2925772.208915045,4083911.060477288,18958756.40300055,184868.6577222642,2,9,1.0,443785.6240643148,0.10740838049323975,1.4007173652758038,1.9551778922576275,0.6441307310282046,0.3091042453358316,1.26034789022331,0.25641025641025644,62.48851797452901,0,0,1,1,0,0
APP_0772,48,Salaried,10,929410,0.9735617978674788,0,10213.412822519023,0.1318696311318237,0.2691837180139673,1192214.0745050278,1383317.4370970528,7136373.149813392,129745.691931868,5,5,0.7,374722.4551758223,0.13186963113182373,1.2827644145264498,1.4883823469696398,0.2691837180139673,0.23978952727983707,1.2070117211558298,0.15384615384615385,42.02858137558461,0,0,0,1,0,0
APP_0773,49,Business,2,1458917,0.6524358652907962,0,46995.82643027424,0.3865538047492016,0.8669001337022654,4348737.684200448,1776558.6720383512,14560453.7204871,175737.07665301565,5,6,0.4032,244462.9305994403,0.3865538047492016,2.98079855413327,1.2177242927722078,0.8669001337022654,0.10986122886681098,0.7241132712084243,0.15151515151515152,21.722838038702037,0,0,1,0,0,1
APP_0774,32,Business,26,631438,0.7428408040771757,3,10265.172159367588,0.1950818067845315,0.256018876051956,1223795.885441664,1161798.6498850116,2499332.967762572,89375.25684281056,2,3,0.6400000000000001,154506.70343920714,0.19508180678453158,1.938109340017015,1.8399251389447762,0.3328245388675428,0.3295836866004329,0.9876690148421612,0.30303030303030304,38.732822309100726,0,0,0,0,0,1
APP_0775,32,Business,8,3932993,0.7931193320679919,3,68356.84337870272,0.2085643479519116,0.3815876874950953,6938226.802990504,7261657.718904626,27058871.278842065,461414.7649154296,3,6,0.448,514331.5903845034,0.2085643479519116,1.764108607106726,1.846343921513368,0.4960639937436239,0.21972245773362195,0.9673854609860196,0.2173913043478261,34.62195302384616,0,0,1,0,0,1
APP_0776,33,Business,8,3619342,0.7696420508168798,1,84953.10472474307,0.2816636992848194,0.7366847591810536,4900333.929263562,1492382.2538186184,16925943.760589108,379288.61524113873,1,9,0.5120000000000001,736942.2161147087,0.28166369928481944,1.353929506872675,0.4123352404438758,0.810353235099159,0.21972245773362195,0.9387496937975097,0.3448275862068966,12.541656960420003,0,0,1,0,0,1
APP_0777,37,Salaried,29,2204504,0.70465367548191,0,41442.41205242631,0.2255876807794931,0.7124076459084676,5022862.469425035,2305356.715236314,4208306.278232477,331445.00721794856,3,0,0.5599999999999999,587655.5804454706,0.22558768077949315,2.2784546861448356,1.0457484836663096,0.7124076459084676,0.34011973816621555,0.9443202990846787,0.25,29.471495591645173,0,0,0,1,0,0
APP_0778,29,Salaried,17,1927868,0.9712781177960904,2,22208.380066885864,0.1382358962349239,0.6575429591950225,2127570.5794614367,1403691.1110792772,7771765.376978332,279070.6812121692,2,9,0.8,684012.1568046868,0.13823589623492397,1.103587268143585,0.7281054050792259,0.7890515510340269,0.28903717578961646,1.2520136018701267,0.25641025641025644,26.50097005353739,0,0,1,1,0,0
APP_0779,31,Business,2,818681,0.7954993692658059,2,26264.358729017607,0.3849757167299733,0.8285393798880263,1700465.9262961787,1255247.1157970198,4028902.187744464,111646.94575942958,5,2,0.32256,130287.97834187516,0.3849757167299733,2.0770799936680815,1.5332554631132513,0.9942472558656315,0.10986122886681098,0.8828939075361204,0.16129032258064516,18.756172401978624,0,0,0,0,0,1
APP_0780,62,Business,3,1477219,0.8582396686309092,2,37197.86731321471,0.3021721273274826,0.4628217242918884,1921998.103116574,765347.269985985,11083276.750302702,113124.12366884298,0,3,0.7920000000000001,373145.54182914016,0.3021721273274826,1.3010921895240815,0.5181000718146632,0.555386069150266,0.13862943611198905,0.9772169499421525,0.7692307692307692,12.04076813720925,0,0,0,0,0,1
APP_0781,46,Salaried,19,2471297,0.969190487694428,3,38218.02325124316,0.1855771600964667,0.4072541971121924,5914432.869300612,4735807.241178931,3403988.862004067,394908.9334694889,5,3,0.7,643897.7744307601,0.18557716009646671,2.393250535771545,1.9163246024977696,0.5294304562458502,0.2995732273553991,1.2595340100152008,0.15873015873015872,46.44510279205816,0,0,0,1,0,0
APP_0782,42,Business,29,2837104,0.5397866140226889,2,35387.61457579739,0.1496777611640492,0.3302745298972636,4870142.408327364,1709468.795603896,7160529.74952292,451290.4063652617,2,9,0.8,1137990.8352387235,0.1496777611640492,1.7165893137253214,0.6025400533797478,0.39632943587671626,0.34011973816621555,0.7233786958497139,0.25641025641025644,30.988295777129732,0,0,1,0,0,1
APP_0783,39,Business,9,1382819,0.5383904046024177,1,12468.998469019964,0.1082050374114324,0.8220330419525208,4009679.715681103,1620240.1028598207,11326570.89060017,58769.53786921126,0,5,0.6400000000000001,248913.06239420184,0.10820503741143242,2.8996417576567164,1.1716935498136927,0.9042363461477729,0.23025850929940458,0.6623593765872736,0.6666666666666666,75.25223233350597,0,0,0,0,0,1
APP_0784,61,Self-Employed,24,3931459,0.7083575580304227,3,61750.9266779205,0.1884824743524085,0.1876919014230424,8907921.425167533,6764230.203110684,19655901.56681349,376240.27334702347,2,1,0.99,2124336.702448725,0.18848247435240859,2.2658054999855097,1.720539423941769,0.24399947184995513,0.32188758248682003,0.9363690599211026,0.3225806451612903,42.299369611139,0,0,0,0,1,0
APP_0785,42,Business,22,1176959,0.8873758296779428,0,31707.59525925364,0.3232832605987495,0.277953420444498,807247.7242056314,567422.4606261109,4729061.839632798,115753.53390297,5,8,0.504,278105.55539554125,0.3232832605987496,0.6858758242263592,0.482108944004091,0.277953420444498,0.313549421592915,1.1656120078089947,0.14705882352941177,7.2257670630223005,0,0,1,0,0,1
APP_0786,29,Business,23,2840817,0.8569090036294758,0,54452.13806372886,0.2300132872919115,0.8458944005078297,7060832.183416076,2191829.395354916,24353981.44401832,353136.194566964,5,0,0.3584,590193.3950504768,0.23001328729191156,2.4854934983197,0.771548957695943,0.8458944005078297,0.31780538303479455,1.1292392977539054,0.16666666666666666,28.32047221586905,0,0,0,0,0,1
APP_0787,65,Salaried,8,874093,0.875903011954298,1,21998.31960533796,0.3020042893193922,0.312228837431165,767963.0456733725,1455333.3193976632,6644895.338849318,67297.84123490663,1,10,0.99,476242.6860498076,0.3020042893193922,0.8785827659910015,1.6649639333545323,0.3434517211742815,0.21972245773362195,1.0683585744771784,0.3333333333333333,16.84444088577525,0,0,1,1,0,0
APP_0788,58,Business,24,1996748,0.501279084188696,0,41134.231071023256,0.2472073455700364,0.5889737499269663,4542554.328059473,538848.2332702955,14360282.026375776,236293.05062099645,5,9,0.616,361479.2172932061,0.2472073455700364,2.274976275453624,0.2698629137328774,0.5889737499269663,0.32188758248682003,0.6626345967494025,0.14492753623188406,20.588702033253476,0,0,1,0,0,1
APP_0789,47,Self-Employed,17,1710489,0.8511558601263183,1,51672.69272431901,0.3625117219063251,0.6343806414905784,2951542.7425662978,2281876.98980762,10913910.135905225,187458.1871830292,2,1,0.81,398430.17443474114,0.3625117219063251,1.725554939298819,1.3340494968442476,0.6978187056396363,0.28903717578961646,1.097171546094011,0.3225806451612903,16.88003036179715,0,0,0,0,1,0
APP_0790,43,Self-Employed,15,2929628,0.5989585031939095,3,32896.24447116283,0.1347457539503151,0.4717887458581657,3800503.534281304,1184639.987563764,21306356.024048436,380174.9451421268,3,7,0.63,812874.5517600607,0.13474575395031518,1.297264886286349,0.4043653281453359,0.6133253696156155,0.2772588722239781,0.7650250622984149,0.2127659574468085,25.256902938242153,0,0,1,0,1,0
APP_0791,40,Salaried,10,1423754,0.8522462208906698,3,14028.838822413874,0.1182409783354192,0.7174389262389661,1643030.8130373943,1098729.5343776306,6438792.983645231,137976.86855769204,3,4,0.5599999999999999,450433.9008914965,0.11824097833541924,1.1540131322106166,0.7717130447939957,0.9326706041106559,0.23978952727983707,1.0566059393240712,0.22727272727272727,32.57290668793052,0,0,0,1,0,0
APP_0792,42,Self-Employed,24,2036670,0.6359366227277106,0,32680.609615942,0.1925531948677517,0.4278492344695928,3933347.9431497855,1017852.8337328676,5816337.24495114,244049.03338139548,4,9,0.63,425827.8036885827,0.1925531948677518,1.9312642417032635,0.499763257539448,0.4278492344695928,0.32188758248682003,0.8406367248323662,0.1694915254237288,25.250450930324735,0,0,1,0,1,0
APP_0793,63,Business,1,377148,0.8209651511287335,0,10501.373585892414,0.3341300577776071,0.366630464269093,521124.8468301769,595450.0475760734,592568.5355315745,18034.677199739435,1,5,0.7920000000000001,123718.77739751466,0.3341300577776071,1.3817515851341566,1.5788232937098259,0.366630464269093,0.06931471805599453,0.8778701191130186,0.4,17.72109278964962,0,0,0,0,0,1
APP_0794,35,Business,13,2123796,0.6160749936142128,1,66049.37139466716,0.373196134061843,0.365201690276833,2206704.2057659677,3228173.804477352,20091373.86269008,98068.48528471516,0,8,0.7200000000000001,368533.76171056565,0.37319613406184304,1.039037744569614,1.5200018290256465,0.40172185930451637,0.26390573296152586,0.7786607163632391,0.5555555555555556,13.71418050740685,0,0,1,0,0,1
APP_0795,50,Self-Employed,2,1516554,0.6132358887835336,0,21358.33413768784,0.1690015717556078,0.7179293077473047,1695919.6425845209,1047066.556985278,3204153.26450806,211822.2051089817,5,6,0.504,192979.2929394363,0.16900157175560784,1.11827184695337,0.6904248427588322,0.7179293077473047,0.10986122886681098,0.6806067371105237,0.15151515151515152,21.40449548395618,0,0,1,0,1,0
APP_0796,42,Salaried,3,609918,0.8513528989004631,3,5389.959902283415,0.1060462534757147,0.6941215862646789,1130937.3312780082,1130882.0312968954,1134453.6217394755,70257.15011678376,3,3,0.7,227384.79848681783,0.10604625347571474,1.8542448841942822,1.8541542162993965,0.9023580621440827,0.13862943611198905,0.9693754712073415,0.23255813953488372,69.93927609791373,0,0,0,1,0,0
APP_0797,44,Self-Employed,14,4497950,0.7973933429224251,2,68299.46736507452,0.1822149219935513,0.2621333545427275,5220657.612785952,6211179.913457285,23580966.96557381,351161.69623570365,0,3,0.9,2375273.291999517,0.18221492199355135,1.1606748880681093,1.3808912756827632,0.314560025451273,0.270805020110221,1.0133314631882888,0.7692307692307692,27.896355972874925,0,0,0,0,1,0
APP_0798,60,Self-Employed,16,2585912,0.8630663028445228,1,46271.124286407874,0.2147225007799548,0.8945231646122628,5996454.874016623,4945875.520312669,20336396.654474247,338726.0486212733,3,3,0.5544000000000001,618111.9813730746,0.2147225007799548,2.3188936336644956,1.912623291246055,0.9839754810734891,0.2833213344056216,1.1075913994469593,0.23255813953488372,39.41381932065853,0,0,0,0,1,0
APP_0799,26,Self-Employed,25,2147126,0.6788341145808149,3,48121.74224424874,0.2689459803155403,0.6142548520005334,2858015.128544058,3558701.204856153,21003952.731681056,115065.11799290308,1,3,0.7200000000000001,843971.6364972718,0.2689459803155403,1.3310886871772118,1.6574254165131217,0.7985313076006935,0.3258096538021482,0.900004822441478,0.4347826086956522,22.22389864450895,0,0,0,0,1,0
